Veg_Pot,Annee,PlacetteID,origTreeID,Espece,Etat,Nombre,DHPcm,Type_Eco,reg_eco,Altitude,PTot,TMoy,Cl_Drai,hauteur_pred,milieu,sdom_bio,GrEspece,vol_dm3
FC1,2025,FC12,1,CHR,vivant,1,15,FC12,3c,250,1312,2,30,12.9019785831773,2,3E,CHX,81.7232917267617
FC1,2035,FC12,1,CHR,vivant,0.830934314856701,20.6,FC12,3c,250,1312,2,30,14.7056535729386,2,3E,CHX,193.844208740901
FC1,2045,FC12,1,CHR,vivant,0.707609241071869,26.2,FC12,3c,250,1312,2,30,15.9886133762441,2,3E,CHX,351.239846059185
FC1,2055,FC12,1,CHR,vivant,0.615556021125756,31.9,FC12,3c,250,1312,2,30,16.9227409161284,2,3E,CHX,557.947781083502
FC1,2025,FC12,2,ERR,vivant,1,15,FC12,3c,250,1312,2,30,11.984111149464,2,3E,ERR,70.9748325576155
FC1,2035,FC12,2,ERR,vivant,0.409191682010829,17.8,FC12,3c,250,1312,2,30,12.7967524822359,2,3E,ERR,114.441250518525
FC1,2045,FC12,2,ERR,vivant,0.17638483830739,20.6,FC12,3c,250,1312,2,30,13.4740416910751,2,3E,ERR,167.145764554464
FC1,2055,FC12,2,ERR,vivant,0.0798520974047613,23.4,FC12,3c,250,1312,2,30,14.0428627951701,2,3E,ERR,229.247935759779
FC1,2035,FC12,3,CHX,vivant,1.37705282632413,10.8806840163138,FC12,3c,250,1312,2,30,11.0735176872858,2,3E,CHX,26.8380977699626
FC1,2045,FC12,3,CHX,vivant,1.12111332798731,16.1806840163138,FC12,3c,250,1312,2,30,13.3373776211763,2,3E,CHX,101.669869563847
FC1,2055,FC12,3,CHX,vivant,0.936680609356812,21.5806840163138,FC12,3c,250,1312,2,30,14.9622290487478,2,3E,CHX,218.112502632506
FC1,2035,FC12,4,ERR,vivant,0.571078622763117,10.8280159034342,FC12,3c,250,1312,2,30,10.431521814335,2,3E,ERR,22.5769945686726
FC1,2045,FC12,4,ERR,vivant,0.214939940946395,13.5280159034342,FC12,3c,250,1312,2,30,11.4900134678927,2,3E,ERR,51.7273642213788
FC1,2055,FC12,4,ERR,vivant,0.0854679701462396,16.2280159034342,FC12,3c,250,1312,2,30,12.3593379572389,2,3E,ERR,88.9171948859808
FC1,2035,FC12,5,,vivant,1.10332864913426,10.8768011042952,FC12,3c,250,1312,2,30,10.4580806240454,2,3E,FEU,26.014647868367
FC1,2045,FC12,5,,vivant,0.0430815044642201,13.5768011042952,FC12,3c,250,1312,2,30,11.455656763511,2,3E,FEU,57.1555240950606
FC1,2055,FC12,5,,vivant,0.00317163755326302,16.2768011042952,FC12,3c,250,1312,2,30,12.2714023992052,2,3E,FEU,96.7213868892694
FC1,2035,FC12,6,,vivant,0.823612317608909,10.9043278747704,FC12,3c,250,1312,2,30,6.63385075361488,2,3E,RES,16.3947996803919
FC1,2045,FC12,6,,vivant,0.0395857635707145,16.7043278747704,FC12,3c,250,1312,2,30,9.33322340478811,2,3E,RES,76.4492622431774
FC1,2055,FC12,6,,vivant,0.00493556627904553,22.6043278747704,FC12,3c,250,1312,2,30,11.4820240753625,2,3E,RES,182.220163147612
FC1,2045,FC12,7,CHX,vivant,1.42854933709835,10.8254287920129,FC12,3c,250,1312,2,30,11.0450644448241,2,3E,CHX,26.2505012281484
FC1,2055,FC12,7,CHX,vivant,1.16270299852496,16.0254287920129,FC12,3c,250,1312,2,30,13.2820271046169,2,3E,CHX,98.9362186388791
FC1,2045,FC12,8,ERR,vivant,0.550235438952191,10.7204633819763,FC12,3c,250,1312,2,30,10.3845613085809,2,3E,ERR,21.5738219414662
FC1,2055,FC12,8,ERR,vivant,0.206628502721915,13.4204633819763,FC12,3c,250,1312,2,30,11.4518317126295,2,3E,ERR,50.4159041910067
FC1,2045,FC12,9,,vivant,1.23141206111013,10.8175729315081,FC12,3c,250,1312,2,30,10.4336945354805,2,3E,FEU,25.4213650714345
FC1,2055,FC12,9,,vivant,0.047342456462061,13.4175729315081,FC12,3c,250,1312,2,30,11.4024042739582,2,3E,FEU,55.0904448941972
FC1,2045,FC12,10,,vivant,0.920171926106441,10.8736685591075,FC12,3c,250,1312,2,30,6.61757103782404,2,3E,RES,16.182218236328
FC1,2055,FC12,10,,vivant,0.0439598195593853,16.5736685591075,FC12,3c,250,1312,2,30,9.27968481747122,2,3E,RES,74.6370614895202
FC1,2055,FC12,11,CHX,vivant,1.43215575776892,10.7756989151917,FC12,3c,250,1312,2,30,11.0193528748891,2,3E,CHX,25.7248725118408
FC1,2055,FC12,12,ERR,vivant,0.525770689260769,10.6266744646802,FC12,3c,250,1312,2,30,10.3432733512757,2,3E,ERR,20.7085406834147
FC1,2055,FC12,13,,vivant,1.21924897642294,10.7643896041412,FC12,3c,250,1312,2,30,10.4116944943886,2,3E,FEU,24.8918051080455
FC1,2055,FC12,14,,vivant,0.911994361425375,10.8456897327384,FC12,3c,250,1312,2,30,6.60269347911447,2,3E,RES,15.9891215791353
FE1,2025,FE12,1,ERS,vivant,1,15,FE12,3c,250,1312,2,30,13.4524889280893,2,3E,ERS,82.7012652393445
FE1,2035,FE12,1,ERS,vivant,0.880583928129696,20,FE12,3c,250,1312,2,30,14.9547078136132,2,3E,ERS,179.837371600655
FE1,2045,FE12,1,ERS,vivant,0.775428054480325,24.4,FE12,3c,250,1312,2,30,15.8944840673314,2,3E,ERS,292.994049581963
FE1,2055,FE12,1,ERS,vivant,0.682829482196252,28.2,FE12,3c,250,1312,2,30,16.4939598475527,2,3E,ERS,411.210013856483
FE1,2025,FE12,2,OSV,vivant,1,15,FE12,3c,250,1312,2,30,15.3206895170879,2,3E,OSV,94.8550990440143
FE1,2035,FE12,2,OSV,vivant,0.843620676982661,18.1,FE12,3c,250,1312,2,30,16.4836118551778,2,3E,OSV,159.626629906023
FE1,2045,FE12,2,OSV,vivant,0.711695846632684,20.8,FE12,3c,250,1312,2,30,17.3727748078315,2,3E,OSV,229.090144902005
FE1,2055,FE12,2,OSV,vivant,0.600401331942013,23,FE12,3c,250,1312,2,30,18.030558861546,2,3E,OSV,295.136154113615
FE1,2035,FE12,3,ERS,vivant,4.11006824647587,11.6922891205546,FE12,3c,250,1312,2,30,12.0976365070642,2,3E,ERS,36.4741551745848
FE1,2045,FE12,3,ERS,vivant,3.61926004136285,15.7922891205546,FE12,3c,250,1312,2,30,13.7288432720327,2,3E,ERS,95.8741144556753
FE1,2055,FE12,3,ERS,vivant,3.18706222414615,19.2922891205546,FE12,3c,250,1312,2,30,14.7737705818906,2,3E,ERS,164.055455895252
FE1,2035,FE12,4,,vivant,6.5583670432474,11.6544510074707,FE12,3c,250,1312,2,30,13.1074645306732,2,3E,F0R,41.5762077346606
FE1,2045,FE12,4,,vivant,5.40479567719273,15.4544510074707,FE12,3c,250,1312,2,30,14.6066227382956,2,3E,F0R,101.609789582154
FE1,2055,FE12,4,,vivant,4.45412952943495,18.6544510074707,FE12,3c,250,1312,2,30,15.5916157265619,2,3E,F0R,168.174101174207
FE1,2035,FE12,5,,vivant,6.44316337626663,11.4527711605795,FE12,3c,250,1312,2,30,14.059994176775,2,3E,F_1,44.1828079358559
FE1,2045,FE12,5,,vivant,4.40176124157934,16.5527711605795,FE12,3c,250,1312,2,30,16.6778404898374,2,3E,F_1,142.028588701027
FE1,2055,FE12,5,,vivant,3.00714119701507,21.0527711605795,FE12,3c,250,1312,2,30,18.3400902493933,2,3E,F_1,267.385567293957
FE1,2035,FE12,6,OSV,vivant,2.82149273827228,10.0977491416826,FE12,3c,250,1312,2,30,13.0200211309218,2,3E,OSV,22.1941710314463
FE1,2045,FE12,6,OSV,vivant,2.38026961396292,12.4977491416826,FE12,3c,250,1312,2,30,14.2341707428006,2,3E,OSV,53.4950111830985
FE1,2055,FE12,6,OSV,vivant,2.00804466313266,14.4977491416826,FE12,3c,250,1312,2,30,15.1146697990496,2,3E,OSV,85.7976343355584
FE1,2045,FE12,7,ERS,vivant,3.03934433335304,11.3992122550652,FE12,3c,250,1312,2,30,11.9593647943476,2,3E,ERS,33.0413978769568
FE1,2055,FE12,7,ERS,vivant,2.67639777200275,14.7992122550652,FE12,3c,250,1312,2,30,13.3797945056768,2,3E,ERS,79.4938559571624
FE1,2045,FE12,8,,vivant,5.02926922451236,11.3656520118728,FE12,3c,250,1312,2,30,12.9745514336519,2,3E,F0R,37.8157880760489
FE1,2055,FE12,8,,vivant,4.14465558039635,14.4656520118728,FE12,3c,250,1312,2,30,14.2560594668235,2,3E,F0R,84.049742932347
FE1,2045,FE12,9,,vivant,3.91696693306816,11.1867735172268,FE12,3c,250,1312,2,30,13.8945956207633,2,3E,F_1,40.3056238531923
FE1,2055,FE12,9,,vivant,2.67594537398144,15.4867735172268,FE12,3c,250,1312,2,30,16.2058173624512,2,3E,F_1,117.774786783136
FE1,2045,FE12,10,OSV,vivant,2.44897901701819,9.98494644977974,FE12,3c,250,1312,2,30,12.9577398894904,2,3E,OSV,20.9091516819939
FE1,2055,FE12,10,OSV,vivant,2.06600933625322,11.8849464497797,FE12,3c,250,1312,2,30,13.9424744631453,2,3E,OSV,44.7583047616048
FE1,2055,FE12,11,ERS,vivant,1.95955632952598,11.1092523205085,FE12,3c,250,1312,2,30,11.8191979762612,2,3E,ERS,29.7477943954231
FE1,2055,FE12,12,,vivant,3.46689380542333,11.0799244512078,FE12,3c,250,1312,2,30,12.8399099875234,2,3E,F0R,34.2018718355845
FE1,2055,FE12,13,,vivant,1.89266621877466,10.923604811877,FE12,3c,250,1312,2,30,13.7275364405179,2,3E,F_1,36.583539893504
FE1,2055,FE12,14,OSV,vivant,1.92648416100064,9.87334343700916,FE12,3c,250,1312,2,30,12.8955951777195,2,3E,OSV,19.6533768721501
FE2,2025,FE22,1,BOJ,vivant,1,15,FE22,3c,250,1312,2,30,15.5576147546322,2,3E,BOJ,100.532628098218
FE2,2035,FE22,1,BOJ,vivant,0.890465657269315,19.5,FE22,3c,250,1312,2,30,17.0995405103025,2,3E,BOJ,203.533553158635
FE2,2045,FE22,1,BOJ,vivant,0.790916561624278,23.3,FE22,3c,250,1312,2,30,18.1231907250138,2,3E,BOJ,316.770064478695
FE2,2055,FE22,1,BOJ,vivant,0.700383297909506,26.6,FE22,3c,250,1312,2,30,18.8594687666914,2,3E,BOJ,435.160732354475
FE2,2025,FE22,2,BOP,vivant,1,15,FE22,3c,250,1312,2,30,17.4654149746951,2,3E,BOP,116.758099497771
FE2,2035,FE22,2,BOP,vivant,0.810890148130845,18.8,FE22,3c,250,1312,2,30,19.0733085377101,2,3E,BOP,216.019833295232
FE2,2045,FE22,2,BOP,vivant,0.645094535344414,21.9,FE22,3c,250,1312,2,30,20.1569090218242,2,3E,BOP,318.339863285405
FE2,2055,FE22,2,BOP,vivant,0.508258770419385,24.7,FE22,3c,250,1312,2,30,20.9999459757766,2,3E,BOP,427.795186157379
FE2,2025,FE22,3,CET,vivant,1,15,FE22,3c,250,1312,2,30,18.1648859663268,2,3E,CET,113.602622097676
FE2,2035,FE22,3,CET,vivant,0.862154662731362,19,FE22,3c,250,1312,2,30,20.1366760141076,2,3E,CET,219.559297067236
FE2,2045,FE22,3,CET,vivant,0.734481237602958,22.1,FE22,3c,250,1312,2,30,21.4586515188645,2,3E,CET,325.463639757077
FE2,2055,FE22,3,CET,vivant,0.616797783663528,24.8,FE22,3c,250,1312,2,30,22.4986362814305,2,3E,CET,435.706144437048
FE2,2025,FE22,4,EPB,vivant,1,15,FE22,3c,250,1312,2,30,12.9009814516235,2,3E,EPX,92.9370926542776
FE2,2035,FE22,4,EPB,vivant,0.866666902656747,18.9,FE22,3c,250,1312,2,30,15.1155727023679,2,3E,EPX,181.771012145105
FE2,2045,FE22,4,EPB,vivant,0.728727211943697,22.2,FE22,3c,250,1312,2,30,16.7301049728501,2,3E,EPX,280.012552486106
FE2,2055,FE22,4,EPB,vivant,0.604806195568879,25.1,FE22,3c,250,1312,2,30,17.9905476582322,2,3E,EPX,383.926367999117
FE2,2025,FE22,5,ERP,vivant,1,15,FE22,3c,250,1312,2,30,14.8596793730269,2,3E,ERP,91.3521870762737
FE2,2035,FE22,5,ERP,vivant,0.417775501646721,18,FE22,3c,250,1312,2,30,15.9862124951356,2,3E,ERP,151.864849049931
FE2,2045,FE22,5,ERP,vivant,0.113998148780898,20,FE22,3c,250,1312,2,30,16.6260742378617,2,3E,ERP,199.936336318964
FE2,2055,FE22,5,ERP,vivant,0.0255489464769447,21.5,FE22,3c,250,1312,2,30,17.0570451921413,2,3E,ERP,240.116246956148
FE2,2025,FE22,6,ERR,vivant,1,15,FE22,3c,250,1312,2,30,16.1696413570451,2,3E,ERR,95.7632630004691
FE2,2035,FE22,6,ERR,vivant,0.900216169900911,19.1,FE22,3c,250,1312,2,30,17.7084408303358,2,3E,ERR,185.836717422092
FE2,2045,FE22,6,ERR,vivant,0.810821423032571,22.7,FE22,3c,250,1312,2,30,18.7919938019477,2,3E,ERR,287.543748071086
FE2,2055,FE22,6,ERR,vivant,0.731196036884508,26,FE22,3c,250,1312,2,30,19.6204645785687,2,3E,ERR,399.922531062881
FE2,2025,FE22,7,ERS,vivant,1,15,FE22,3c,250,1312,2,30,14.8596793730269,2,3E,ERS,91.3521870762737
FE2,2035,FE22,7,ERS,vivant,0.922224382833393,18.7,FE22,3c,250,1312,2,30,16.2192652587383,2,3E,ERS,167.978541229991
FE2,2045,FE22,7,ERS,vivant,0.846401079763575,21.8,FE22,3c,250,1312,2,30,17.1386626533601,2,3E,ERS,248.579093639729
FE2,2055,FE22,7,ERS,vivant,0.779108765417991,24.7,FE22,3c,250,1312,2,30,17.8569742073187,2,3E,ERS,337.746027819327
FE2,2025,FE22,8,FRA,vivant,1,15,FE22,3c,250,1312,2,30,19.9911747224834,2,3E,FRA,114.803793051605
FE2,2035,FE22,8,FRA,vivant,0.920522298395937,21.1,FE22,3c,250,1312,2,30,23.0254564422726,2,3E,FRA,292.780921925948
FE2,2045,FE22,8,FRA,vivant,0.873138326112102,26.7,FE22,3c,250,1312,2,30,25.2534584443431,2,3E,FRA,529.707462755457
FE2,2055,FE22,8,FRA,vivant,0.836743501643711,32,FE22,3c,250,1312,2,30,27.0406882529607,2,3E,FRA,824.479284511611
FE2,2025,FE22,9,HEG,vivant,1,15,FE22,3c,250,1312,2,30,15.1616579988677,2,3E,HEG,101.868296150251
FE2,2035,FE22,9,HEG,vivant,0.957625927590893,19.7,FE22,3c,250,1312,2,30,17.2300750369312,2,3E,HEG,217.384276119908
FE2,2045,FE22,9,HEG,vivant,0.908951391433295,23.9,FE22,3c,250,1312,2,30,18.6705516364944,2,3E,HEG,356.526008188122
FE2,2055,FE22,9,HEG,vivant,0.856090384620533,27.8,FE22,3c,250,1312,2,30,19.7498783691627,2,3E,HEG,516.782860213566
FE2,2025,FE22,10,OSV,vivant,1,15,FE22,3c,250,1312,2,30,16.2383369797408,2,3E,OSV,100.536536609885
FE2,2035,FE22,10,OSV,vivant,0.863229354677806,17.2,FE22,3c,250,1312,2,30,17.1237739473298,2,3E,OSV,147.484968725997
FE2,2045,FE22,10,OSV,vivant,0.711547771064751,18.8,FE22,3c,250,1312,2,30,17.7120639509633,2,3E,OSV,186.863869999055
FE2,2055,FE22,10,OSV,vivant,0.581980889396236,20.2,FE22,3c,250,1312,2,30,18.1943910304081,2,3E,OSV,225.07089830408
FE2,2025,FE22,11,PET,vivant,1,15,FE22,3c,250,1312,2,30,17.9456901356075,2,3E,PEU,120.600625254715
FE2,2035,FE22,11,PET,vivant,0.775436414591232,20.8,FE22,3c,250,1312,2,30,20.6163694483984,2,3E,PEU,292.833372776429
FE2,2045,FE22,11,PET,vivant,0.623571383049983,26.3,FE22,3c,250,1312,2,30,22.4609211606295,2,3E,PEU,524.017960112226
FE2,2055,FE22,11,PET,vivant,0.503821365020666,31.7,FE22,3c,250,1312,2,30,23.8205169399564,2,3E,PEU,816.408324253025
FE2,2025,FE22,12,PRP,vivant,1,15,FE22,3c,250,1312,2,30,17.4654149746951,2,3E,PRP,
FE2,2035,FE22,12,PRP,vivant,0.438967516093177,17.7,FE22,3c,250,1312,2,30,18.6434460423859,2,3E,PRP,
FE2,2045,FE22,12,PRP,vivant,0.140262850995907,19.9,FE22,3c,250,1312,2,30,19.4781353412406,2,3E,PRP,
FE2,2055,FE22,12,PRP,vivant,0.0396692509293394,21.9,FE22,3c,250,1312,2,30,20.1569090218242,2,3E,PRP,
FE2,2025,FE22,13,PRU,vivant,1,15,FE22,3c,250,1312,2,30,10.3117552472437,2,3E,PRU,65.3030418780371
FE2,2035,FE22,13,PRU,vivant,0.946588192654272,18.8,FE22,3c,250,1312,2,30,12.0198598382482,2,3E,PRU,128.545133652564
FE2,2045,FE22,13,PRU,vivant,0.889251682733829,22.2,FE22,3c,250,1312,2,30,13.3473042725185,2,3E,PRU,203.959772926154
FE2,2055,FE22,13,PRU,vivant,0.83581917709505,25.5,FE22,3c,250,1312,2,30,14.490496366878,2,3E,PRU,295.031518943774
FE2,2025,FE22,14,SAB,vivant,1,15,FE22,3c,250,1312,2,30,14.1092781658588,2,3E,SAB,98.9098375256518
FE2,2035,FE22,14,SAB,vivant,0.785488867490503,19.8,FE22,3c,250,1312,2,30,16.7858540671631,2,3E,SAB,214.004311765767
FE2,2045,FE22,14,SAB,vivant,0.544987151547411,23.9,FE22,3c,250,1312,2,30,18.7539862792808,2,3E,SAB,345.848097448285
FE2,2055,FE22,14,SAB,vivant,0.328414271902647,27.6,FE22,3c,250,1312,2,30,20.3400261464072,2,3E,SAB,490.870501923839
FE2,2025,FE22,15,TIL,vivant,1,15,FE22,3c,250,1312,2,30,15.5844279321773,2,3E,TIL,94.875057843511
FE2,2035,FE22,15,TIL,vivant,0.906216102997379,18.2,FE22,3c,250,1312,2,30,17.3015117624875,2,3E,TIL,167.020964091415
FE2,2045,FE22,15,TIL,vivant,0.819437465045424,21.1,FE22,3c,250,1312,2,30,18.6119985487608,2,3E,TIL,249.370267151594
FE2,2055,FE22,15,TIL,vivant,0.747317573358439,23.8,FE22,3c,250,1312,2,30,19.6607980008133,2,3E,TIL,340.902955774884
FE2,2035,FE22,16,,vivant,0.150398394169404,11.6283218955735,FE22,3c,250,1312,2,30,14.0646166755047,2,3E,AUT,44.2825581567472
FE2,2045,FE22,16,,vivant,0.122162738802713,13.9283218955735,FE22,3c,250,1312,2,30,15.1208468400393,2,3E,AUT,80.783791788642
FE2,2055,FE22,16,,vivant,0.0997038078924021,16.1283218955735,FE22,3c,250,1312,2,30,15.9853412139437,2,3E,AUT,123.275882255234
FE2,2035,FE22,17,BOG,vivant,0.15280756317819,10.4885547198133,FE22,3c,250,1312,2,30,15.590737864869,2,3E,BOG,33.7806712995581
FE2,2045,FE22,17,BOG,vivant,0.0900299356629855,11.9885547198133,FE22,3c,250,1312,2,30,16.309077857081,2,3E,BOG,56.9050057646495
FE2,2055,FE22,17,BOG,vivant,0.0533037910362054,13.0885547198133,FE22,3c,250,1312,2,30,16.7849429443552,2,3E,BOG,75.9877914414474
FE2,2035,FE22,18,BOJ,vivant,0.660217471333987,11.5032743217931,FE22,3c,250,1312,2,30,14.0018506893941,2,3E,BOJ,42.5203172592484
FE2,2045,FE22,18,BOJ,vivant,0.554117248047669,15.1032743217931,FE22,3c,250,1312,2,30,15.598078008376,2,3E,BOJ,102.53046574381
FE2,2055,FE22,18,BOJ,vivant,0.472953990813616,18.3032743217931,FE22,3c,250,1312,2,30,16.7294142281013,2,3E,BOJ,172.906143846155
FE2,2035,FE22,19,BOP,vivant,0.458116882235207,11.2561251276118,FE22,3c,250,1312,2,30,15.4574484775405,2,3E,BOP,45.50156495506
FE2,2045,FE22,19,BOP,vivant,0.325575090931433,14.1561251276118,FE22,3c,250,1312,2,30,17.0556779297227,2,3E,BOP,98.4768734068707
FE2,2055,FE22,19,BOP,vivant,0.238829203704491,16.7561251276118,FE22,3c,250,1312,2,30,18.2527436961011,2,3E,BOP,159.131520851053
FE2,2035,FE22,20,CET,vivant,0.714772369466536,11.409815784279,FE22,3c,250,1312,2,30,16.0310138531827,2,3E,CET,45.4219034881467
FE2,2045,FE22,20,CET,vivant,0.571749485317404,14.609815784279,FE22,3c,250,1312,2,30,17.9523498014631,2,3E,CET,105.013723093734
FE2,2055,FE22,20,CET,vivant,0.463183998669055,17.409815784279,FE22,3c,250,1312,2,30,19.3939096628996,2,3E,CET,173.43479554797
FE2,2035,FE22,21,CHX,vivant,0.088034710797193,12.3015805357431,FE22,3c,250,1312,2,30,14.1349208542033,2,3E,CHX,51.9733966521122
FE2,2045,FE22,21,CHX,vivant,0.078683481134207,16.7015805357431,FE22,3c,250,1312,2,30,16.2167756864632,2,3E,CHX,133.255869726752
FE2,2055,FE22,21,CHX,vivant,0.0715289938182101,21.1015805357431,FE22,3c,250,1312,2,30,17.8172065616164,2,3E,CHX,247.446765861133
FE2,2035,FE22,22,,vivant,0.176465165963049,11.5499278136062,FE22,3c,250,1312,2,30,10.5851628790804,2,3E,EPX,38.1446846044697
FE2,2045,FE22,22,,vivant,0.145907519953365,14.6499278136062,FE22,3c,250,1312,2,30,12.6829193673535,2,3E,EPX,86.3806710929219
FE2,2055,FE22,22,,vivant,0.119498907327643,17.4499278136062,FE22,3c,250,1312,2,30,14.3351607229835,2,3E,EPX,145.3234676796
FE2,2035,FE22,23,ERP,vivant,0.475935092725849,10.6981875202325,FE22,3c,250,1312,2,30,12.7750864792422,2,3E,ERP,27.774790950143
FE2,2045,FE22,23,ERP,vivant,0.175607763323014,13.6981875202325,FE22,3c,250,1312,2,30,14.295855666512,2,3E,ERP,69.3119583246581
FE2,2055,FE22,23,ERP,vivant,0.0532688049183344,15.9981875202325,FE22,3c,250,1312,2,30,15.2593637835727,2,3E,ERP,109.963916941143
FE2,2035,FE22,24,ERR,vivant,0.988312489370429,11.2827392185067,FE22,3c,250,1312,2,30,14.3723673988194,2,3E,ERR,36.4507719872686
FE2,2045,FE22,24,ERR,vivant,0.830098006283669,14.3827392185067,FE22,3c,250,1312,2,30,15.9021252380714,2,3E,ERR,84.4920673639158
FE2,2055,FE22,24,ERR,vivant,0.712125542211338,17.2827392185067,FE22,3c,250,1312,2,30,17.0728686046152,2,3E,ERR,142.599393942644
FE2,2035,FE22,25,ERS,vivant,2.18155164123963,11.0426910038157,FE22,3c,250,1312,2,30,12.9679075554182,2,3E,ERS,31.9133285986581
FE2,2045,FE22,25,ERS,vivant,1.87744776418774,13.8426910038157,FE22,3c,250,1312,2,30,14.3609924834224,2,3E,ERS,71.6354160454305
FE2,2055,FE22,25,ERS,vivant,1.65623245204882,16.3426910038157,FE22,3c,250,1312,2,30,15.3912667047564,2,3E,ERS,116.737299343582
FE2,2035,FE22,26,FRA,vivant,0.626519174463895,11.9119558472785,FE22,3c,250,1312,2,30,18.0754546368181,2,3E,FRA,53.3425107434392
FE2,2045,FE22,26,FRA,vivant,0.533703948262659,16.6119558472785,FE22,3c,250,1312,2,30,20.8742606743516,2,3E,FRA,154.227258030232
FE2,2055,FE22,26,FRA,vivant,0.483698258594943,21.2119558472785,FE22,3c,250,1312,2,30,23.0743476994308,2,3E,FRA,296.802949978614
FE2,2035,FE22,27,HEG,vivant,0.615462314522394,11.1674900767943,FE22,3c,250,1312,2,30,12.9716629987623,2,3E,HEG,37.3920157002141
FE2,2045,FE22,27,HEG,vivant,0.582325441898747,14.6674900767943,FE22,3c,250,1312,2,30,14.9923007673742,2,3E,HEG,95.2503956921399
FE2,2055,FE22,27,HEG,vivant,0.548827553447766,17.9674900767943,FE22,3c,250,1312,2,30,16.5321608464541,2,3E,HEG,169.952811332943
FE2,2035,FE22,28,ORA,vivant,0.226468822756295,11.7500853056421,FE22,3c,250,1312,2,30,14.8340027901588,2,3E,ORA,44.0528467259491
FE2,2045,FE22,28,ORA,vivant,0.140878413053408,15.4500853056421,FE22,3c,250,1312,2,30,17.2313240623467,2,3E,ORA,111.196591407244
FE2,2055,FE22,28,ORA,vivant,0.0768507696096707,19.1500853056421,FE22,3c,250,1312,2,30,19.2758678167379,2,3E,ORA,205.66533800487
FE2,2035,FE22,29,OSV,vivant,0.26333457989937,10.2679732097538,FE22,3c,250,1312,2,30,13.9146168846412,2,3E,OSV,25.6406877029442
FE2,2045,FE22,29,OSV,vivant,0.211867263580177,12.0679732097538,FE22,3c,250,1312,2,30,14.8814413541508,2,3E,OSV,50.1809439942027
FE2,2055,FE22,29,OSV,vivant,0.170289217488847,13.5679732097538,FE22,3c,250,1312,2,30,15.6046067342933,2,3E,OSV,74.2632615460464
FE2,2035,FE22,30,PEU,vivant,1.03625781654966,11.897359787455,FE22,3c,250,1312,2,30,16.0674241064022,2,3E,PEU,57.1025920352744
FE2,2045,FE22,30,PEU,vivant,0.689248990088762,16.297359787455,FE22,3c,250,1312,2,30,18.6256363895698,2,3E,PEU,152.925395294892
FE2,2055,FE22,30,PEU,vivant,0.495661559022524,20.697359787455,FE22,3c,250,1312,2,30,20.5764550754104,2,3E,PEU,289.154778118245
FE2,2035,FE22,31,PRP,vivant,0.710413405717884,10.7480282433382,FE22,3c,250,1312,2,30,15.1414848882423,2,3E,PRP,
FE2,2045,FE22,31,PRP,vivant,0.243871483861529,12.6480282433382,FE22,3c,250,1312,2,30,16.264734226147,2,3E,PRP,
FE2,2055,FE22,31,PRP,vivant,0.0773571768839134,14.3480282433382,FE22,3c,250,1312,2,30,17.1507978410906,2,3E,PRP,
FE2,2035,FE22,32,PRU,vivant,0.0776864267609105,11.7656278298035,FE22,3c,250,1312,2,30,8.61858442110607,2,3E,PRU,27.7402463311613
FE2,2045,FE22,32,PRU,vivant,0.0717169396982828,14.5656278298035,FE22,3c,250,1312,2,30,10.0985443342032,2,3E,PRU,59.4205540508334
FE2,2055,FE22,32,PRU,vivant,0.066286251429057,17.2656278298035,FE22,3c,250,1312,2,30,11.3619358776103,2,3E,PRU,100.413124289023
FE2,2035,FE22,33,SAB,vivant,0.941374300195412,11.2859989212836,FE22,3c,250,1312,2,30,11.6557169588905,2,3E,SAB,38.2826071014385
FE2,2045,FE22,33,SAB,vivant,0.746978200287855,15.0859989212836,FE22,3c,250,1312,2,30,14.1616075899496,2,3E,SAB,100.602105285354
FE2,2055,FE22,33,SAB,vivant,0.537920750349973,18.5859989212836,FE22,3c,250,1312,2,30,16.151752768849,2,3E,SAB,180.896656334277
FE2,2035,FE22,34,TIL,vivant,0.377619271785196,11.3033064860848,FE22,3c,250,1312,2,30,13.1415452192874,2,3E,TIL,34.7870075894524
FE2,2045,FE22,34,TIL,vivant,0.311196314775429,13.6033064860848,FE22,3c,250,1312,2,30,14.7271350409359,2,3E,TIL,69.3349452850403
FE2,2055,FE22,34,TIL,vivant,0.263581686423161,15.8033064860848,FE22,3c,250,1312,2,30,16.0458935726895,2,3E,TIL,111.179596648012
FE2,2045,FE22,35,,vivant,0.0841425170068627,11.3260197299179,FE22,3c,250,1312,2,30,13.9118279467628,2,3E,AUT,40.0604224224764
FE2,2055,FE22,35,,vivant,0.0663174380531338,13.2260197299179,FE22,3c,250,1312,2,30,14.8167206648067,2,3E,AUT,68.8004634466501
FE2,2045,FE22,36,BOG,vivant,0.0434256011719534,10.3225303304087,FE22,3c,250,1312,2,30,15.5055283704074,2,3E,BOG,31.4175419291417
FE2,2055,FE22,36,BOG,vivant,0.0241888246109336,11.5225303304087,FE22,3c,250,1312,2,30,16.0951918352723,2,3E,BOG,49.37117255501
FE2,2045,FE22,37,BOJ,vivant,0.499420990005757,11.2159236353894,FE22,3c,250,1312,2,30,13.8552803724306,2,3E,BOJ,38.5548898515161
FE2,2055,FE22,37,BOJ,vivant,0.408927647012974,14.3159236353894,FE22,3c,250,1312,2,30,15.2824723256366,2,3E,BOJ,87.7207281557331
FE2,2045,FE22,38,BOP,vivant,0.238633230539535,10.9983251628831,FE22,3c,250,1312,2,30,15.2986610768217,2,3E,BOP,41.500482573425
FE2,2055,FE22,38,BOP,vivant,0.162237661205557,13.5983251628831,FE22,3c,250,1312,2,30,16.7723645809068,2,3E,BOP,87.1175457955238
FE2,2045,FE22,39,CET,vivant,0.222200451549894,11.1336395920483,FE22,3c,250,1312,2,30,15.8477365957682,2,3E,CET,41.1410815611237
FE2,2055,FE22,39,CET,vivant,0.17235261851906,13.9336395920483,FE22,3c,250,1312,2,30,17.5739373357168,2,3E,CET,90.8304201976291
FE2,2045,FE22,40,CHX,vivant,0.0474922609561422,11.9187793065284,FE22,3c,250,1312,2,30,13.9235595795866,2,3E,CHX,46.3683697349137
FE2,2055,FE22,40,CHX,vivant,0.0416798424584758,15.8187793065284,FE22,3c,250,1312,2,30,15.8439179736907,2,3E,CHX,114.383322452052
FE2,2045,FE22,41,,vivant,0.112819125507141,11.2569989404869,FE22,3c,250,1312,2,30,10.3698065960728,2,3E,EPX,34.4753265168799
FE2,2055,FE22,41,,vivant,0.0910051577753538,13.9569989404869,FE22,3c,250,1312,2,30,12.2407320808828,2,3E,EPX,74.0768879685613
FE2,2045,FE22,42,ERP,vivant,0.311209203297136,10.5070981066037,FE22,3c,250,1312,2,30,12.6658230647297,2,3E,ERP,25.5471161394757
FE2,2055,FE22,42,ERP,vivant,0.104788499832742,13.2070981066037,FE22,3c,250,1312,2,30,14.0694267857129,2,3E,ERP,61.6425006772301
FE2,2045,FE22,43,ERR,vivant,0.665057156299326,11.0217571046504,FE22,3c,250,1312,2,30,14.226985271385,2,3E,ERR,33.031838716078
FE2,2055,FE22,43,ERR,vivant,0.545501115952972,13.7217571046504,FE22,3c,250,1312,2,30,15.6032596906441,2,3E,ERR,73.0643316390592
FE2,2045,FE22,44,ERS,vivant,1.61481214935228,10.8104105735899,FE22,3c,250,1312,2,30,12.8384790754384,2,3E,ERS,29.1055641888936
FE2,2055,FE22,44,ERS,vivant,1.36206483138942,13.2104105735899,FE22,3c,250,1312,2,30,14.0709808871085,2,3E,ERS,61.693064446279
FE2,2045,FE22,45,FRA,vivant,0.378317410688313,11.5757406114541,FE22,3c,250,1312,2,30,17.8451897905271,2,3E,FRA,47.7019189676354
FE2,2055,FE22,45,FRA,vivant,0.31264025630252,15.6757406114541,FE22,3c,250,1312,2,30,20.3698014878885,2,3E,FRA,130.693517490644
FE2,2045,FE22,46,HEG,vivant,0.582198159314633,10.920287879645,FE22,3c,250,1312,2,30,12.8100910844014,2,3E,HEG,34.0905547357208
FE2,2055,FE22,46,HEG,vivant,0.547554383592816,14.020287879645,FE22,3c,250,1312,2,30,14.652434306565,2,3E,HEG,82.9398198668842
FE2,2045,FE22,47,ORA,vivant,0.155199332697254,11.4332243361309,FE22,3c,250,1312,2,30,14.6075165419918,2,3E,ORA,39.4625575967287
FE2,2055,FE22,47,ORA,vivant,0.0916450065107261,14.6332243361309,FE22,3c,250,1312,2,30,16.7369342919417,2,3E,ORA,94.1354346798029
FE2,2045,FE22,48,OSV,vivant,0.221139508220745,10.128322941584,FE22,3c,250,1312,2,30,13.8342842690509,2,3E,OSV,23.9243131434934
FE2,2055,FE22,48,OSV,vivant,0.17400491479292,11.628322941584,FE22,3c,250,1312,2,30,14.6561862533204,2,3E,OSV,43.7612832030243
FE2,2045,FE22,49,PEU,vivant,0.405605944741842,11.5628897489105,FE22,3c,250,1312,2,30,15.8399816917535,2,3E,PEU,51.3764685741598
FE2,2055,FE22,49,PEU,vivant,0.25251998708264,15.4628897489105,FE22,3c,250,1312,2,30,18.1946225272707,2,3E,PEU,131.733805272892
FE2,2045,FE22,50,PRP,vivant,0.217205242025872,10.5509795574509,FE22,3c,250,1312,2,30,15.0155913732336,2,3E,PRP,
FE2,2055,FE22,50,PRP,vivant,0.0667669600989053,12.1509795574509,FE22,3c,250,1312,2,30,15.9856722492666,2,3E,PRP,
FE2,2045,FE22,51,PRU,vivant,0.0688498279120195,11.4469084977469,FE22,3c,250,1312,2,30,8.437376462686,2,3E,PRU,24.7934050883412
FE2,2055,FE22,51,PRU,vivant,0.0628442093869927,13.8469084977469,FE22,3c,250,1312,2,30,9.73662895039025,2,3E,PRU,50.2700079369492
FE2,2045,FE22,52,SAB,vivant,0.917642259623208,11.0246270567351,FE22,3c,250,1312,2,30,11.466862003396,2,3E,SAB,34.9083295160929
FE2,2055,FE22,52,SAB,vivant,0.712586783197808,14.3246270567351,FE22,3c,250,1312,2,30,13.6919017853994,2,3E,SAB,86.0814323448214
FE2,2045,FE22,53,TIL,vivant,0.222809454032986,11.0398652195623,FE22,3c,250,1312,2,30,12.9443261443405,2,3E,TIL,31.4049875678044
FE2,2055,FE22,53,TIL,vivant,0.178242783783765,13.0398652195623,FE22,3c,250,1312,2,30,14.3599106677575,2,3E,TIL,60.0216587623788
FE2,2055,FE22,54,,vivant,0.0509593348455115,11.1676277420735,FE22,3c,250,1312,2,30,13.8303192758679,2,3E,AUT,37.899836873419
FE2,2055,FE22,55,BOG,vivant,0.0148945111136646,10.2355414297125,FE22,3c,250,1312,2,30,15.4603824622801,2,3E,BOG,30.1944643767886
FE2,2055,FE22,56,BOJ,vivant,0.382819223156095,11.0653655130907,FE22,3c,250,1312,2,30,13.7771499665545,2,3E,BOJ,36.5236073366332
FE2,2055,FE22,57,BOP,vivant,0.128317135411529,10.8632502162944,FE22,3c,250,1312,2,30,15.2142145710065,2,3E,BOP,39.4483631040049
FE2,2055,FE22,58,CET,vivant,0.0726600559948175,10.9889363743658,FE22,3c,250,1312,2,30,15.7504160112895,2,3E,CET,38.9498912505649
FE2,2055,FE22,59,CHX,vivant,0.0303838151454113,11.7182096297843,FE22,3c,250,1312,2,30,13.8105154554506,2,3E,CHX,43.5209793849676
FE2,2055,FE22,60,,vivant,0.077563125946261,11.1035181130845,FE22,3c,250,1312,2,30,10.2556705051089,2,3E,EPX,32.6121813525994
FE2,2055,FE22,61,ERP,vivant,0.188318534179892,10.4069763227751,FE22,3c,250,1312,2,30,12.6078980962205,2,3E,ERP,24.399079330862
FE2,2055,FE22,62,ERR,vivant,0.453737354230638,10.8850148629403,FE22,3c,250,1312,2,30,14.1496226285537,2,3E,ERR,31.277548056468
FE2,2055,FE22,63,ERS,vivant,1.23987957730842,10.688706651949,FE22,3c,250,1312,2,30,12.7697048352688,2,3E,ERS,27.6631289805101
FE2,2055,FE22,64,FRA,vivant,0.236942971629509,11.3995797843217,FE22,3c,250,1312,2,30,17.7225614500018,2,3E,FRA,44.8247545475884
FE2,2055,FE22,65,HEG,vivant,0.561768894770748,10.7907656603084,FE22,3c,250,1312,2,30,12.7242982928256,2,3E,HEG,32.4003458924847
FE2,2055,FE22,66,ORA,vivant,0.104219806367046,11.2672042260125,FE22,3c,250,1312,2,30,14.4872915949853,2,3E,ORA,37.1261383067441
FE2,2055,FE22,67,OSV,vivant,0.185031470932431,10.0551528287255,FE22,3c,250,1312,2,30,13.7918547620374,2,3E,OSV,23.0353617534252
FE2,2055,FE22,68,PEU,vivant,0.153434451478578,11.3876433223274,FE22,3c,250,1312,2,30,15.7186025697432,2,3E,PEU,48.4600793160988
FE2,2055,FE22,69,PRP,vivant,0.0649633792567194,10.44773539778,FE22,3c,250,1312,2,30,14.9488514943938,2,3E,PRP,
FE2,2055,FE22,70,PRU,vivant,0.0619642546717277,11.2799146938506,FE22,3c,250,1312,2,30,8.34129551784197,2,3E,PRU,23.3011178870049
FE2,2055,FE22,71,SAB,vivant,0.871157293825762,10.8876806041596,FE22,3c,250,1312,2,30,11.3669423151408,2,3E,SAB,33.1855982192755
FE2,2055,FE22,72,TIL,vivant,0.139764735145279,10.9018344985642,FE22,3c,250,1312,2,30,12.8395957270832,2,3E,TIL,29.6787912691655
FE3,2025,FE32,1,BOJ,vivant,1,15,FE32,3c,250,1312,2,30,15.5235345272727,2,3E,BOJ,100.312403155213
FE3,2035,FE32,1,BOJ,vivant,0.906078192776473,19.2,FE32,3c,250,1312,2,30,16.9922281910016,2,3E,BOJ,195.437283039223
FE3,2045,FE32,1,BOJ,vivant,0.82501613398602,23.1,FE32,3c,250,1312,2,30,18.0761700845061,2,3E,BOJ,310.227826102727
FE3,2055,FE32,1,BOJ,vivant,0.75120823598798,26.7,FE32,3c,250,1312,2,30,18.9007312961759,2,3E,BOJ,439.52624723085
FE3,2025,FE32,2,BOP,vivant,1,15,FE32,3c,250,1312,2,30,17.9084895901319,2,3E,BOP,119.720098975542
FE3,2035,FE32,2,BOP,vivant,0.842099256773008,18.9,FE32,3c,250,1312,2,30,19.6085430749325,2,3E,BOP,224.716934154964
FE3,2045,FE32,2,BOP,vivant,0.706805770145649,22.4,FE32,3c,250,1312,2,30,20.858905251605,2,3E,BOP,345.684554312885
FE3,2055,FE32,2,BOP,vivant,0.589628521782246,25.4,FE32,3c,250,1312,2,30,21.7735434532589,2,3E,BOP,470.250784857013
FE3,2025,FE32,3,CET,vivant,1,15,FE32,3c,250,1312,2,30,18.5373248152407,2,3E,CET,115.931842874844
FE3,2035,FE32,3,CET,vivant,0.816655308130481,19.9,FE32,3c,250,1312,2,30,20.9447633825699,2,3E,CET,253.025940762011
FE3,2045,FE32,3,CET,vivant,0.650809190034654,24,FE32,3c,250,1312,2,30,22.6323943946398,2,3E,CET,409.061811625685
FE3,2055,FE32,3,CET,vivant,0.503583841970989,27.3,FE32,3c,250,1312,2,30,23.835066153302,2,3E,CET,564.004662221884
FE3,2025,FE32,4,CHR,vivant,1,15,FE32,3c,250,1312,2,30,17.0316019083631,2,3E,CHX,107.881017036107
FE3,2035,FE32,4,CHR,vivant,0.943633446756334,21.5,FE32,3c,250,1312,2,30,19.7300055206696,2,3E,CHX,285.304287450454
FE3,2045,FE32,4,CHR,vivant,0.896477367374277,27.7,FE32,3c,250,1312,2,30,21.58385972807,2,3E,CHX,532.270136542669
FE3,2055,FE32,4,CHR,vivant,0.851135843129518,33.5,FE32,3c,250,1312,2,30,22.8942770835325,2,3E,CHX,834.179003335531
FE3,2025,FE32,5,EPB,vivant,1,15,FE32,3c,250,1312,2,30,13.2441786313714,2,3E,EPX,95.409443165944
FE3,2035,FE32,5,EPB,vivant,0.872902108070723,18.9,FE32,3c,250,1312,2,30,15.5086892070513,2,3E,EPX,186.498400670454
FE3,2045,FE32,5,EPB,vivant,0.755940189154724,22.5,FE32,3c,250,1312,2,30,17.3041875676354,2,3E,EPX,297.519753802691
FE3,2055,FE32,5,EPB,vivant,0.649694573668425,25.9,FE32,3c,250,1312,2,30,18.7935147310679,2,3E,EPX,426.310739864183
FE3,2025,FE32,6,ERP,vivant,1,15,FE32,3c,250,1312,2,30,14.8856883752227,2,3E,ERP,91.5120814572098
FE3,2035,FE32,6,ERP,vivant,0.290057902912111,16.5,FE32,3c,250,1312,2,30,15.4880041411516,2,3E,ERP,120.181256237526
FE3,2045,FE32,6,ERP,vivant,0.0533428931973135,17.7,FE32,3c,250,1312,2,30,15.9302140581317,2,3E,ERP,145.622405149108
FE3,2055,FE32,6,ERP,vivant,0.00718268020714799,18.6,FE32,3c,250,1312,2,30,16.2410585940759,2,3E,ERP,166.187147458563
FE3,2025,FE32,7,ERR,vivant,1,15,FE32,3c,250,1312,2,30,16.5454285309479,2,3E,ERR,97.9888291198424
FE3,2035,FE32,7,ERR,vivant,0.891280274498602,18.7,FE32,3c,250,1312,2,30,17.9971485548218,2,3E,ERR,180.091342496187
FE3,2045,FE32,7,ERR,vivant,0.788061017775625,22.2,FE32,3c,250,1312,2,30,19.1187886287338,2,3E,ERR,278.908064399282
FE3,2055,FE32,7,ERR,vivant,0.691488515188056,25.5,FE32,3c,250,1312,2,30,20.0069550304128,2,3E,ERR,391.556123538623
FE3,2025,FE32,8,ERS,vivant,1,15,FE32,3c,250,1312,2,30,14.8856883752227,2,3E,ERS,91.5120814572098
FE3,2035,FE32,8,ERS,vivant,0.929157376999193,18.5,FE32,3c,250,1312,2,30,16.2073531843623,2,3E,ERS,163.838927811569
FE3,2045,FE32,8,ERS,vivant,0.863246739785789,21.8,FE32,3c,250,1312,2,30,17.2206957402559,2,3E,ERS,249.768901199482
FE3,2055,FE32,8,ERS,vivant,0.803171634763291,24.8,FE32,3c,250,1312,2,30,17.989064774752,2,3E,ERS,343.146509370414
FE3,2025,FE32,9,FRA,vivant,1,15,FE32,3c,250,1312,2,30,20.3836634404585,2,3E,FRA,117.057747317876
FE3,2035,FE32,9,FRA,vivant,0.927181265658367,21.3,FE32,3c,250,1312,2,30,23.5521409197137,2,3E,FRA,305.690079725972
FE3,2045,FE32,9,FRA,vivant,0.866841987575404,26.9,FE32,3c,250,1312,2,30,25.7970667599245,2,3E,FRA,549.594273746401
FE3,2055,FE32,9,FRA,vivant,0.810058199421341,31.8,FE32,3c,250,1312,2,30,27.4718571213922,2,3E,FRA,826.93060597761
FE3,2025,FE32,10,FRN,vivant,1,15,FE32,3c,250,1312,2,30,17.9102013973301,2,3E,FRN,116.818604582693
FE3,2035,FE32,10,FRN,vivant,0.872662622210323,18.3,FE32,3c,250,1312,2,30,19.5902167576587,2,3E,FRN,204.156441114077
FE3,2045,FE32,10,FRN,vivant,0.752079979229119,21.3,FE32,3c,250,1312,2,30,20.8835910162171,2,3E,FRN,303.88871152059
FE3,2055,FE32,10,FRN,vivant,0.644316049527957,24.1,FE32,3c,250,1312,2,30,21.9317782600776,2,3E,FRN,415.092269486674
FE3,2025,FE32,11,HEG,vivant,1,15,FE32,3c,250,1312,2,30,15.5997853621035,2,3E,HEG,104.811990566321
FE3,2035,FE32,11,HEG,vivant,0.946846935271599,19.2,FE32,3c,250,1312,2,30,17.5462744808489,2,3E,HEG,209.19365879223
FE3,2045,FE32,11,HEG,vivant,0.8859624978675,23.2,FE32,3c,250,1312,2,30,19.0298779049049,2,3E,HEG,341.29327139607
FE3,2055,FE32,11,HEG,vivant,0.818432177673302,27.1,FE32,3c,250,1312,2,30,20.2132882746598,2,3E,HEG,501.729286598144
FE3,2025,FE32,12,OSV,vivant,1,15,FE32,3c,250,1312,2,30,16.4501681158344,2,3E,OSV,101.848048299509
FE3,2035,FE32,12,OSV,vivant,0.842729913362674,16.5,FE32,3c,250,1312,2,30,17.0710984810995,2,3E,OSV,133.367169560672
FE3,2045,FE32,12,OSV,vivant,0.678943169024645,17.8,FE32,3c,250,1312,2,30,17.5735230448972,2,3E,OSV,163.814152693
FE3,2055,FE32,12,OSV,vivant,0.533673763247725,19,FE32,3c,250,1312,2,30,18.0115983490097,2,3E,OSV,194.577799659611
FE3,2025,FE32,13,PET,vivant,1,15,FE32,3c,250,1312,2,30,18.7288596937038,2,3E,PEU,125.863768531634
FE3,2035,FE32,13,PET,vivant,0.825775855869732,20.5,FE32,3c,250,1312,2,30,21.4138883987547,2,3E,PEU,294.737867406142
FE3,2045,FE32,13,PET,vivant,0.701722736812568,25.9,FE32,3c,250,1312,2,30,23.3766014287027,2,3E,PEU,528.268646806729
FE3,2055,FE32,13,PET,vivant,0.600997578423964,31.2,FE32,3c,250,1312,2,30,24.8513913774572,2,3E,PEU,824.489368821209
FE3,2025,FE32,14,PRP,vivant,1,15,FE32,3c,250,1312,2,30,17.9084895901319,2,3E,PRP,
FE3,2035,FE32,14,PRP,vivant,0.479897699974285,18,FE32,3c,250,1312,2,30,19.248604854106,2,3E,PRP,
FE3,2045,FE32,14,PRP,vivant,0.175426542042461,20.4,FE32,3c,250,1312,2,30,20.1716688385317,2,3E,PRP,
FE3,2055,FE32,14,PRP,vivant,0.052746221692117,22.4,FE32,3c,250,1312,2,30,20.858905251605,2,3E,PRP,
FE3,2025,FE32,15,PRU,vivant,1,15,FE32,3c,250,1312,2,30,10.8087716492057,2,3E,PRU,68.4505838951992
FE3,2035,FE32,15,PRU,vivant,0.968158916636742,18.6,FE32,3c,250,1312,2,30,12.4829223154259,2,3E,PRU,130.383183551658
FE3,2045,FE32,15,PRU,vivant,0.933088578111075,22.3,FE32,3c,250,1312,2,30,13.9765856035661,2,3E,PRU,215.599966249658
FE3,2055,FE32,15,PRU,vivant,0.896431701987932,26,FE32,3c,250,1312,2,30,15.2882991361763,2,3E,PRU,323.865563925395
FE3,2025,FE32,16,SAB,vivant,1,15,FE32,3c,250,1312,2,30,14.471339025601,2,3E,SAB,101.44798160294
FE3,2035,FE32,16,SAB,vivant,0.754882463769975,19.5,FE32,3c,250,1312,2,30,17.0303011180698,2,3E,SAB,210.498428238762
FE3,2045,FE32,16,SAB,vivant,0.518914803265,23.8,FE32,3c,250,1312,2,30,19.137077698342,2,3E,SAB,350.102217122313
FE3,2055,FE32,16,SAB,vivant,0.319354582324711,27.8,FE32,3c,250,1312,2,30,20.8738482255455,2,3E,SAB,510.458777407484
FE3,2025,FE32,17,THO,vivant,1,15,FE32,3c,250,1312,2,30,9.36053379506711,2,3E,THO,65.7188934670345
FE3,2035,FE32,17,THO,vivant,0.909009569229942,18.2,FE32,3c,250,1312,2,30,10.4685021020163,2,3E,THO,112.82166043595
FE3,2045,FE32,17,THO,vivant,0.823509734272609,21.2,FE32,3c,250,1312,2,30,11.3817871544319,2,3E,THO,167.804545707817
FE3,2055,FE32,17,THO,vivant,0.745979891614551,23.9,FE32,3c,250,1312,2,30,12.1194142859658,2,3E,THO,226.195406067213
FE3,2025,FE32,18,TIL,vivant,1,15,FE32,3c,250,1312,2,30,15.88742227359,2,3E,TIL,96.7196302457126
FE3,2035,FE32,18,TIL,vivant,0.877375250472676,18.2,FE32,3c,250,1312,2,30,17.6586071724158,2,3E,TIL,170.46820156162
FE3,2045,FE32,18,TIL,vivant,0.773128839484731,21.3,FE32,3c,250,1312,2,30,19.104945280255,2,3E,TIL,261.26252115678
FE3,2055,FE32,18,TIL,vivant,0.687780818539915,24.3,FE32,3c,250,1312,2,30,20.300761780607,2,3E,TIL,367.804949133354
FE3,2035,FE32,19,BOJ,vivant,0.917285642086761,11.1672094076493,FE32,3c,250,1312,2,30,13.7841942937541,2,3E,BOJ,37.7683892831272
FE3,2045,FE32,19,BOJ,vivant,0.791221673407355,14.7672094076493,FE32,3c,250,1312,2,30,15.4304705101784,2,3E,BOJ,95.8737621999863
FE3,2055,FE32,19,BOJ,vivant,0.697379922590521,18.1672094076493,FE32,3c,250,1312,2,30,16.6642112466226,2,3E,BOJ,169.356159015102
FE3,2035,FE32,20,BOP,vivant,0.509904432357196,10.9309276692703,FE32,3c,250,1312,2,30,15.6359488430299,2,3E,BOP,41.479008613256
FE3,2045,FE32,20,BOP,vivant,0.398186743979686,14.1309276692703,FE32,3c,250,1312,2,30,17.4733034803103,2,3E,BOP,100.423883499915
FE3,2055,FE32,20,BOP,vivant,0.318226961921851,17.0309276692703,FE32,3c,250,1312,2,30,18.840679180272,2,3E,BOP,170.574356203484
FE3,2035,FE32,21,CET,vivant,0.0204817051021474,11.2649426456994,FE32,3c,250,1312,2,30,16.2719992141616,2,3E,CET,44.0720947712313
FE3,2045,FE32,21,CET,vivant,0.016030155748846,15.2649426456994,FE32,3c,250,1312,2,30,18.6815334760481,2,3E,CET,122.053415727883
FE3,2055,FE32,21,CET,vivant,0.0124296444951949,18.6649426456994,FE32,3c,250,1312,2,30,20.3843276322233,2,3E,CET,213.58152199966
FE3,2035,FE32,22,CHX,vivant,0.00107136678609985,11.5236285657384,FE32,3c,250,1312,2,30,15.0951817791122,2,3E,CHX,44.9758398771073
FE3,2045,FE32,22,CHX,vivant,0.000984655100315778,17.1236285657384,FE32,3c,250,1312,2,30,18.0230454340647,2,3E,CHX,156.986932397807
FE3,2055,FE32,22,CHX,vivant,0.000919259358805289,22.5236285657384,FE32,3c,250,1312,2,30,20.0759856355638,2,3E,CHX,320.744296431862
FE3,2035,FE32,23,,vivant,0.15729983300728,10.9292387862339,FE32,3c,250,1312,2,30,10.4119914075999,2,3E,EPX,31.4117202894143
FE3,2045,FE32,23,,vivant,0.130643784691751,14.1292387862339,FE32,3c,250,1312,2,30,12.6836076422547,2,3E,EPX,79.1206576857649
FE3,2055,FE32,23,,vivant,0.109594989310692,17.1292387862339,FE32,3c,250,1312,2,30,14.5268240952354,2,3E,EPX,141.422407145499
FE3,2035,FE32,24,ERP,vivant,0.256069995011693,10.5828122305041,FE32,3c,250,1312,2,30,12.7054758706621,2,3E,ERP,26.4160319298622
FE3,2045,FE32,24,ERP,vivant,0.102100597253511,12.8828122305041,FE32,3c,250,1312,2,30,13.9263397533212,2,3E,ERP,56.8129992354739
FE3,2055,FE32,24,ERP,vivant,0.0290766515876258,14.6828122305041,FE32,3c,250,1312,2,30,14.750591781495,2,3E,ERP,85.888741852918
FE3,2035,FE32,25,ERR,vivant,0.528491406554105,10.8569001021126,FE32,3c,250,1312,2,30,14.4511765190763,2,3E,ERR,31.614727742992
FE3,2045,FE32,25,ERR,vivant,0.450398448794816,14.0569001021126,FE32,3c,250,1312,2,30,16.1196117267111,2,3E,ERR,80.5919397969865
FE3,2055,FE32,25,ERR,vivant,0.387854676622765,17.1569001021126,FE32,3c,250,1312,2,30,17.4299716096821,2,3E,ERR,143.117269994832
FE3,2035,FE32,26,ERS,vivant,2.20937762573636,10.7563595210941,FE32,3c,250,1312,2,30,12.8052134121085,2,3E,ERS,28.4562933328492
FE3,2045,FE32,26,ERS,vivant,1.96261826717132,13.6563595210941,FE32,3c,250,1312,2,30,14.2931210155909,2,3E,ERS,68.723195420069
FE3,2055,FE32,26,ERS,vivant,1.77426291590126,16.4563595210941,FE32,3c,250,1312,2,30,15.4712871176459,2,3E,ERS,119.298294724214
FE3,2035,FE32,27,,vivant,0.0288151735230799,11.7504243745321,FE32,3c,250,1312,2,30,14.080909733744,2,3E,F0R,45.8801480731354
FE3,2045,FE32,27,,vivant,0.0185392104874197,15.6504243745321,FE32,3c,250,1312,2,30,15.7762971665947,2,3E,F0R,113.168896712504
FE3,2055,FE32,27,,vivant,0.0131249323551726,19.7504243745321,FE32,3c,250,1312,2,30,17.1594006872433,2,3E,F0R,210.068186270078
FE3,2035,FE32,28,FRA,vivant,0.0047468048182979,11.2266782991848,FE32,3c,250,1312,2,30,17.9552481944083,2,3E,FRA,42.8993183335064
FE3,2045,FE32,28,FRA,vivant,0.00424035593183958,16.7266782991848,FE32,3c,250,1312,2,30,21.3415595180399,2,3E,FRA,160.2911224734
FE3,2055,FE32,28,FRA,vivant,0.00387469391134935,21.7266782991848,FE32,3c,250,1312,2,30,23.7387206777139,2,3E,FRA,321.651249395543
FE3,2035,FE32,29,FRN,vivant,0.0576652120292847,11.3438634048074,FE32,3c,250,1312,2,30,15.6230032986791,2,3E,FRN,45.774719006994
FE3,2045,FE32,29,FRN,vivant,0.0478489341963313,14.1438634048074,FE32,3c,250,1312,2,30,17.4203625899126,2,3E,FRN,97.8380959893998
FE3,2055,FE32,29,FRN,vivant,0.0400883103042235,16.7438634048074,FE32,3c,250,1312,2,30,18.8359713670673,2,3E,FRN,160.119270646978
FE3,2035,FE32,30,,vivant,0.0203560181686484,10.5895287928176,FE32,3c,250,1312,2,30,15.8067712007319,2,3E,F_1,37.462547462713
FE3,2045,FE32,30,,vivant,0.0102026740226494,12.9895287928176,FE32,3c,250,1312,2,30,17.5039208253794,2,3E,F_1,80.6528668334707
FE3,2055,FE32,30,,vivant,0.00516588710473645,15.0895287928176,FE32,3c,250,1312,2,30,18.7798615905848,2,3E,F_1,128.07625427058
FE3,2035,FE32,31,HEG,vivant,0.107726934243325,10.8966028434753,FE32,3c,250,1312,2,30,13.1569987631381,2,3E,HEG,34.7366047817488
FE3,2045,FE32,31,HEG,vivant,0.101436719559039,14.5966028434753,FE32,3c,250,1312,2,30,15.3866980444757,2,3E,HEG,96.5701374835017
FE3,2055,FE32,31,HEG,vivant,0.094768999581781,18.1966028434753,FE32,3c,250,1312,2,30,17.1220682398432,2,3E,HEG,181.118037871854
FE3,2035,FE32,32,OSV,vivant,0.0202649518433833,10.2397823151041,FE32,3c,250,1312,2,30,14.0833194237263,2,3E,OSV,25.6284985613508
FE3,2045,FE32,32,OSV,vivant,0.0170997368177391,11.9397823151041,FE32,3c,250,1312,2,30,15.0120444575824,2,3E,OSV,48.9173233820914
FE3,2055,FE32,32,OSV,vivant,0.0141239639411639,13.4397823151041,FE32,3c,250,1312,2,30,15.7493254031255,2,3E,OSV,73.0159397373565
FE3,2035,FE32,33,PEU,vivant,0.277861573672814,11.2927510079206,FE32,3c,250,1312,2,30,16.3343790854692,2,3E,PEU,48.9489869868495
FE3,2045,FE32,33,PEU,vivant,0.205295190780478,15.7927510079206,FE32,3c,250,1312,2,30,19.1708790704622,2,3E,PEU,146.056999808347
FE3,2055,FE32,33,PEU,vivant,0.162628834986236,20.1927510079206,FE32,3c,250,1312,2,30,21.28472783401,2,3E,PEU,283.497285113836
FE3,2035,FE32,34,PRP,vivant,0.708886677161482,10.5919324284446,FE32,3c,250,1312,2,30,15.4154308603953,2,3E,PRP,
FE3,2045,FE32,34,PRP,vivant,0.345664761617583,13.2919324284446,FE32,3c,250,1312,2,30,17.029684734423,2,3E,PRP,
FE3,2055,FE32,34,PRP,vivant,0.146266707570289,15.4919324284446,FE32,3c,250,1312,2,30,18.1446831639446,2,3E,PRP,
FE3,2035,FE32,35,PRU,vivant,0.0078124986675559,10.9834405188034,FE32,3c,250,1312,2,30,8.60167043797602,2,3E,PRU,21.8375628887626
FE3,2045,FE32,35,PRU,vivant,0.00749811675912084,13.9834405188034,FE32,3c,250,1312,2,30,10.288141993002,2,3E,PRU,54.5058046153245
FE3,2055,FE32,35,PRU,vivant,0.00719420464566026,17.0834405188034,FE32,3c,250,1312,2,30,11.80748031648,2,3E,PRU,101.850199076038
FE3,2035,FE32,36,SAB,vivant,0.664434439848883,11.158914447165,FE32,3c,250,1312,2,30,11.8873585357721,2,3E,SAB,37.6513521499294
FE3,2045,FE32,36,SAB,vivant,0.502882993532452,14.958914447165,FE32,3c,250,1312,2,30,14.4459030374674,2,3E,SAB,100.625471383564
FE3,2055,FE32,36,SAB,vivant,0.354800706819617,18.658914447165,FE32,3c,250,1312,2,30,16.5829957434799,2,3E,SAB,187.239183852767
FE3,2035,FE32,37,THO,vivant,0.0396800795280137,10.4184558345478,FE32,3c,250,1312,2,30,7.45192095535094,2,3E,THO,18.5036273326754
FE3,2045,FE32,37,THO,vivant,0.0338878096044048,12.9184558345478,FE32,3c,250,1312,2,30,8.54795619106287,2,3E,THO,41.3892946394432
FE3,2055,FE32,37,THO,vivant,0.0295280476678854,15.2184558345478,FE32,3c,250,1312,2,30,9.44126753697461,2,3E,THO,68.5579233686279
FE3,2035,FE32,38,TIL,vivant,0.00286704911074286,10.7679031913775,FE32,3c,250,1312,2,30,12.9687507273186,2,3E,TIL,28.5437706735872
FE3,2045,FE32,38,TIL,vivant,0.00226634379509779,13.2679031913775,FE32,3c,250,1312,2,30,14.7839258074589,2,3E,TIL,64.9259176238113
FE3,2055,FE32,38,TIL,vivant,0.00186606119815311,15.6679031913775,FE32,3c,250,1312,2,30,16.2838914775887,2,3E,TIL,110.479705833746
FE3,2045,FE32,39,BOJ,vivant,0.696444313857028,11.0138954662648,FE32,3c,250,1312,2,30,13.7039448836684,2,3E,BOJ,35.7158409829934
FE3,2055,FE32,39,BOJ,vivant,0.593093916354919,14.3138954662648,FE32,3c,250,1312,2,30,15.2451258875595,2,3E,BOJ,87.4743268298562
FE3,2045,FE32,40,BOP,vivant,0.238952250384154,10.7951374893654,FE32,3c,250,1312,2,30,15.5483018938645,2,3E,BOP,39.3798780038193
FE3,2055,FE32,40,BOP,vivant,0.182850336734358,13.5951374893654,FE32,3c,250,1312,2,30,17.1928080572898,2,3E,BOP,89.2452875290593
FE3,2045,FE32,41,CET,vivant,0.00757875751596196,11.1043803491776,FE32,3c,250,1312,2,30,16.1630891045099,2,3E,CET,41.5563633721055
FE3,2055,FE32,41,CET,vivant,0.00582072555264994,14.4043803491776,FE32,3c,250,1312,2,30,18.2061075261799,2,3E,CET,102.682962534291
FE3,2045,FE32,42,CHX,vivant,0.000694778543142436,11.3438809085874,FE32,3c,250,1312,2,30,14.9820842377871,2,3E,CHX,42.283655880182
FE3,2055,FE32,42,CHX,vivant,0.000633815555601652,16.3438809085874,FE32,3c,250,1312,2,30,17.6733030444226,2,3E,CHX,137.982419340238
FE3,2045,FE32,43,,vivant,0.126755224560396,10.7935738618129,FE32,3c,250,1312,2,30,10.3074416543836,2,3E,EPX,29.7973502352739
FE3,2055,FE32,43,,vivant,0.103744978258693,13.5935738618129,FE32,3c,250,1312,2,30,12.3273994294543,2,3E,EPX,69.8161978096937
FE3,2045,FE32,44,ERP,vivant,0.183809707813855,10.4728399236103,FE32,3c,250,1312,2,30,12.6415648973434,2,3E,ERP,25.143887703929
FE3,2055,FE32,44,ERP,vivant,0.0696131284018182,12.7728399236103,FE32,3c,250,1312,2,30,13.872552003042,2,3E,ERP,55.1902498347475
FE3,2045,FE32,45,ERR,vivant,0.32259839590737,10.7266001536521,FE32,3c,250,1312,2,30,14.374542952497,2,3E,ERR,29.9340104724725
FE3,2055,FE32,45,ERR,vivant,0.271475682565045,13.6266001536521,FE32,3c,250,1312,2,30,15.9164155653398,2,3E,ERR,73.1144901576784
FE3,2045,FE32,46,ERS,vivant,1.93198517551101,10.633516133487,FE32,3c,250,1312,2,30,12.7347562165112,2,3E,ERS,27.0079700913254
FE3,2055,FE32,46,ERS,vivant,1.69945034410405,13.233516133487,FE32,3c,250,1312,2,30,14.0950948357519,2,3E,ERS,62.1047334588166
FE3,2045,FE32,47,,vivant,0.0201397318141798,11.5538564769125,FE32,3c,250,1312,2,30,13.9823817939835,2,3E,F0R,43.0919924268911
FE3,2055,FE32,47,,vivant,0.0124306805104436,15.1538564769125,FE32,3c,250,1312,2,30,15.5842776823504,2,3E,F0R,103.292937892666
FE3,2045,FE32,48,FRA,vivant,0.00262202231874394,11.0689538659956,FE32,3c,250,1312,2,30,17.8411583763025,2,3E,FRA,40.3656643360927
FE3,2055,FE32,48,FRA,vivant,0.0023194777885216,15.8689538659956,FE32,3c,250,1312,2,30,20.8757406924289,2,3E,FRA,138.049703906377
FE3,2045,FE32,49,FRN,vivant,0.0359588430270589,11.1774479747853,FE32,3c,250,1312,2,30,15.5053496848861,2,3E,FRN,43.14428969234
FE3,2055,FE32,49,FRN,vivant,0.0293725363849902,13.6774479747853,FE32,3c,250,1312,2,30,17.1426947430009,2,3E,FRN,88.1142463328865
FE3,2045,FE32,50,,vivant,0.00683367321342821,10.4790583541733,FE32,3c,250,1312,2,30,15.7213633305405,2,3E,F_1,35.7433491983969
FE3,2055,FE32,50,,vivant,0.00325600952492163,12.0790583541733,FE32,3c,250,1312,2,30,16.8935032472301,2,3E,F_1,62.9272543877548
FE3,2045,FE32,51,HEG,vivant,0.0991376117526554,10.7633583535767,FE32,3c,250,1312,2,30,13.0660009073586,2,3E,HEG,32.9540226910882
FE3,2055,FE32,51,HEG,vivant,0.0929531123454219,14.1633583535767,FE32,3c,250,1312,2,30,15.1519602505764,2,3E,HEG,88.056115589698
FE3,2045,FE32,52,OSV,vivant,0.0160582382228778,10.1552507149661,FE32,3c,250,1312,2,30,14.0341145736735,2,3E,OSV,24.5759417916616
FE3,2055,FE32,52,OSV,vivant,0.0133999061738547,11.7552507149661,FE32,3c,250,1312,2,30,14.9164040795494,2,3E,OSV,46.1879903267135
FE3,2045,FE32,53,PEU,vivant,0.0733725882410908,11.1301263128823,FE32,3c,250,1312,2,30,16.2147694121537,2,3E,PEU,46.2085494923927
FE3,2055,FE32,53,PEU,vivant,0.0527396669972497,15.1301263128823,FE32,3c,250,1312,2,30,18.8028960336193,2,3E,PEU,129.085206509093
FE3,2045,FE32,54,PRP,vivant,0.334671376273801,10.4812837249133,FE32,3c,250,1312,2,30,15.3421995530075,2,3E,PRP,
FE3,2055,FE32,54,PRP,vivant,0.155695340029889,12.7812837249133,FE32,3c,250,1312,2,30,16.7474045651988,2,3E,PRP,
FE3,2045,FE32,55,PRU,vivant,0.008101410712354,10.8437557397807,FE32,3c,250,1312,2,30,8.51701841386107,2,3E,PRU,20.6108982040523
FE3,2055,FE32,55,PRU,vivant,0.00775075319844206,13.6437557397807,FE32,3c,250,1312,2,30,10.1088504849657,2,3E,PRU,50.1796337221122
FE3,2045,FE32,56,SAB,vivant,0.594671100692926,11.0062156989393,FE32,3c,250,1312,2,30,11.774878895222,2,3E,SAB,35.6479772441322
FE3,2055,FE32,56,SAB,vivant,0.441761525479115,14.5062156989393,FE32,3c,250,1312,2,30,14.1627984158225,2,3E,SAB,91.7670149561278
FE3,2045,FE32,57,THO,vivant,0.0287933732264851,10.3206729685314,FE32,3c,250,1312,2,30,7.40596534255381,2,3E,THO,17.7438764531182
FE3,2055,FE32,57,THO,vivant,0.024289713648064,12.5206729685314,FE32,3c,250,1312,2,30,8.38301175104997,2,3E,THO,37.293217675654
FE3,2045,FE32,58,TIL,vivant,0.00190464552022591,10.644203671062,FE32,3c,250,1312,2,30,12.8711105507728,2,3E,TIL,27.0225823050802
FE3,2055,FE32,58,TIL,vivant,0.0014752194890055,12.844203671062,FE32,3c,250,1312,2,30,14.4960256572735,2,3E,TIL,57.985197472024
FE3,2055,FE32,59,BOJ,vivant,0.515655793403436,10.9200813139318,FE32,3c,250,1312,2,30,13.6543599225662,2,3E,BOJ,34.4760644425343
FE3,2055,FE32,60,BOP,vivant,0.106545196707438,10.7120462811694,FE32,3c,250,1312,2,30,15.4942208660289,2,3E,BOP,38.1108171479784
FE3,2055,FE32,61,CET,vivant,0.00306699385693079,11.0061308644354,FE32,3c,250,1312,2,30,16.0958910529941,2,3E,CET,40.0389044728853
FE3,2055,FE32,62,CHX,vivant,0.000461579748863965,11.23389173254,FE32,3c,250,1312,2,30,14.9121526319561,2,3E,CHX,40.6622948364177
FE3,2055,FE32,63,,vivant,0.101337953486646,10.7105592985519,FE32,3c,250,1312,2,30,10.2431033423755,2,3E,EPX,28.8253551639073
FE3,2055,FE32,64,ERP,vivant,0.147187790553595,10.4055468995175,FE32,3c,250,1312,2,30,12.6021814233026,2,3E,ERP,24.373333602873
FE3,2055,FE32,65,ERR,vivant,0.192370617537558,10.6468684664783,FE32,3c,250,1312,2,30,14.3272621967681,2,3E,ERR,28.9170947198712
FE3,2055,FE32,66,ERS,vivant,1.67197736387208,10.5583471816358,FE32,3c,250,1312,2,30,12.6913059239259,2,3E,ERS,26.1316380509507
FE3,2055,FE32,67,,vivant,0.0141012963731392,11.4335748474368,FE32,3c,250,1312,2,30,13.9213595825566,2,3E,F0R,41.4131495104274
FE3,2055,FE32,68,FRA,vivant,0.0015208809692726,10.9724408948448,FE32,3c,250,1312,2,30,17.7707527448122,2,3E,FRA,38.836344486677
FE3,2055,FE32,69,FRN,vivant,0.0227209492226063,11.0756169060537,FE32,3c,250,1312,2,30,15.4326828498137,2,3E,FRN,41.5594162460958
FE3,2055,FE32,70,,vivant,0.00237372644933552,10.4114605188709,FE32,3c,250,1312,2,30,15.6687506095147,2,3E,F_1,34.7026225179401
FE3,2055,FE32,71,HEG,vivant,0.0908359907078077,10.6818248755381,FE32,3c,250,1312,2,30,13.0098971251238,2,3E,HEG,31.8777810259942
FE3,2055,FE32,72,OSV,vivant,0.0126592267113964,10.1035250836198,FE32,3c,250,1312,2,30,14.0038504810205,2,3E,OSV,23.9366187660728
FE3,2055,FE32,73,PEU,vivant,0.0199140633383796,11.0306148283059,FE32,3c,250,1312,2,30,16.1408791702416,2,3E,PEU,44.556763489354
FE3,2055,FE32,74,PRP,vivant,0.129164379962085,10.4135768077549,FE32,3c,250,1312,2,30,15.2970768435039,2,3E,PRP,
FE3,2055,FE32,75,PRU,vivant,0.00840166665062919,10.7582813920502,FE32,3c,250,1312,2,30,8.46492471393871,2,3E,PRU,19.8726757058453
FE3,2055,FE32,76,SAB,vivant,0.516583383819103,10.9127779887237,FE32,3c,250,1312,2,30,11.7056318599815,2,3E,SAB,34.4414942401992
FE3,2055,FE32,77,THO,vivant,0.0208006413996661,10.2608387707724,FE32,3c,250,1312,2,30,7.37771961868229,2,3E,THO,17.2838662822584
FE3,2055,FE32,78,TIL,vivant,0.00131311710773586,10.5685108440588,FE32,3c,250,1312,2,30,12.8109659240865,2,3E,TIL,26.1043116735889
FE4,2025,FE42,1,ERS,vivant,1,15,FE42,3c,250,1312,2,30,14.2537774764511,2,3E,ERS,87.6273110532869
FE4,2035,FE42,1,ERS,vivant,0.934751183528684,20.7,FE42,3c,250,1312,2,30,16.0657274580273,2,3E,ERS,208.308486990414
FE4,2045,FE42,1,ERS,vivant,0.877372013301435,25.8,FE42,3c,250,1312,2,30,17.1902724692861,2,3E,ERS,356.229071489999
FE4,2055,FE42,1,ERS,vivant,0.82148506131956,29.9,FE42,3c,250,1312,2,30,17.8515505201387,2,3E,ERS,502.166521626776
FE4,2025,FE42,2,HEG,vivant,1,15,FE42,3c,250,1312,2,30,14.5591623968041,2,3E,HEG,97.8202428024694
FE4,2035,FE42,2,HEG,vivant,0.850446773921196,21.2,FE42,3c,250,1312,2,30,16.9912968097266,2,3E,HEG,251.417977236972
FE4,2045,FE42,2,HEG,vivant,0.731387178446442,26.8,FE42,3c,250,1312,2,30,18.5313710389543,2,3E,HEG,449.490061511945
FE4,2055,FE42,2,HEG,vivant,0.624187549915686,31.3,FE42,3c,250,1312,2,30,19.4478753384238,2,3E,HEG,649.329444055032
FE4,2035,FE42,3,,vivant,16.3901185066468,11.6197545732463,FE42,3c,250,1312,2,30,13.7202391142168,2,3E,AUT,43.0929252879047
FE4,2045,FE42,3,,vivant,14.3186197710873,15.9197545732463,FE42,3c,250,1312,2,30,15.4875128105473,2,3E,AUT,115.771549543868
FE4,2055,FE42,3,,vivant,12.6512977912317,19.5197545732463,FE42,3c,250,1312,2,30,16.618393561642,2,3E,AUT,198.248947062868
FE4,2035,FE42,4,ERS,vivant,2.67768551594925,11.6197545732463,FE42,3c,250,1312,2,30,12.7712538174456,2,3E,ERS,37.7035799858817
FE4,2045,FE42,4,ERS,vivant,2.4674927909257,15.8197545732463,FE42,3c,250,1312,2,30,14.5606580949792,2,3E,ERS,102.113982277435
FE4,2055,FE42,4,ERS,vivant,2.28583650625521,19.3197545732463,FE42,3c,250,1312,2,30,15.6895428756397,2,3E,ERS,174.776653812986
FE4,2035,FE42,5,HEG,vivant,2.42587412331193,11.6197545732463,FE42,3c,250,1312,2,30,12.7615561762002,2,3E,HEG,42.0488478820065
FE4,2045,FE42,5,HEG,vivant,2.012004024491,16.2197545732463,FE42,3c,250,1312,2,30,15.1146479430468,2,3E,HEG,122.68092095288
FE4,2055,FE42,5,HEG,vivant,1.72477012283554,20.1197545732463,FE42,3c,250,1312,2,30,16.6310050710837,2,3E,HEG,219.726561013728
FE4,2045,FE42,6,,vivant,9.58884808976404,11.1963311722975,FE42,3c,250,1312,2,30,13.513273848205,2,3E,AUT,37.3709102584756
FE4,2055,FE42,6,,vivant,7.59758287482809,14.3963311722975,FE42,3c,250,1312,2,30,14.9227009136912,2,3E,AUT,86.9015847118583
FE4,2045,FE42,7,ERS,vivant,2.01674816418761,11.1963311722975,FE42,3c,250,1312,2,30,12.5565419709228,2,3E,ERS,32.5262761070445
FE4,2055,FE42,7,ERS,vivant,1.83548079157663,14.2963311722975,FE42,3c,250,1312,2,30,13.9754339751797,2,3E,ERS,75.9447894899576
FE4,2045,FE42,8,HEG,vivant,2.1552495134878,11.1963311722975,FE42,3c,250,1312,2,30,12.504950210026,2,3E,HEG,36.3719135238676
FE4,2055,FE42,8,HEG,vivant,1.84105518060423,14.6963311722975,FE42,3c,250,1312,2,30,14.4139057716485,2,3E,HEG,92.028928481745
FE4,2055,FE42,9,,vivant,4.05736833935211,10.7768990969468,FE42,3c,250,1312,2,30,13.3010972169972,2,3E,AUT,31.9425379687643
FE4,2055,FE42,10,ERS,vivant,1.34683482040673,10.7768990969468,FE42,3c,250,1312,2,30,12.3363959486017,2,3E,ERS,27.6243865364865
FE4,2055,FE42,11,HEG,vivant,1.76272722520123,10.7768990969468,FE42,3c,250,1312,2,30,12.2427969415695,2,3E,HEG,31.0242300049756
FE5,2025,FE52,1,ERR,vivant,1,15,FE52,3c,250,1312,2,30,15.4300101654528,2,3E,ERR,91.3828630423124
FE5,2035,FE52,1,ERR,vivant,0.888317815084984,19,FE52,3c,250,1312,2,30,16.8092609303801,2,3E,ERR,174.337040978347
FE5,2045,FE52,1,ERR,vivant,0.785874514959922,22.5,FE52,3c,250,1312,2,30,17.7630527801979,2,3E,ERR,266.700251914944
FE5,2055,FE52,1,ERR,vivant,0.690059496925623,25.5,FE52,3c,250,1312,2,30,18.4377405555576,2,3E,ERR,360.845026530559
FE5,2025,FE52,2,ERS,vivant,1,15,FE52,3c,250,1312,2,30,13.7685719274878,2,3E,ERS,84.6444345748213
FE5,2035,FE52,2,ERS,vivant,0.929973994031706,17.4,FE52,3c,250,1312,2,30,14.5758218283449,2,3E,ERS,128.09312308056
FE5,2045,FE52,2,ERS,vivant,0.868072082769414,19.5,FE52,3c,250,1312,2,30,15.1756069102111,2,3E,ERS,172.572418913955
FE5,2055,FE52,2,ERS,vivant,0.813349119335428,21.3,FE52,3c,250,1312,2,30,15.622900433312,2,3E,ERS,215.530326254918
FE5,2025,FE52,3,HEG,vivant,1,15,FE52,3c,250,1312,2,30,13.797522951969,2,3E,HEG,92.7029322463304
FE5,2035,FE52,3,HEG,vivant,0.932267749483419,19.7,FE52,3c,250,1312,2,30,15.6085461538523,2,3E,HEG,196.926159617217
FE5,2045,FE52,3,HEG,vivant,0.859457635949868,23.9,FE52,3c,250,1312,2,30,16.8262681270267,2,3E,HEG,321.308246527966
FE5,2055,FE52,3,HEG,vivant,0.7791325520513,27.7,FE52,3c,250,1312,2,30,17.6820360820154,2,3E,HEG,459.242477553344
FE5,2025,FE52,4,OSV,vivant,1,15,FE52,3c,250,1312,2,30,15.5532376370279,2,3E,OSV,96.2948759499303
FE5,2035,FE52,4,OSV,vivant,0.901386056254129,16.7,FE52,3c,250,1312,2,30,16.2208300777251,2,3E,OSV,130.387220216436
FE5,2045,FE52,4,OSV,vivant,0.805587178740241,18.1,FE52,3c,250,1312,2,30,16.7310140289021,2,3E,OSV,162.022462540884
FE5,2055,FE52,4,OSV,vivant,0.716899074211511,19.2,FE52,3c,250,1312,2,30,17.1100758610426,2,3E,OSV,189.2055740387
FE5,2025,FE52,5,SAB,vivant,1,15,FE52,3c,250,1312,2,30,13.1345502425154,2,3E,SAB,92.0767324301052
FE5,2035,FE52,5,SAB,vivant,0.829007067393412,20.1,FE52,3c,250,1312,2,30,15.8506249531777,2,3E,SAB,208.30642400172
FE5,2045,FE52,5,SAB,vivant,0.645608378951504,24.7,FE52,3c,250,1312,2,30,17.9369834265989,2,3E,SAB,352.101765428931
FE5,2055,FE52,5,SAB,vivant,0.45476082292015,28.9,FE52,3c,250,1312,2,30,19.618377077599,2,3E,SAB,514.872218428177
FE5,2035,FE52,6,ERR,vivant,6.31966737017495,10.8334766897421,FE52,3c,250,1312,2,30,13.5184374831164,2,3E,ERR,29.3177621129996
FE5,2045,FE52,6,ERR,vivant,5.39990153926616,14.1334766897421,FE52,3c,250,1312,2,30,15.0793104517774,2,3E,ERR,76.4949751642236
FE5,2055,FE52,6,ERR,vivant,4.67875674817397,16.9334766897421,FE52,3c,250,1312,2,30,16.1415906803917,2,3E,ERR,128.520819879767
FE5,2035,FE52,7,ERS,vivant,4.43329332142815,11.016673350054,FE52,3c,250,1312,2,30,12.0546614503817,2,3E,ERS,29.402794219114
FE5,2045,FE52,7,ERS,vivant,3.97600920067777,12.816673350054,FE52,3c,250,1312,2,30,12.8963131564078,2,3E,ERS,51.8254697299796
FE5,2055,FE52,7,ERS,vivant,3.58020181498684,14.416673350054,FE52,3c,250,1312,2,30,13.5496361962389,2,3E,ERS,75.258715468142
FE5,2035,FE52,8,,vivant,0.844192583388892,11.0877759250413,FE52,3c,250,1312,2,30,13.2336125322947,2,3E,F_0,31.9439640278968
FE5,2045,FE52,8,,vivant,0.663593236478342,13.5877759250413,FE52,3c,250,1312,2,30,14.8700543278744,2,3E,F_0,68.6206252150952
FE5,2055,FE52,8,,vivant,0.5335286699258,15.6877759250413,FE52,3c,250,1312,2,30,16.1041879885536,2,3E,F_0,107.914962954548
FE5,2035,FE52,9,,vivant,5.04277216064803,11.6565879466002,FE52,3c,250,1312,2,30,14.1974924119802,2,3E,F_1,47.2760353346919
FE5,2045,FE52,9,,vivant,3.76289609842698,16.8565879466002,FE52,3c,250,1312,2,30,16.8254312512472,2,3E,F_1,149.489221438571
FE5,2055,FE52,9,,vivant,3.06230603195898,21.7565879466002,FE52,3c,250,1312,2,30,18.5842299417038,2,3E,F_1,290.780785949824
FE5,2035,FE52,10,HEG,vivant,0.344654075232275,10.6133921951765,FE52,3c,250,1312,2,30,11.4977355053936,2,3E,HEG,27.4817523276662
FE5,2045,FE52,10,HEG,vivant,0.315975130103997,14.3133921951765,FE52,3c,250,1312,2,30,13.4826988133387,2,3E,HEG,80.5080418646033
FE5,2055,FE52,10,HEG,vivant,0.290880715648479,17.6133921951765,FE52,3c,250,1312,2,30,14.8721935459458,2,3E,HEG,146.138247114162
FE5,2035,FE52,11,OSV,vivant,2.22991915394973,9.91415090117637,FE52,3c,250,1312,2,30,13.118843482128,2,3E,OSV,20.4228331269257
FE5,2045,FE52,11,OSV,vivant,1.93922437764741,11.2141509011764,FE52,3c,250,1312,2,30,13.8194612805669,2,3E,OSV,36.3432254160078
FE5,2055,FE52,11,OSV,vivant,1.68218204112007,12.2141509011764,FE52,3c,250,1312,2,30,14.3170884495038,2,3E,OSV,50.1443839353349
FE5,2035,FE52,12,,vivant,0.0623534993644823,11.5270263412849,FE52,3c,250,1312,2,30,7.97378825637791,2,3E,RES,23.9893764708706
FE5,2045,FE52,12,,vivant,0.0544760081002532,14.2270263412849,FE52,3c,250,1312,2,30,9.35141530281712,2,3E,RES,51.81659749989
FE5,2055,FE52,12,,vivant,0.047582096615791,16.6270263412849,FE52,3c,250,1312,2,30,10.4392996683784,2,3E,RES,84.5938009088942
FE5,2035,FE52,13,SAB,vivant,1.10221584950431,11.5084699710854,FE52,3c,250,1312,2,30,10.9354865906253,2,3E,SAB,38.1755556837809
FE5,2045,FE52,13,SAB,vivant,0.908470720835128,15.7084699710854,FE52,3c,250,1312,2,30,13.5430702346352,2,3E,SAB,105.519744993063
FE5,2055,FE52,13,SAB,vivant,0.722847507758356,19.4084699710854,FE52,3c,250,1312,2,30,15.5102192230772,2,3E,SAB,189.88183117113
FE5,2045,FE52,14,ERR,vivant,2.35296635372248,10.4369975952291,FE52,3c,250,1312,2,30,13.3020696903599,2,3E,ERR,24.617598013705
FE5,2055,FE52,14,ERR,vivant,1.94778385774644,13.2369975952291,FE52,3c,250,1312,2,30,14.6929738109859,2,3E,ERR,62.2098804445854
FE5,2045,FE52,15,ERS,vivant,2.86815511914888,10.5782936944155,FE52,3c,250,1312,2,30,11.829923886225,2,3E,ERS,24.5517579607475
FE5,2055,FE52,15,ERS,vivant,2.50685062290776,12.0782936944155,FE52,3c,250,1312,2,30,12.5659241805694,2,3E,ERS,42.1325017077578
FE5,2045,FE52,16,,vivant,0.619313392465044,10.6331337579335,FE52,3c,250,1312,2,30,12.9125666351679,2,3E,F_0,26.3718491589736
FE5,2055,FE52,16,,vivant,0.459082775559757,12.7331337579335,FE52,3c,250,1312,2,30,14.3332546027878,2,3E,F_0,54.8953296794308
FE5,2045,FE52,17,,vivant,3.66767143675886,11.0718476497684,FE52,3c,250,1312,2,30,13.8344474198738,2,3E,F_1,38.7009573234602
FE5,2055,FE52,17,,vivant,2.52519254468232,15.4718476497684,FE52,3c,250,1312,2,30,16.2164794102838,2,3E,F_1,117.57677271768
FE5,2045,FE52,18,HEG,vivant,0.325700161916134,10.2672506111925,FE52,3c,250,1312,2,30,11.2828707540655,2,3E,HEG,23.5729834741152
FE5,2055,FE52,18,HEG,vivant,0.294470624435851,13.3672506111925,FE52,3c,250,1312,2,30,13.0238408783817,2,3E,HEG,64.9351263143023
FE5,2045,FE52,19,OSV,vivant,1.57795590650975,9.72793910265292,FE52,3c,250,1312,2,30,13.0128484556139,2,3E,OSV,18.3204987485304
FE5,2055,FE52,19,OSV,vivant,1.34163690842333,10.7279391026529,FE52,3c,250,1312,2,30,13.5650674861112,2,3E,OSV,30.1287276968367
FE5,2045,FE52,20,,vivant,0.0679733231242414,10.9719192482123,FE52,3c,250,1312,2,30,7.66721891978461,2,3E,RES,19.3898706815547
FE5,2055,FE52,20,,vivant,0.0576912744353053,13.1719192482123,FE52,3c,250,1312,2,30,8.83419376898834,2,3E,RES,39.8384951166637
FE5,2045,FE52,21,SAB,vivant,0.925041602217576,10.9576070728714,FE52,3c,250,1312,2,30,10.5560187094952,2,3E,SAB,31.4898420205434
FE5,2055,FE52,21,SAB,vivant,0.735582231413019,14.4576070728714,FE52,3c,250,1312,2,30,12.8139237415598,2,3E,SAB,82.3651918630515
FE5,2055,FE52,22,ERR,vivant,0.855756834542587,10.2958819507938,FE52,3c,250,1312,2,30,13.2233033255255,2,3E,ERR,22.9922400361404
FE5,2055,FE52,23,ERS,vivant,1.83967386654062,10.4222647171783,FE52,3c,250,1312,2,30,11.7478795065188,2,3E,ERS,22.8811994256095
FE5,2055,FE52,24,,vivant,0.450567559975065,10.4713165945906,FE52,3c,250,1312,2,30,12.7963344421203,2,3E,F_0,24.4659212926625
FE5,2055,FE52,25,,vivant,2.39967568384663,10.8637256959083,FE52,3c,250,1312,2,30,13.7011847036838,2,3E,F_1,35.7840782091324
FE5,2055,FE52,26,HEG,vivant,0.311494101970631,10.1440511957233,FE52,3c,250,1312,2,30,11.2050026755977,2,3E,HEG,22.2232494667818
FE5,2055,FE52,27,OSV,vivant,1.14425984875238,9.66166222118866,FE52,3c,250,1312,2,30,12.9747522161071,2,3E,OSV,17.5826212244406
FE5,2055,FE52,28,,vivant,0.0754328851308129,10.7743444044093,FE52,3c,250,1312,2,30,7.55600044727571,2,3E,RES,17.8413676970813
FE5,2055,FE52,29,SAB,vivant,0.758922452914231,10.7615428315211,FE52,3c,250,1312,2,30,10.4185215448993,2,3E,SAB,29.2255826962492
FE6,2025,FE62,1,BOJ,vivant,1,15,FE62,3c,250,1312,2,30,14.4389037758357,2,3E,BOJ,93.3035665386844
FE6,2035,FE62,1,BOJ,vivant,0.94757337313239,18,FE62,3c,250,1312,2,30,15.4057604909213,2,3E,BOJ,153.323253940971
FE6,2045,FE62,1,BOJ,vivant,0.901229873774617,20.7,FE62,3c,250,1312,2,30,16.1297778080947,2,3E,BOJ,218.793523142119
FE6,2055,FE62,1,BOJ,vivant,0.859871001947221,23.2,FE62,3c,250,1312,2,30,16.7019115000403,2,3E,BOJ,289.279816729502
FE6,2025,FE62,2,BOP,vivant,1,15,FE62,3c,250,1312,2,30,16.9227983239981,2,3E,BOP,113.130651253168
FE6,2035,FE62,2,BOP,vivant,0.816942116251633,17.6,FE62,3c,250,1312,2,30,17.9968473294113,2,3E,BOP,175.70070864822
FE6,2045,FE62,2,BOP,vivant,0.652104992274483,19.8,FE62,3c,250,1312,2,30,18.782963750061,2,3E,BOP,238.517529937251
FE6,2055,FE62,2,BOP,vivant,0.511800516337697,21.8,FE62,3c,250,1312,2,30,19.4172375457257,2,3E,BOP,303.669695414482
FE6,2025,FE62,3,CHR,vivant,1,15,FE62,3c,250,1312,2,30,15.6612688638415,2,3E,CHX,99.2010981819332
FE6,2035,FE62,3,CHR,vivant,0.921974035971901,18.6,FE62,3c,250,1312,2,30,17.0891361718842,2,3E,CHX,179.765966249185
FE6,2045,FE62,3,CHR,vivant,0.867751683244815,22.1,FE62,3c,250,1312,2,30,18.2068823929114,2,3E,CHX,279.313631908496
FE6,2055,FE62,3,CHR,vivant,0.825626819000632,25.6,FE62,3c,250,1312,2,30,19.1201345223643,2,3E,CHX,400.213255478133
FE6,2025,FE62,4,EPB,vivant,1,15,FE62,3c,250,1312,2,30,12.5309943498821,2,3E,EPX,90.2717508208391
FE6,2035,FE62,4,EPB,vivant,0.909536419420402,18.3,FE62,3c,250,1312,2,30,14.3518307825799,2,3E,EPX,161.180007612702
FE6,2045,FE62,4,EPB,vivant,0.817689853998863,21.2,FE62,3c,250,1312,2,30,15.7476274092348,2,3E,EPX,240.136319646185
FE6,2055,FE62,4,EPB,vivant,0.72546216139479,23.8,FE62,3c,250,1312,2,30,16.8646171630218,2,3E,EPX,324.214627987241
FE6,2025,FE62,5,ERR,vivant,1,15,FE62,3c,250,1312,2,30,15.1045474982968,2,3E,ERR,89.4553393388806
FE6,2035,FE62,5,ERR,vivant,0.940503775227907,17.6,FE62,3c,250,1312,2,30,16.030742540591,2,3E,ERR,139.673517071778
FE6,2045,FE62,5,ERR,vivant,0.890138740462029,19.9,FE62,3c,250,1312,2,30,16.7315386186255,2,3E,ERR,192.363748056014
FE6,2055,FE62,5,ERR,vivant,0.847307301953323,22.1,FE62,3c,250,1312,2,30,17.3166319191383,2,3E,ERR,250.178534660351
FE6,2025,FE62,6,ERS,vivant,1,15,FE62,3c,250,1312,2,30,13.3152694693108,2,3E,ERS,81.8576873024216
FE6,2035,FE62,6,ERS,vivant,0.935435808250855,17.5,FE62,3c,250,1312,2,30,14.1395118094441,2,3E,ERS,125.915346809521
FE6,2045,FE62,6,ERS,vivant,0.870598029219427,19.6,FE62,3c,250,1312,2,30,14.7265780360503,2,3E,ERS,169.374104812855
FE6,2055,FE62,6,ERS,vivant,0.809539096651136,21.6,FE62,3c,250,1312,2,30,15.2106924040292,2,3E,ERS,216.279121401996
FE6,2025,FE62,7,HEG,vivant,1,15,FE62,3c,250,1312,2,30,14.2666842400998,2,3E,HEG,95.8551377007146
FE6,2035,FE62,7,HEG,vivant,0.960369286926911,18.3,FE62,3c,250,1312,2,30,15.6417177674886,2,3E,HEG,167.578967487854
FE6,2045,FE62,7,HEG,vivant,0.92019584683379,21.5,FE62,3c,250,1312,2,30,16.7287259388808,2,3E,HEG,255.123987972241
FE6,2055,FE62,7,HEG,vivant,0.879828187577882,24.7,FE62,3c,250,1312,2,30,17.6229488069364,2,3E,HEG,360.612195502702
FE6,2025,FE62,8,OSV,vivant,1,15,FE62,3c,250,1312,2,30,16.1163299925836,2,3E,OSV,99.7811538421616
FE6,2035,FE62,8,OSV,vivant,0.895123115608793,16.4,FE62,3c,250,1312,2,30,16.6872061191502,2,3E,OSV,128.49838289185
FE6,2045,FE62,8,OSV,vivant,0.790064343559965,17.5,FE62,3c,250,1312,2,30,17.108956674498,2,3E,OSV,153.375417273286
FE6,2055,FE62,8,OSV,vivant,0.695288787973573,18.5,FE62,3c,250,1312,2,30,17.4742179726218,2,3E,OSV,177.805852852771
FE6,2025,FE62,9,PET,vivant,1,15,FE62,3c,250,1312,2,30,17.025031776121,2,3E,PEU,114.413514424146
FE6,2035,FE62,9,PET,vivant,0.785083692119713,18.8,FE62,3c,250,1312,2,30,18.7172601674186,2,3E,PEU,213.022503029142
FE6,2045,FE62,9,PET,vivant,0.641363454614787,22.7,FE62,3c,250,1312,2,30,20.077996484606,2,3E,PEU,343.910580709069
FE6,2055,FE62,9,PET,vivant,0.533603061237473,26.6,FE62,3c,250,1312,2,30,21.1500738121466,2,3E,PEU,505.197245498045
FE6,2025,FE62,10,PIB,vivant,1,15,FE62,3c,250,1312,2,30,14.2155681551745,2,3E,PIN,103.97617229555
FE6,2035,FE62,10,PIB,vivant,0.965378682893467,19.6,FE62,3c,250,1312,2,30,16.5743793805907,2,3E,PIN,219.10904544104
FE6,2045,FE62,10,PIB,vivant,0.934145785375974,24.3,FE62,3c,250,1312,2,30,18.5288572725093,2,3E,PIN,379.60202027506
FE6,2055,FE62,10,PIB,vivant,0.903011408869124,29,FE62,3c,250,1312,2,30,20.1413153679028,2,3E,PIN,583.155793236323
FE6,2025,FE62,11,SAB,vivant,1,15,FE62,3c,250,1312,2,30,13.9059313853293,2,3E,SAB,97.4843218623336
FE6,2035,FE62,11,SAB,vivant,0.707920661978582,18.4,FE62,3c,250,1312,2,30,15.8261868696998,2,3E,SAB,173.584749079961
FE6,2045,FE62,11,SAB,vivant,0.428010218966177,21.5,FE62,3c,250,1312,2,30,17.3866955744473,2,3E,SAB,261.242121539633
FE6,2055,FE62,11,SAB,vivant,0.21505437674498,24.4,FE62,3c,250,1312,2,30,18.714739228861,2,3E,SAB,358.974285935072
FE6,2035,FE62,12,,vivant,1.00704957261459,10.545519219964,FE62,3c,250,1312,2,30,12.5593640641135,2,3E,AUT,27.6788401942371
FE6,2045,FE62,12,,vivant,0.659305711481212,12.345519219964,FE62,3c,250,1312,2,30,13.3970415307127,2,3E,AUT,50.9591711795242
FE6,2055,FE62,12,,vivant,0.467291677660971,13.945519219964,FE62,3c,250,1312,2,30,14.0490530753909,2,3E,AUT,75.3029282724678
FE6,2035,FE62,13,BOJ,vivant,0.876552493668234,10.677074741821,FE62,3c,250,1312,2,30,12.6248740736647,2,3E,BOJ,29.2386472244152
FE6,2045,FE62,13,BOJ,vivant,0.79242851739123,13.377074741821,FE62,3c,250,1312,2,30,13.8262741417427,2,3E,BOJ,66.2493783092984
FE6,2055,FE62,13,BOJ,vivant,0.732200782593165,15.877074741821,FE62,3c,250,1312,2,30,14.7419608722694,2,3E,BOJ,109.48919052704
FE6,2035,FE62,14,BOP,vivant,0.648750358587159,10.126426399839,FE62,3c,250,1312,2,30,14.3188004309071,2,3E,BOP,27.9626636544247
FE6,2045,FE62,14,BOP,vivant,0.486179518563027,12.426426399839,FE62,3c,250,1312,2,30,15.6632250508974,2,3E,BOP,63.1605156986916
FE6,2055,FE62,14,BOP,vivant,0.36866894306695,14.526426399839,FE62,3c,250,1312,2,30,16.7072732336676,2,3E,BOP,103.060213819941
FE6,2035,FE62,15,CHX,vivant,2.04077956165909,11.1044834964136,FE62,3c,250,1312,2,30,13.6735155939297,2,3E,CHX,35.757693220108
FE6,2045,FE62,15,CHX,vivant,1.71826418090003,14.1044834964136,FE62,3c,250,1312,2,30,15.2512323418202,2,3E,CHX,82.4961121949569
FE6,2055,FE62,15,CHX,vivant,1.53337203060092,17.0044834964136,FE62,3c,250,1312,2,30,16.4961380440445,2,3E,CHX,141.372720122987
FE6,2035,FE62,16,,vivant,0.626698543717971,10.6876592675977,FE62,3c,250,1312,2,30,9.66966461609518,2,3E,EPX,27.0074268301427
FE6,2045,FE62,16,,vivant,0.556647872010708,13.6876592675977,FE62,3c,250,1312,2,30,11.7249729209827,2,3E,EPX,67.5749828717129
FE6,2055,FE62,16,,vivant,0.493524216084757,16.3876592675977,FE62,3c,250,1312,2,30,13.3302380004981,2,3E,EPX,117.654022125079
FE6,2035,FE62,17,ERR,vivant,2.64339896529375,10.4286620145819,FE62,3c,250,1312,2,30,13.0008183532365,2,3E,ERR,23.9739153969804
FE6,2045,FE62,17,ERR,vivant,2.29782792889908,12.5286620145819,FE62,3c,250,1312,2,30,14.0572551877639,2,3E,ERR,50.588326155327
FE6,2055,FE62,17,ERR,vivant,2.0659968966435,14.5286620145819,FE62,3c,250,1312,2,30,14.9187041422991,2,3E,ERR,81.388654107195
FE6,2035,FE62,18,ERS,vivant,1.72881935656559,10.245951470799,FE62,3c,250,1312,2,30,11.242287661512,2,3E,ERS,20.2858914949592
FE6,2045,FE62,18,ERS,vivant,1.55002367438495,12.345951470799,FE62,3c,250,1312,2,30,12.2548148153409,2,3E,ERS,44.0100728005587
FE6,2055,FE62,18,ERS,vivant,1.40348222483746,14.245951470799,FE62,3c,250,1312,2,30,13.0354615387675,2,3E,ERS,70.1842196765756
FE6,2035,FE62,19,HEG,vivant,0.560544250023658,10.7292347723966,FE62,3c,250,1312,2,30,11.9684253917131,2,3E,HEG,29.8254938416653
FE6,2045,FE62,19,HEG,vivant,0.530043976377541,13.3292347723966,FE62,3c,250,1312,2,30,13.4482525552361,2,3E,HEG,66.5330092189
FE6,2055,FE62,19,HEG,vivant,0.502209686374162,15.9292347723966,FE62,3c,250,1312,2,30,14.6839145698727,2,3E,HEG,114.175044861908
FE6,2035,FE62,20,OSV,vivant,0.904563705144901,9.84163142264976,FE62,3c,250,1312,2,30,13.5617944021184,2,3E,OSV,20.3243652818652
FE6,2045,FE62,20,OSV,vivant,0.758178870333074,11.0416314226498,FE62,3c,250,1312,2,30,14.2355518870367,2,3E,OSV,35.3569893145397
FE6,2055,FE62,20,OSV,vivant,0.638091173692862,12.1416314226498,FE62,3c,250,1312,2,30,14.8052054781938,2,3E,OSV,50.8945963595716
FE6,2035,FE62,21,PEU,vivant,1.84390033510657,11.1816325773409,FE62,3c,250,1312,2,30,14.8169895983517,2,3E,PEU,42.9126037193891
FE6,2045,FE62,21,PEU,vivant,1.21922433123615,14.3816325773409,FE62,3c,250,1312,2,30,16.7068992542337,2,3E,PEU,101.004101369869
FE6,2055,FE62,21,PEU,vivant,0.890750403607495,17.5816325773409,FE62,3c,250,1312,2,30,18.2194943958412,2,3E,PEU,178.332743558893
FE6,2035,FE62,22,PIN,vivant,1.20453095557513,10.8522016813209,FE62,3c,250,1312,2,30,11.5561765360099,2,3E,PIN,34.5293865729542
FE6,2045,FE62,22,PIN,vivant,1.14274842860413,14.6522016813209,FE62,3c,250,1312,2,30,14.0146809224851,2,3E,PIN,96.9301906141062
FE6,2055,FE62,22,PIN,vivant,1.0942494037025,18.5522016813209,FE62,3c,250,1312,2,30,16.081158408727,2,3E,PIN,189.256246499596
FE6,2035,FE62,23,SAB,vivant,2.55645967435623,10.7552895426988,FE62,3c,250,1312,2,30,11.097876757864,2,3E,SAB,31.0685495183807
FE6,2045,FE62,23,SAB,vivant,1.9517008908311,13.7552895426988,FE62,3c,250,1312,2,30,13.1363040530493,2,3E,SAB,74.7914353002257
FE6,2055,FE62,23,SAB,vivant,1.33435513097006,16.5552895426988,FE62,3c,250,1312,2,30,14.8149144346929,2,3E,SAB,129.709550126855
FE6,2045,FE62,24,,vivant,0.751036389684622,10.4234572102812,FE62,3c,250,1312,2,30,12.4979221812081,2,3E,AUT,26.251018681095
FE6,2055,FE62,24,,vivant,0.457865119936042,11.9234572102812,FE62,3c,250,1312,2,30,13.2113690314022,2,3E,AUT,45.1188024056873
FE6,2045,FE62,25,BOJ,vivant,0.771875127606007,10.5439039684767,FE62,3c,250,1312,2,30,12.5585551708601,2,3E,BOJ,27.6598239679513
FE6,2055,FE62,25,BOJ,vivant,0.686373549603132,12.8439039684767,FE62,3c,250,1312,2,30,13.6086132880276,2,3E,BOJ,58.1648176870618
FE6,2045,FE62,26,BOP,vivant,0.381310344391215,10.0397532740684,FE62,3c,250,1312,2,30,14.2631791097672,2,3E,BOP,26.8005857337813
FE6,2055,FE62,26,BOP,vivant,0.274219375477507,12.0397532740684,FE62,3c,250,1312,2,30,15.4534098074996,2,3E,BOP,56.6386331582086
FE6,2045,FE62,27,CHX,vivant,1.29557950195455,10.9352216280351,FE62,3c,250,1312,2,30,13.5736094215432,2,3E,CHX,33.5281463484519
FE6,2055,FE62,27,CHX,vivant,1.05703619679202,13.5352216280351,FE62,3c,250,1312,2,30,14.9772761218323,2,3E,CHX,72.548330541218
FE6,2045,FE62,28,,vivant,0.498272608562087,10.5535947195668,FE62,3c,250,1312,2,30,9.57003056438535,2,3E,EPX,25.5501059757952
FE6,2055,FE62,28,,vivant,0.43484594939882,13.1535947195668,FE62,3c,250,1312,2,30,11.3818053128433,2,3E,EPX,59.214965298328
FE6,2045,FE62,29,ERR,vivant,2.18758114254523,10.3164676186519,FE62,3c,250,1312,2,30,12.9391683657924,2,3E,ERR,22.7088632698103
FE6,2055,FE62,29,ERR,vivant,1.85834457561464,12.1164676186519,FE62,3c,250,1312,2,30,13.8633830313225,2,3E,ERR,44.9137120801653
FE6,2045,FE62,30,ERS,vivant,1.48073936702228,10.1491854523381,FE62,3c,250,1312,2,30,11.1911999906653,2,3E,ERS,19.3189095868478
FE6,2055,FE62,30,ERS,vivant,1.30621519380497,11.9491854523381,FE62,3c,250,1312,2,30,12.0766066431469,2,3E,ERS,39.1177927618768
FE6,2045,FE62,31,HEG,vivant,0.512807257229995,10.5916595206689,FE62,3c,250,1312,2,30,11.8820060462589,2,3E,HEG,28.174004862456
FE6,2055,FE62,31,HEG,vivant,0.480762709682345,12.8916595206689,FE62,3c,250,1312,2,30,13.2179984556279,2,3E,HEG,59.6076131080763
FE6,2045,FE62,32,OSV,vivant,0.870819133814129,9.77900685104789,FE62,3c,250,1312,2,30,13.5249419675785,2,3E,OSV,19.5922475744746
FE6,2055,FE62,32,OSV,vivant,0.711813970457523,10.7790068510479,FE62,3c,250,1312,2,30,14.0930883999208,2,3E,OSV,31.9003757756254
FE6,2045,FE62,33,PEU,vivant,1.25887380884859,11.0058561142526,FE62,3c,250,1312,2,30,14.6995419772478,2,3E,PEU,40.2524358485171
FE6,2055,FE62,33,PEU,vivant,0.773561063912418,13.8058561142526,FE62,3c,250,1312,2,30,16.3981877417605,2,3E,PEU,89.1661779536376
FE6,2045,FE62,34,PIN,vivant,1.01062597963399,10.7042429024699,FE62,3c,250,1312,2,30,11.4492917550133,2,3E,PIN,32.6230757686803
FE6,2055,FE62,34,PIN,vivant,0.950917491902709,14.1042429024699,FE62,3c,250,1312,2,30,13.6907546874626,2,3E,PIN,86.2925767603317
FE6,2045,FE62,35,SAB,vivant,3.10724116508297,10.6155141835073,FE62,3c,250,1312,2,30,10.9956405196768,2,3E,SAB,29.3971575716179
FE6,2055,FE62,35,SAB,vivant,2.29191697206701,13.2155141835073,FE62,3c,250,1312,2,30,12.7897260831311,2,3E,SAB,65.7937298314124
FE6,2055,FE62,36,,vivant,0.497955774543185,10.307173467713,FE62,3c,250,1312,2,30,12.4387881020136,2,3E,AUT,24.9080720346049
FE6,2055,FE62,37,BOJ,vivant,0.607447175319323,10.4170373376107,FE62,3c,250,1312,2,30,12.4946728493075,2,3E,BOJ,26.1764374879891
FE6,2055,FE62,38,BOP,vivant,0.195295670775844,9.95718314867974,FE62,3c,250,1312,2,30,14.2098161127076,2,3E,BOP,25.7041862228974
FE6,2055,FE62,39,CHX,vivant,0.69584500092797,10.773972410688,FE62,3c,250,1312,2,30,13.4772009718926,2,3E,CHX,31.4430619486206
FE6,2055,FE62,40,,vivant,0.36485771558707,10.4258766242211,FE62,3c,250,1312,2,30,9.47443618123233,2,3E,EPX,24.189234437075
FE6,2055,FE62,41,ERR,vivant,1.66699785053849,10.2095843690001,FE62,3c,250,1312,2,30,12.8798920322921,2,3E,ERR,21.5179671645192
FE6,2055,FE62,42,ERS,vivant,1.21232806451883,10.0570002195264,FE62,3c,250,1312,2,30,11.1421319309372,2,3E,ERS,18.407726985388
FE6,2055,FE62,43,HEG,vivant,0.466638604994972,10.4605969140704,FE62,3c,250,1312,2,30,11.7988370485562,2,3E,HEG,26.6270121987966
FE6,2055,FE62,44,OSV,vivant,0.792523598635287,9.71934685051597,FE62,3c,250,1312,2,30,13.489666614145,2,3E,OSV,18.8994749932115
FE6,2055,FE62,45,PEU,vivant,0.719080089713763,10.8384006951879,FE62,3c,250,1312,2,30,14.586148074696,2,3E,PEU,37.7677394168668
FE6,2055,FE62,46,PIN,vivant,0.73202003000461,10.5632883122961,FE62,3c,250,1312,2,30,11.3465812256808,2,3E,PIN,30.842123144254
FE6,2055,FE62,47,SAB,vivant,3.4221550226468,10.4823556198571,FE62,3c,250,1312,2,30,10.8975746427941,2,3E,SAB,27.8342282663363
MF1,2025,MF12,1,BOJ,vivant,1,15,MF12,3c,250,1312,2,30,12.9058078708297,2,3E,BOJ,83.3967676567429
MF1,2035,MF12,1,BOJ,vivant,0.90386733027113,18.6,MF12,3c,250,1312,2,30,13.9598454161737,2,3E,BOJ,149.590926146785
MF1,2045,MF12,1,BOJ,vivant,0.814567215643315,21.9,MF12,3c,250,1312,2,30,14.7397206315664,2,3E,BOJ,225.774635552042
MF1,2055,MF12,1,BOJ,vivant,0.730569590244657,25,MF12,3c,250,1312,2,30,15.3475886321729,2,3E,BOJ,311.139478522268
MF1,2025,MF12,2,BOP,vivant,1,15,MF12,3c,250,1312,2,30,14.6921711898871,2,3E,BOP,98.218678921316
MF1,2035,MF12,2,BOP,vivant,0.779756322371467,18,MF12,3c,250,1312,2,30,15.8026575499672,2,3E,BOP,162.351193008899
MF1,2045,MF12,2,BOP,vivant,0.595416309735123,20.7,MF12,3c,250,1312,2,30,16.6492424264067,2,3E,BOP,232.915109445433
MF1,2055,MF12,2,BOP,vivant,0.443483426722266,23.1,MF12,3c,250,1312,2,30,17.3041626331235,2,3E,BOP,306.136055112546
MF1,2025,MF12,3,EPB,vivant,1,15,MF12,3c,250,1312,2,30,11.1533940971255,2,3E,EPX,80.3476870733566
MF1,2035,MF12,3,EPB,vivant,0.899999110270976,18.9,MF12,3c,250,1312,2,30,13.2064270031544,2,3E,EPX,158.812745666445
MF1,2045,MF12,3,EPB,vivant,0.799769807281196,22.7,MF12,3c,250,1312,2,30,14.9116871606797,2,3E,EPX,260.960262084003
MF1,2055,MF12,3,EPB,vivant,0.700786318524596,26.3,MF12,3c,250,1312,2,30,16.3130801048326,2,3E,EPX,381.192912151393
MF1,2025,MF12,4,ERR,vivant,1,15,MF12,3c,250,1312,2,30,13.71993575926,2,3E,ERR,81.2550994454246
MF1,2035,MF12,4,ERR,vivant,0.757439717433151,19.1,MF12,3c,250,1312,2,30,15.0349684817683,2,3E,ERR,157.780643477659
MF1,2045,MF12,4,ERR,vivant,0.610080464823548,23,MF12,3c,250,1312,2,30,16.0193928688145,2,3E,ERR,252.088510136005
MF1,2055,MF12,4,ERR,vivant,0.509457100349777,26.7,MF12,3c,250,1312,2,30,16.7744457392635,2,3E,ERR,361.40479305542
MF1,2025,MF12,5,FRN,vivant,1,15,MF12,3c,250,1312,2,30,14.6334965102685,2,3E,FRN,95.4464221016578
MF1,2035,MF12,5,FRN,vivant,0.877651358399402,17.6,MF12,3c,250,1312,2,30,15.7693649443538,2,3E,FRN,150.423189702259
MF1,2045,MF12,5,FRN,vivant,0.773817792221552,20.1,MF12,3c,250,1312,2,30,16.714811267002,2,3E,FRN,214.468190949437
MF1,2055,MF12,5,FRN,vivant,0.682042656818823,22.5,MF12,3c,250,1312,2,30,17.5107485543503,2,3E,FRN,286.553583706711
MF1,2025,MF12,6,PET,vivant,1,15,MF12,3c,250,1312,2,30,14.3528991093051,2,3E,PEU,96.4559509118844
MF1,2035,MF12,6,PET,vivant,0.697032110179026,20.4,MF12,3c,250,1312,2,30,16.4402876957204,2,3E,PEU,223.891875321264
MF1,2045,MF12,6,PET,vivant,0.482845713089817,25.7,MF12,3c,250,1312,2,30,17.9231296872312,2,3E,PEU,398.54246539743
MF1,2055,MF12,6,PET,vivant,0.331449406177259,31,MF12,3c,250,1312,2,30,19.0077027255019,2,3E,PEU,622.368197705714
MF1,2025,MF12,7,SAB,vivant,1,15,MF12,3c,250,1312,2,30,12.0469376979453,2,3E,SAB,84.4522757562974
MF1,2035,MF12,7,SAB,vivant,0.660566867726776,19,MF12,3c,250,1312,2,30,14.1386208483684,2,3E,SAB,165.716937343291
MF1,2045,MF12,7,SAB,vivant,0.39971076000953,22.8,MF12,3c,250,1312,2,30,15.8838935355548,2,3E,SAB,267.598666356797
MF1,2055,MF12,7,SAB,vivant,0.22101042552759,26.4,MF12,3c,250,1312,2,30,17.3678421961692,2,3E,SAB,386.156902501027
MF1,2035,MF12,8,,vivant,0.675610264182753,11.2465473677269,MF12,3c,250,1312,2,30,11.4906169111973,2,3E,AUT,32.2838889819146
MF1,2045,MF12,8,,vivant,0.415006665501216,14.3465473677269,MF12,3c,250,1312,2,30,12.6861092265696,2,3E,AUT,73.2205738510693
MF1,2055,MF12,8,,vivant,0.298023105181643,17.4465473677269,MF12,3c,250,1312,2,30,13.6482202988825,2,3E,AUT,126.487684501678
MF1,2035,MF12,9,BOJ,vivant,0.346584591934346,11.2465473677269,MF12,3c,250,1312,2,30,11.4906169111973,2,3E,BOJ,32.2838889819146
MF1,2045,MF12,9,BOJ,vivant,0.316730606943805,14.8465473677269,MF12,3c,250,1312,2,30,12.8550973324926,2,3E,BOJ,80.9573002181105
MF1,2055,MF12,9,BOJ,vivant,0.288274657520013,18.2465473677269,MF12,3c,250,1312,2,30,13.8667221345932,2,3E,BOJ,142.319211346647
MF1,2035,MF12,10,BOP,vivant,0.177801505319247,11.2465473677269,MF12,3c,250,1312,2,30,12.9622771677273,2,3E,BOP,38.0446733432523
MF1,2045,MF12,10,BOP,vivant,0.14591086235363,14.3465473677269,MF12,3c,250,1312,2,30,14.4216655314277,2,3E,BOP,86.1815724268552
MF1,2055,MF12,10,BOP,vivant,0.116571212077106,17.1465473677269,MF12,3c,250,1312,2,30,15.5068346533901,2,3E,BOP,142.600705602113
MF1,2035,MF12,11,,vivant,0.355268604430203,11.2465473677269,MF12,3c,250,1312,2,30,8.80238911864543,2,3E,EPX,29.1773043177474
MF1,2045,MF12,11,,vivant,0.326211781315394,15.0465473677269,MF12,3c,250,1312,2,30,11.1800288573435,2,3E,EPX,81.1293612781491
MF1,2055,MF12,11,,vivant,0.295657698683983,18.6465473677269,MF12,3c,250,1312,2,30,13.0831309685648,2,3E,EPX,152.906896679037
MF1,2035,MF12,12,ERR,vivant,0.539277808785078,11.2465473677269,MF12,3c,250,1312,2,30,12.1558566758026,2,3E,ERR,30.4659696368786
MF1,2045,MF12,12,ERR,vivant,0.374581012738589,15.3465473677269,MF12,3c,250,1312,2,30,13.8448191963032,2,3E,ERR,86.8508830111703
MF1,2055,MF12,12,ERR,vivant,0.28869827923937,19.2465473677269,MF12,3c,250,1312,2,30,15.0761199119529,2,3E,ERR,160.940330341981
MF1,2035,MF12,13,FRN,vivant,1.31463328294405,11.2465473677269,MF12,3c,250,1312,2,30,12.6365205120093,2,3E,FRN,35.933216098509
MF1,2045,MF12,13,FRN,vivant,1.16081939929345,13.7465473677269,MF12,3c,250,1312,2,30,14.0194311539733,2,3E,FRN,73.0390414750204
MF1,2055,MF12,13,FRN,vivant,1.02804892475738,16.1465473677269,MF12,3c,250,1312,2,30,15.1557127143773,2,3E,FRN,118.255762786864
MF1,2035,MF12,14,PEU,vivant,0.258109877918235,11.2465473677269,MF12,3c,250,1312,2,30,12.401589392352,2,3E,PEU,36.6444963243244
MF1,2045,MF12,14,PEU,vivant,0.18308846494333,16.3465473677269,MF12,3c,250,1312,2,30,14.9413340992767,2,3E,PEU,123.549945779052
MF1,2055,MF12,14,PEU,vivant,0.1298828768135,21.3465473677269,MF12,3c,250,1312,2,30,16.7402927172262,2,3E,PEU,251.453219948774
MF1,2035,MF12,15,SAB,vivant,1.82829830195176,11.2465473677269,MF12,3c,250,1312,2,30,9.76701765063103,2,3E,SAB,31.7235469275542
MF1,2045,MF12,15,SAB,vivant,1.34462208641863,15.1465473677269,MF12,3c,250,1312,2,30,12.12908426612,2,3E,SAB,86.9650547687344
MF1,2055,MF12,15,SAB,vivant,0.909355069490636,18.8465473677269,MF12,3c,250,1312,2,30,14.0636342809861,2,3E,SAB,162.109438482004
MF1,2045,MF12,16,,vivant,0.679958063822625,11.1485453401585,MF12,3c,250,1312,2,30,11.4480308919802,2,3E,AUT,31.1803485383935
MF1,2055,MF12,16,,vivant,0.42111504860527,14.0485453401585,MF12,3c,250,1312,2,30,12.582565269993,2,3E,AUT,68.7626952764397
MF1,2045,MF12,17,BOJ,vivant,0.343832679864094,11.1485453401585,MF12,3c,250,1312,2,30,11.4480308919802,2,3E,BOJ,31.1803485383935
MF1,2055,MF12,17,BOJ,vivant,0.315074357095067,14.6485453401585,MF12,3c,250,1312,2,30,12.7888731753311,2,3E,BOJ,77.8548363923855
MF1,2045,MF12,18,BOP,vivant,0.162785732101932,11.1485453401585,MF12,3c,250,1312,2,30,12.9106483368851,2,3E,BOP,36.7554440091604
MF1,2055,MF12,18,BOP,vivant,0.134469374437391,14.1485453401585,MF12,3c,250,1312,2,30,14.3374128944087,2,3E,BOP,82.6673704163601
MF1,2045,MF12,19,,vivant,0.353671023999611,11.1485453401585,MF12,3c,250,1312,2,30,8.73508200468915,2,3E,EPX,28.1466423061127
MF1,2055,MF12,19,,vivant,0.32565402747748,14.7485453401585,MF12,3c,250,1312,2,30,11.008531365844,2,3E,EPX,76.188611218999
MF1,2045,MF12,20,ERR,vivant,0.542060524611823,11.1485453401585,MF12,3c,250,1312,2,30,12.108942673797,2,3E,ERR,29.371426597642
MF1,2055,MF12,20,ERR,vivant,0.37930367425484,15.1485453401585,MF12,3c,250,1312,2,30,13.7738165605511,2,3E,ERR,83.6343708737762
MF1,2045,MF12,21,FRN,vivant,1.33088572959804,11.1485453401585,MF12,3c,250,1312,2,30,12.5774054061854,2,3E,FRN,34.6767387122508
MF1,2055,MF12,21,FRN,vivant,1.17935239367748,13.5485453401585,MF12,3c,250,1312,2,30,13.9179595522345,2,3E,FRN,69.7365330968293
MF1,2045,MF12,22,PEU,vivant,0.239403459026226,11.1485453401585,MF12,3c,250,1312,2,30,12.3433746667916,2,3E,PEU,35.3805344062922
MF1,2055,MF12,22,PEU,vivant,0.171495469783937,16.0485453401585,MF12,3c,250,1312,2,30,14.8154692391656,2,3E,PEU,117.289945284623
MF1,2045,MF12,23,SAB,vivant,1.84746622801485,11.1485453401585,MF12,3c,250,1312,2,30,9.70240013315122,2,3E,SAB,30.6384007423099
MF1,2055,MF12,23,SAB,vivant,1.37343164828436,14.8485453401585,MF12,3c,250,1312,2,30,11.9615510289445,2,3E,SAB,81.8919511606057
MF1,2055,MF12,24,,vivant,0.666235896611965,11.0478350096061,MF12,3c,250,1312,2,30,11.4039182714114,2,3E,AUT,30.0580164477653
MF1,2055,MF12,25,BOJ,vivant,0.337329246459279,11.0478350096061,MF12,3c,250,1312,2,30,11.4039182714114,2,3E,BOJ,30.0580164477653
MF1,2055,MF12,26,BOP,vivant,0.147456889731153,11.0478350096061,MF12,3c,250,1312,2,30,12.8571929346484,2,3E,BOP,35.4448570853506
MF1,2055,MF12,27,,vivant,0.347876184867072,11.0478350096061,MF12,3c,250,1312,2,30,8.66556905806371,2,3E,EPX,27.1031604336263
MF1,2055,MF12,28,ERR,vivant,0.533902468486823,11.0478350096061,MF12,3c,250,1312,2,30,12.0603560481644,2,3E,ERR,28.2583506471964
MF1,2055,MF12,29,FRN,vivant,1.33670985911735,11.0478350096061,MF12,3c,250,1312,2,30,12.51623148339,2,3E,FRN,33.4006182875228
MF1,2055,MF12,30,PEU,vivant,0.220488476459259,11.0478350096061,MF12,3c,250,1312,2,30,12.2831097424478,2,3E,PEU,34.0968162848675
MF1,2055,MF12,31,SAB,vivant,1.84216645574392,11.0478350096061,MF12,3c,250,1312,2,30,9.63569430014683,2,3E,SAB,29.5382045602027
MJ1,2025,MJ12,1,BOG,vivant,1,15,MJ12,3c,250,1312,2,30,18.3271261531704,2,3E,BOG,118.849128250991
MJ1,2035,MJ12,1,BOG,vivant,0.674072108340428,16.9,MJ12,3c,250,1312,2,30,19.0162466507893,2,3E,BOG,164.281674235938
MJ1,2045,MJ12,1,BOG,vivant,0.427989315030581,18.3,MJ12,3c,250,1312,2,30,19.4787087606705,2,3E,BOG,201.90466629948
MJ1,2055,MJ12,1,BOG,vivant,0.263213335230774,19.4,MJ12,3c,250,1312,2,30,19.8191163637805,2,3E,BOG,234.000589650552
MJ1,2025,MJ12,2,BOJ,vivant,1,15,MJ12,3c,250,1312,2,30,15.0550801372604,2,3E,BOJ,97.2852713156064
MJ1,2035,MJ12,2,BOJ,vivant,0.924722687078752,18.6,MJ12,3c,250,1312,2,30,16.284491508785,2,3E,BOJ,174.501371183257
MJ1,2045,MJ12,2,BOJ,vivant,0.866851761548529,21.9,MJ12,3c,250,1312,2,30,17.2033534415168,2,3E,BOJ,263.511158088935
MJ1,2055,MJ12,2,BOJ,vivant,0.817416023916939,24.8,MJ12,3c,250,1312,2,30,17.8848566738574,2,3E,BOJ,356.524403505231
MJ1,2025,MJ12,3,BOP,vivant,1,15,MJ12,3c,250,1312,2,30,17.224896909807,2,3E,BOP,115.150211440607
MJ1,2035,MJ12,3,BOP,vivant,0.910393544687421,17.8,MJ12,3c,250,1312,2,30,18.4292838731815,2,3E,BOP,184.606092064807
MJ1,2045,MJ12,3,BOP,vivant,0.817257029675785,20.3,MJ12,3c,250,1312,2,30,19.3545660803701,2,3E,BOP,259.530853725439
MJ1,2055,MJ12,3,BOP,vivant,0.727958525378845,22.5,MJ12,3c,250,1312,2,30,20.0740621099966,2,3E,BOP,335.846732972194
MJ1,2025,MJ12,4,CHR,vivant,1,15,MJ12,3c,250,1312,2,30,15.5201121181876,2,3E,CHX,98.3069877298115
MJ1,2035,MJ12,4,CHR,vivant,0.917593597049423,20.3,MJ12,3c,250,1312,2,30,17.5989316821914,2,3E,CHX,224.677471065217
MJ1,2045,MJ12,4,CHR,vivant,0.844714833401546,25.6,MJ12,3c,250,1312,2,30,19.1543389537906,2,3E,CHX,400.929205820266
MJ1,2055,MJ12,4,CHR,vivant,0.77029490795338,30.8,MJ12,3c,250,1312,2,30,20.3250365306171,2,3E,CHX,623.6489178372
MJ1,2025,MJ12,5,EPB,vivant,1,15,MJ12,3c,250,1312,2,30,13.2973165115739,2,3E,EPX,95.7922419564354
MJ1,2035,MJ12,5,EPB,vivant,0.942774870989204,19,MJ12,3c,250,1312,2,30,15.596206621968,2,3E,EPX,189.645916015269
MJ1,2045,MJ12,5,EPB,vivant,0.886703843463511,22.8,MJ12,3c,250,1312,2,30,17.4558197729256,2,3E,EPX,308.175303115795
MJ1,2055,MJ12,5,EPB,vivant,0.831142799976872,26.3,MJ12,3c,250,1312,2,30,18.9481675466893,2,3E,EPX,442.767835420319
MJ1,2025,MJ12,6,ERP,vivant,1,15,MJ12,3c,250,1312,2,30,13.9563635089966,2,3E,ERP,85.7989124915175
MJ1,2035,MJ12,6,ERP,vivant,0.547504380281282,17,MJ12,3c,250,1312,2,30,14.6933340863027,2,3E,ERP,122.325271783253
MJ1,2045,MJ12,6,ERP,vivant,0.235127557026431,18.4,MJ12,3c,250,1312,2,30,15.1548527561291,2,3E,ERP,151.334999242026
MJ1,2055,MJ12,6,ERP,vivant,0.0882218797109511,19.4,MJ12,3c,250,1312,2,30,15.4603020054715,2,3E,ERP,173.816168109318
MJ1,2025,MJ12,7,ERR,vivant,1,15,MJ12,3c,250,1312,2,30,16.1403535387589,2,3E,ERR,95.5898085011812
MJ1,2035,MJ12,7,ERR,vivant,0.931539159338542,18.4,MJ12,3c,250,1312,2,30,17.4404016844612,2,3E,ERR,168.247253314221
MJ1,2045,MJ12,7,ERR,vivant,0.864824839087313,21.5,MJ12,3c,250,1312,2,30,18.4214851328,2,3E,ERR,250.79923009542
MJ1,2055,MJ12,7,ERR,vivant,0.801051390419369,24.3,MJ12,3c,250,1312,2,30,19.1775566691231,2,3E,ERR,339.130425816751
MJ1,2025,MJ12,8,ERS,vivant,1,15,MJ12,3c,250,1312,2,30,13.9563635089966,2,3E,ERS,85.7989124915175
MJ1,2035,MJ12,8,ERS,vivant,0.903060015608262,18,MJ12,3c,250,1312,2,30,15.0271777587907,2,3E,ERS,142.754269197888
MJ1,2045,MJ12,8,ERS,vivant,0.834305223658396,20.8,MJ12,3c,250,1312,2,30,15.8572394121825,2,3E,ERS,207.77418726847
MJ1,2055,MJ12,8,ERS,vivant,0.7787610962234,23.3,MJ12,3c,250,1312,2,30,16.4869061860584,2,3E,ERS,275.6669121224
MJ1,2025,MJ12,9,FRN,vivant,1,15,MJ12,3c,250,1312,2,30,17.2105699474724,2,3E,FRN,112.255285171515
MJ1,2035,MJ12,9,FRN,vivant,0.877280074184144,17.5,MJ12,3c,250,1312,2,30,18.4580235811692,2,3E,FRN,173.789029581073
MJ1,2045,MJ12,9,FRN,vivant,0.798295055207993,19.8,MJ12,3c,250,1312,2,30,19.4634208340613,2,3E,FRN,241.642724957688
MJ1,2055,MJ12,9,FRN,vivant,0.735296171892748,21.9,MJ12,3c,250,1312,2,30,20.2824406061231,2,3E,FRN,313.290753697413
MJ1,2025,MJ12,10,HEG,vivant,1,15,MJ12,3c,250,1312,2,30,14.8048341712181,2,3E,HEG,99.4708647247967
MJ1,2035,MJ12,10,HEG,vivant,0.98129976508338,18.8,MJ12,3c,250,1312,2,30,16.4921708933196,2,3E,HEG,187.659699058528
MJ1,2045,MJ12,10,HEG,vivant,0.956356650014489,22.5,MJ12,3c,250,1312,2,30,17.820544640623,2,3E,HEG,299.496035832285
MJ1,2055,MJ12,10,HEG,vivant,0.924570533809696,26.1,MJ12,3c,250,1312,2,30,18.8828450004896,2,3E,HEG,433.518009653587
MJ1,2025,MJ12,11,PET,vivant,1,15,MJ12,3c,250,1312,2,30,18.2725915410359,2,3E,PEU,122.79750448273
MJ1,2035,MJ12,11,PET,vivant,0.869728898528059,19.9,MJ12,3c,250,1312,2,30,20.6174062597596,2,3E,PEU,265.993705923632
MJ1,2045,MJ12,11,PET,vivant,0.763333937787512,24.6,MJ12,3c,250,1312,2,30,22.3308287986107,2,3E,PEU,453.169884502101
MJ1,2055,MJ12,11,PET,vivant,0.669169625881597,29,MJ12,3c,250,1312,2,30,23.5909823417466,2,3E,PEU,673.623811888889
MJ1,2025,MJ12,12,PIB,vivant,1,15,MJ12,3c,250,1312,2,30,15.1921065991356,2,3E,PIN,111.118815374896
MJ1,2035,MJ12,12,PIB,vivant,0.915370850966885,20.2,MJ12,3c,250,1312,2,30,18.0007397361586,2,3E,PIN,253.425739905602
MJ1,2045,MJ12,12,PIB,vivant,0.850174420550043,25.8,MJ12,3c,250,1312,2,30,20.4102533523577,2,3E,PIN,470.702309663801
MJ1,2055,MJ12,12,PIB,vivant,0.79433245264295,31.6,MJ12,3c,250,1312,2,30,22.4289951692145,2,3E,PIN,765.383856538059
MJ1,2025,MJ12,13,PRP,vivant,1,15,MJ12,3c,250,1312,2,30,17.224896909807,2,3E,PRP,
MJ1,2035,MJ12,13,PRP,vivant,0.643681548977669,17.1,MJ12,3c,250,1312,2,30,18.1464521781911,2,3E,PRP,
MJ1,2045,MJ12,13,PRP,vivant,0.358474698962238,18.7,MJ12,3c,250,1312,2,30,18.776962947722,2,3E,PRP,
MJ1,2055,MJ12,13,PRP,vivant,0.183013357462821,20,MJ12,3c,250,1312,2,30,19.2499797949638,2,3E,PRP,
MJ1,2025,MJ12,14,PRU,vivant,1,15,MJ12,3c,250,1312,2,30,10.7505117926876,2,3E,PRU,68.0816315918533
MJ1,2035,MJ12,14,PRU,vivant,0.997404157118413,19.5,MJ12,3c,250,1312,2,30,12.7853235399965,2,3E,PRU,148.121154384715
MJ1,2045,MJ12,14,PRU,vivant,0.992372885399342,24,MJ12,3c,250,1312,2,30,14.4966660157825,2,3E,PRU,260.575013202938
MJ1,2055,MJ12,14,PRU,vivant,0.984438585691622,28.3,MJ12,3c,250,1312,2,30,15.9019741526198,2,3E,PRU,400.001494028176
MJ1,2025,MJ12,15,SAB,vivant,1,15,MJ12,3c,250,1312,2,30,14.9062511979706,2,3E,SAB,104.496832990044
MJ1,2035,MJ12,15,SAB,vivant,0.888084168624443,19.8,MJ12,3c,250,1312,2,30,17.6583000705519,2,3E,SAB,225.127201656324
MJ1,2045,MJ12,15,SAB,vivant,0.747901315880151,24.2,MJ12,3c,250,1312,2,30,19.8163735708305,2,3E,SAB,374.216464533808
MJ1,2055,MJ12,15,SAB,vivant,0.590664428809518,28,MJ12,3c,250,1312,2,30,21.4704105389081,2,3E,SAB,531.972609846259
MJ1,2025,MJ12,16,THO,vivant,1,15,MJ12,3c,250,1312,2,30,9.83202268823155,2,3E,THO,69.0291457474219
MJ1,2035,MJ12,16,THO,vivant,0.950375463888662,18,MJ12,3c,250,1312,2,30,10.8963318958293,2,3E,THO,114.716387344511
MJ1,2045,MJ12,16,THO,vivant,0.897001373196107,20.9,MJ12,3c,250,1312,2,30,11.8035654621275,2,3E,THO,169.119049964643
MJ1,2055,MJ12,16,THO,vivant,0.843438918026269,23.5,MJ12,3c,250,1312,2,30,12.5339514410558,2,3E,THO,226.398845861161
MJ1,2035,MJ12,17,,vivant,0.103157145586112,10.9568823289999,MJ12,3c,250,1312,2,30,13.270334659715,2,3E,AUT,33.9292286198132
MJ1,2045,MJ12,17,,vivant,0.0800068806099505,14.2568823289999,MJ12,3c,250,1312,2,30,14.7641732273552,2,3E,AUT,83.8439826332034
MJ1,2055,MJ12,17,,vivant,0.0671084615883015,17.1568823289999,MJ12,3c,250,1312,2,30,15.82419218345,2,3E,AUT,141.101677464155
MJ1,2035,MJ12,18,BOG,vivant,0.00758913356579699,10.5460705107674,MJ12,3c,250,1312,2,30,16.3235869388312,2,3E,BOG,36.1671648071371
MJ1,2045,MJ12,18,BOG,vivant,0.00498581536810337,12.4460705107674,MJ12,3c,250,1312,2,30,17.2591537903448,2,3E,BOG,67.5423843111341
MJ1,2055,MJ12,18,BOG,vivant,0.00320189568469381,13.9460705107674,MJ12,3c,250,1312,2,30,17.9086603855707,2,3E,BOG,96.3552468376071
MJ1,2035,MJ12,19,BOJ,vivant,0.806534993852548,11.0218785461856,MJ12,3c,250,1312,2,30,13.3034924326025,2,3E,BOJ,34.764468097007
MJ1,2045,MJ12,19,BOJ,vivant,0.728414019171612,14.2218785461856,MJ12,3c,250,1312,2,30,14.7501083281739,2,3E,BOJ,83.2313672975445
MJ1,2055,MJ12,19,BOJ,vivant,0.674862994498876,17.1218785461856,MJ12,3c,250,1312,2,30,15.8125222164391,2,3E,BOJ,140.332615737325
MJ1,2035,MJ12,20,BOP,vivant,1.3254888927989,10.7996560247061,MJ12,3c,250,1312,2,30,14.9598373596869,2,3E,BOP,37.9490159007659
MJ1,2045,MJ12,20,BOP,vivant,1.15963900614203,13.3996560247061,MJ12,3c,250,1312,2,30,16.4374512588695,2,3E,BOP,82.0537243720356
MJ1,2055,MJ12,20,BOP,vivant,1.01626493617503,15.6996560247061,MJ12,3c,250,1312,2,30,17.5449365139141,2,3E,BOP,131.107138026225
MJ1,2035,MJ12,21,CET,vivant,0.00406554681889547,12.0273744530227,MJ12,3c,250,1312,2,30,15.696430084357,2,3E,CET,52.9959134824927
MJ1,2045,MJ12,21,CET,vivant,0.00349139305755425,15.4273744530227,MJ12,3c,250,1312,2,30,17.5935659028733,2,3E,CET,117.993264059413
MJ1,2055,MJ12,21,CET,vivant,0.00299878511803569,18.9273744530227,MJ12,3c,250,1312,2,30,19.2491432806272,2,3E,CET,208.094803490444
MJ1,2035,MJ12,22,CHX,vivant,0.0910864488556447,11.4816252033233,MJ12,3c,250,1312,2,30,13.711592761073,2,3E,CHX,40.348002349429
MJ1,2045,MJ12,22,CHX,vivant,0.0778163446562816,16.4816252033233,MJ12,3c,250,1312,2,30,16.167484889726,2,3E,CHX,128.762689542091
MJ1,2055,MJ12,22,CHX,vivant,0.0667837710200741,21.4816252033233,MJ12,3c,250,1312,2,30,17.9839750646797,2,3E,CHX,259.577309316668
MJ1,2035,MJ12,23,,vivant,0.70849049323204,11.1093752687277,MJ12,3c,250,1312,2,30,10.6163159656244,2,3E,EPX,33.8174156514541
MJ1,2045,MJ12,23,,vivant,0.651161660171645,14.1093752687277,MJ12,3c,250,1312,2,30,12.7272902683128,2,3E,EPX,79.118626684705
MJ1,2055,MJ12,23,,vivant,0.600612307689534,16.9093752687277,MJ12,3c,250,1312,2,30,14.4443874747155,2,3E,EPX,136.681983115084
MJ1,2035,MJ12,24,ERP,vivant,0.219699464925027,10.550854639251,MJ12,3c,250,1312,2,30,11.8934981799659,2,3E,ERP,24.4158229848198
MJ1,2045,MJ12,24,ERP,vivant,0.113066214812609,13.250854639251,MJ12,3c,250,1312,2,30,13.224186736929,2,3E,ERP,58.4830335877519
MJ1,2055,MJ12,24,ERP,vivant,0.0495191225909457,15.150854639251,MJ12,3c,250,1312,2,30,14.0154547242963,2,3E,ERP,88.355029646177
MJ1,2035,MJ12,25,ERR,vivant,1.17766831859564,10.9089103604236,MJ12,3c,250,1312,2,30,14.1368181238761,2,3E,ERR,31.5234483216491
MJ1,2045,MJ12,25,ERR,vivant,1.0577930824184,14.1089103604236,MJ12,3c,250,1312,2,30,15.7511850477049,2,3E,ERR,79.5327783090511
MJ1,2055,MJ12,25,ERR,vivant,0.959364956621673,17.0089103604236,MJ12,3c,250,1312,2,30,16.9406666256117,2,3E,ERR,136.301461405438
MJ1,2035,MJ12,26,ERS,vivant,0.34259291942463,10.8315370792929,MJ12,3c,250,1312,2,30,12.0450523433174,2,3E,ERS,27.518174211762
MJ1,2045,MJ12,26,ERS,vivant,0.304601950696253,13.6315370792929,MJ12,3c,250,1312,2,30,13.391288767137,2,3E,ERS,64.0676605387889
MJ1,2055,MJ12,26,ERS,vivant,0.279432160643852,16.1315370792929,MJ12,3c,250,1312,2,30,14.3852950807166,2,3E,ERS,105.760223110225
MJ1,2035,MJ12,27,FRN,vivant,0.0531418263939657,10.5144942648101,MJ12,3c,250,1312,2,30,14.4302448393282,2,3E,FRN,31.8508820861557
MJ1,2045,MJ12,27,FRN,vivant,0.0466614314316641,12.7144942648101,MJ12,3c,250,1312,2,30,15.8957492992285,2,3E,FRN,66.6705820811278
MJ1,2055,MJ12,27,FRN,vivant,0.0423426409442623,14.8144942648101,MJ12,3c,250,1312,2,30,17.1105994635247,2,3E,FRN,108.18271133689
MJ1,2035,MJ12,28,HEG,vivant,0.0488306943950787,10.9937347173197,MJ12,3c,250,1312,2,30,12.5383104648681,2,3E,HEG,34.1883087223302
MJ1,2045,MJ12,28,HEG,vivant,0.0480066921583341,14.6937347173197,MJ12,3c,250,1312,2,30,14.6514289726348,2,3E,HEG,93.5039449112356
MJ1,2055,MJ12,28,HEG,vivant,0.0469430138305547,18.1937347173197,MJ12,3c,250,1312,2,30,16.2473083606321,2,3E,HEG,171.803857755434
MJ1,2035,MJ12,29,ORA,vivant,0.00494311293136546,11.6355176190678,MJ12,3c,250,1312,2,30,15.2866286866202,2,3E,ORA,43.9071541181469
MJ1,2045,MJ12,29,ORA,vivant,0.00385997585210699,15.9355176190678,MJ12,3c,250,1312,2,30,18.1127667470209,2,3E,ORA,126.113584834124
MJ1,2055,MJ12,29,ORA,vivant,0.00262639581873646,19.6355176190678,MJ12,3c,250,1312,2,30,20.16100608264,2,3E,ORA,227.434404753832
MJ1,2035,MJ12,30,OSV,vivant,0.00343740338851653,10.1669631772503,MJ12,3c,250,1312,2,30,14.1353204452403,2,3E,OSV,24.8873576419564
MJ1,2045,MJ12,30,OSV,vivant,0.00325228444417982,11.8669631772503,MJ12,3c,250,1312,2,30,15.0743533645453,2,3E,OSV,48.1534217169944
MJ1,2055,MJ12,30,OSV,vivant,0.0029807127285349,13.2669631772503,MJ12,3c,250,1312,2,30,15.7717376432873,2,3E,OSV,70.5271112832813
MJ1,2035,MJ12,31,PEU,vivant,0.386581403429128,11.2762042689383,MJ12,3c,250,1312,2,30,15.9359437663588,2,3E,PEU,47.5159070121475
MJ1,2045,MJ12,31,PEU,vivant,0.310441445228644,15.3762042689383,MJ12,3c,250,1312,2,30,18.4782333822559,2,3E,PEU,131.969825952387
MJ1,2055,MJ12,31,PEU,vivant,0.257084769894082,19.2762042689383,MJ12,3c,250,1312,2,30,20.3548697104268,2,3E,PEU,244.861488668573
MJ1,2035,MJ12,32,PIN,vivant,0.036613466391766,12.5656698407096,MJ12,3c,250,1312,2,30,13.6160503225325,2,3E,PIN,63.5533000990985
MJ1,2045,MJ12,32,PIN,vivant,0.0321315170967789,16.7656698407096,MJ12,3c,250,1312,2,30,16.2214805755758,2,3E,PIN,153.114611920318
MJ1,2055,MJ12,32,PIN,vivant,0.0289370107498352,21.1656698407096,MJ12,3c,250,1312,2,30,18.4555184843663,2,3E,PIN,286.127778725034
MJ1,2035,MJ12,33,PRP,vivant,0.96125711076447,10.4712725923163,MJ12,3c,250,1312,2,30,14.7522330795152,2,3E,PRP,
MJ1,2045,MJ12,33,PRP,vivant,0.586562302230468,12.7712725923163,MJ12,3c,250,1312,2,30,16.1048149993598,2,3E,PRP,
MJ1,2055,MJ12,33,PRP,vivant,0.329735867867758,14.6712725923163,MJ12,3c,250,1312,2,30,17.0696675154631,2,3E,PRP,
MJ1,2035,MJ12,34,PRU,vivant,0.0292215804564492,10.8715522243372,MJ12,3c,250,1312,2,30,8.49433906190779,2,3E,PRU,20.7562969152801
MJ1,2045,MJ12,34,PRU,vivant,0.0290125918384206,14.4715522243372,MJ12,3c,250,1312,2,30,10.4852481039264,2,3E,PRU,60.690396481395
MJ1,2055,MJ12,34,PRU,vivant,0.028653786192719,17.9715522243372,MJ12,3c,250,1312,2,30,12.1354568769488,2,3E,PRU,117.417861450678
MJ1,2035,MJ12,35,SAB,vivant,3.49893989328811,11.1229222171356,MJ12,3c,250,1312,2,30,12.2553389991907,2,3E,SAB,38.4118076115239
MJ1,2045,MJ12,35,SAB,vivant,3.10270055682616,14.9229222171356,MJ12,3c,250,1312,2,30,14.8578070527532,2,3E,SAB,102.91517787567
MJ1,2055,MJ12,35,SAB,vivant,2.63525400649056,18.4229222171356,MJ12,3c,250,1312,2,30,16.9172905670469,2,3E,SAB,186.03367280424
MJ1,2035,MJ12,36,THO,vivant,0.0926243056014385,10.5060726552292,MJ12,3c,250,1312,2,30,7.91824714574158,2,3E,THO,20.2823884686306
MJ1,2045,MJ12,36,THO,vivant,0.0852428460778453,12.9060726552292,MJ12,3c,250,1312,2,30,8.99549953960208,2,3E,THO,43.4451764100484
MJ1,2055,MJ12,36,THO,vivant,0.0785758098594515,15.1060726552292,MJ12,3c,250,1312,2,30,9.87218136443811,2,3E,THO,70.4618933446699
MJ1,2045,MJ12,37,,vivant,0.0612319979958158,10.7895310781417,MJ12,3c,250,1312,2,30,13.1841606779279,2,3E,AUT,31.8048128613421
MJ1,2055,MJ12,37,,vivant,0.0471401222159174,13.5895310781417,MJ12,3c,250,1312,2,30,14.4901185651321,2,3E,AUT,72.478985203682
MJ1,2045,MJ12,38,BOG,vivant,0.00407618902376836,10.4157436155051,MJ12,3c,250,1312,2,30,16.2538731939304,2,3E,BOG,34.213850448368
MJ1,2055,MJ12,38,BOG,vivant,0.0026165112811108,12.0157436155051,MJ12,3c,250,1312,2,30,17.0593963054199,2,3E,BOG,59.9481843870328
MJ1,2045,MJ12,39,BOJ,vivant,0.622005851186033,10.8486695206709,MJ12,3c,250,1312,2,30,13.2147454723407,2,3E,BOJ,32.5512455098898
MJ1,2055,MJ12,39,BOJ,vivant,0.56309371049602,13.7486695206709,MJ12,3c,250,1312,2,30,14.5566223663902,2,3E,BOJ,75.1290522372304
MJ1,2045,MJ12,40,BOP,vivant,0.992902197580094,10.6464747717419,MJ12,3c,250,1312,2,30,14.863655190793,2,3E,BOP,35.7059066489784
MJ1,2055,MJ12,40,BOP,vivant,0.854196764914241,12.9464747717419,MJ12,3c,250,1312,2,30,16.1989932410212,2,3E,BOP,73.5229000336874
MJ1,2045,MJ12,41,CET,vivant,0.00206506175838021,11.7635452545902,MJ12,3c,250,1312,2,30,15.5337951968046,2,3E,CET,48.8110167463487
MJ1,2055,MJ12,41,CET,vivant,0.00164325768274883,14.7635452545902,MJ12,3c,250,1312,2,30,17.2488796180214,2,3E,CET,103.629602953412
MJ1,2045,MJ12,42,CHX,vivant,0.0512541073571048,11.2669815769466,MJ12,3c,250,1312,2,30,13.5864263632318,2,3E,CHX,37.4368844637992
MJ1,2055,MJ12,42,CHX,vivant,0.0415133804325846,16.1669815769466,MJ12,3c,250,1312,2,30,16.034834216174,2,3E,CHX,121.985170123057
MJ1,2045,MJ12,43,,vivant,0.557943581732282,10.9282806137712,MJ12,3c,250,1312,2,30,10.4783530308658,2,3E,EPX,31.6025704175151
MJ1,2055,MJ12,43,,vivant,0.507221768141736,13.4282806137712,MJ12,3c,250,1312,2,30,12.2749588349878,2,3E,EPX,67.3795904316364
MJ1,2045,MJ12,44,ERP,vivant,0.185725604574378,10.4200965751023,MJ12,3c,250,1312,2,30,11.8217234507384,2,3E,ERP,23.0041192613311
MJ1,2055,MJ12,44,ERP,vivant,0.0866522415097509,12.8200965751023,MJ12,3c,250,1312,2,30,13.0294992434117,2,3E,ERP,52.4017022123684
MJ1,2045,MJ12,45,ERR,vivant,0.923553631006054,10.7458825762828,MJ12,3c,250,1312,2,30,14.0438024592427,2,3E,ERR,29.4634754276031
MJ1,2055,MJ12,45,ERR,vivant,0.818523591194702,13.6458825762828,MJ12,3c,250,1312,2,30,15.5396601129448,2,3E,ERR,71.6634327804795
MJ1,2045,MJ12,46,ERS,vivant,0.319214820243037,10.6754825509033,MJ12,3c,250,1312,2,30,11.9612099976005,2,3E,ERS,25.7811466451958
MJ1,2055,MJ12,46,ERS,vivant,0.286688818020385,13.1754825509033,MJ12,3c,250,1312,2,30,13.1905576731646,2,3E,ERS,57.4007860223024
MJ1,2045,MJ12,47,FRN,vivant,0.0367240740334445,10.3870131741396,MJ12,3c,250,1312,2,30,14.3381807767837,2,3E,FRN,30.0912650116132
MJ1,2055,MJ12,47,FRN,vivant,0.0328240821964592,12.3870131741396,MJ12,3c,250,1312,2,30,15.6912309289513,2,3E,FRN,60.9401100188198
MJ1,2045,MJ12,48,HEG,vivant,0.0487104919196485,10.8230621503038,MJ12,3c,250,1312,2,30,12.4275160547861,2,3E,HEG,31.9998003849936
MJ1,2055,MJ12,48,HEG,vivant,0.0478315581046684,14.3230621503038,MJ12,3c,250,1312,2,30,14.4618230660208,2,3E,HEG,86.5040839437047
MJ1,2045,MJ12,49,ORA,vivant,0.0021540845332534,11.4070044610195,MJ12,3c,250,1312,2,30,15.1188319329744,2,3E,ORA,40.5112034281273
MJ1,2055,MJ12,49,ORA,vivant,0.0016053879691083,15.1070044610195,MJ12,3c,250,1312,2,30,17.6110033791555,2,3E,ORA,107.440373456917
MJ1,2045,MJ12,50,OSV,vivant,0.00300032231946212,10.0708032754925,MJ12,3c,250,1312,2,30,14.0786751347688,2,3E,OSV,23.6922746787134
MJ1,2055,MJ12,50,OSV,vivant,0.00273018149916555,11.5708032754925,MJ12,3c,250,1312,2,30,14.9186308659595,2,3E,OSV,43.8006909696962
MJ1,2045,MJ12,51,PEU,vivant,0.147096999229721,11.0800741745096,MJ12,3c,250,1312,2,30,15.7952014056233,2,3E,PEU,44.3026035256882
MJ1,2055,MJ12,51,PEU,vivant,0.113891571950438,14.6800741745096,MJ12,3c,250,1312,2,30,18.0938134782035,2,3E,PEU,115.229360580148
MJ1,2045,MJ12,52,PIN,vivant,0.020242018627587,12.2533268484551,MJ12,3c,250,1312,2,30,13.398800631911,2,3E,PIN,58.2935367075025
MJ1,2055,MJ12,52,PIN,vivant,0.0174482950816559,15.9533268484551,MJ12,3c,250,1312,2,30,15.7586560013391,2,3E,PIN,132.996978459896
MJ1,2045,MJ12,53,PRP,vivant,0.546911664854997,10.3476868486169,MJ12,3c,250,1312,2,30,14.6727107389702,2,3E,PRP,
MJ1,2055,MJ12,53,PRP,vivant,0.313265310203021,12.4476868486169,MJ12,3c,250,1312,2,30,15.9278469253206,2,3E,PRP,
MJ1,2045,MJ12,54,PRU,vivant,0.0285028300826838,10.7118913367983,MJ12,3c,250,1312,2,30,8.39767933356748,2,3E,PRU,19.3861861556565
MJ1,2055,MJ12,54,PRU,vivant,0.0281174088887491,13.9118913367983,MJ12,3c,250,1312,2,30,10.19739944797,2,3E,PRU,53.3027119214212
MJ1,2045,MJ12,55,SAB,vivant,3.20714735497273,10.9406066454167,MJ12,3c,250,1312,2,30,12.118452358235,2,3E,SAB,35.9630804264787
MJ1,2055,MJ12,55,SAB,vivant,2.79250249912696,14.1406066454167,MJ12,3c,250,1312,2,30,14.3572434710936,2,3E,SAB,87.4870156345732
MJ1,2045,MJ12,56,THO,vivant,0.0699792732707302,10.379350560902,MJ12,3c,250,1312,2,30,7.85728545567439,2,3E,THO,19.2359149561051
MJ1,2055,MJ12,56,THO,vivant,0.0635483024653391,12.379350560902,MJ12,3c,250,1312,2,30,8.77082986138191,2,3E,THO,37.8078899940921
MJ1,2055,MJ12,57,,vivant,0.0351471863314646,10.6972640138298,MJ12,3c,250,1312,2,30,13.1361494310372,2,3E,AUT,30.6495677011383
MJ1,2055,MJ12,58,BOG,vivant,0.0024309117083221,10.3438894765902,MJ12,3c,250,1312,2,30,16.2150962237535,2,3E,BOG,33.1474052059965
MJ1,2055,MJ12,59,BOJ,vivant,0.455188836325269,10.7531728439826,MJ12,3c,250,1312,2,30,13.1652844991061,2,3E,BOJ,31.3482280229979
MJ1,2055,MJ12,60,BOP,vivant,0.671891175161775,10.562020162373,MJ12,3c,250,1312,2,30,14.8101355110744,2,3E,BOP,34.4854418645452
MJ1,2055,MJ12,61,CET,vivant,0.00101069160576818,11.6180862544673,MJ12,3c,250,1312,2,30,15.4430210343698,2,3E,CET,46.5539108783616
MJ1,2055,MJ12,62,CHX,vivant,0.0246065065369926,11.1486404401012,MJ12,3c,250,1312,2,30,13.516574870815,2,3E,CHX,35.8612875906837
MJ1,2055,MJ12,63,,vivant,0.423368276601001,10.8284362917854,MJ12,3c,250,1312,2,30,10.4017270366728,2,3E,EPX,30.4060010624609
MJ1,2055,MJ12,64,ERP,vivant,0.156402765633057,10.348004716498,MJ12,3c,250,1312,2,30,11.7818260960319,2,3E,ERP,22.2348470233055
MJ1,2055,MJ12,65,ERR,vivant,0.683806451132174,10.6559992024399,MJ12,3c,250,1312,2,30,13.9920027967808,2,3E,ERR,28.3429890272507
MJ1,2055,MJ12,66,ERS,vivant,0.293882200797386,10.5894437962884,MJ12,3c,250,1312,2,30,11.9145364106312,2,3E,ERS,24.8365039067175
MJ1,2055,MJ12,67,FRN,vivant,0.0246360271843473,10.3167280347628,MJ12,3c,250,1312,2,30,14.2870536414161,2,3E,FRN,29.1327957532113
MJ1,2055,MJ12,68,HEG,vivant,0.0482875053504558,10.7289639189706,MJ12,3c,250,1312,2,30,12.365854608048,2,3E,HEG,30.8129409341289
MJ1,2055,MJ12,69,ORA,vivant,0.000904422385310268,11.2810165276061,MJ12,3c,250,1312,2,30,15.0254170569253,2,3E,ORA,38.6781098563859
MJ1,2055,MJ12,70,OSV,vivant,0.00258438980641733,10.0177866903506,MJ12,3c,250,1312,2,30,14.0472666934177,2,3E,OSV,23.0387090250187
MJ1,2055,MJ12,71,PEU,vivant,0.0493024771285789,10.9719402469569,MJ12,3c,250,1312,2,30,15.7167269023062,2,3E,PEU,42.5617629766132
MJ1,2055,MJ12,72,PIN,vivant,0.0106592257513196,12.0811203617637,MJ12,3c,250,1312,2,30,13.2774229617729,2,3E,PIN,55.4738159697922
MJ1,2055,MJ12,73,PRP,vivant,0.238601398140375,10.279549361126,MJ12,3c,250,1312,2,30,14.6285335871574,2,3E,PRP,
MJ1,2055,MJ12,74,PRU,vivant,0.027695301675765,10.6238642601968,MJ12,3c,250,1312,2,30,8.3440489651529,2,3E,PRU,18.6446483292709
MJ1,2055,MJ12,75,SAB,vivant,2.74144573947735,10.840089185914,MJ12,3c,250,1312,2,30,12.0424431016039,2,3E,SAB,34.6374253571526
MJ1,2055,MJ12,76,THO,vivant,0.0514461101300217,10.3094838848713,MJ12,3c,250,1312,2,30,7.82348373097017,2,3E,THO,18.6663293775723
MJ2,2025,MJ22,1,BOJ,vivant,1,15,MJ22,3c,250,1312,2,30,14.7014436856297,2,3E,BOJ,95.0000879867686
MJ2,2035,MJ22,1,BOJ,vivant,0.943920697377333,18.9,MJ22,3c,250,1312,2,30,15.9700991263647,2,3E,BOJ,177.362114084626
MJ2,2045,MJ22,1,BOJ,vivant,0.890660600360029,22.4,MJ22,3c,250,1312,2,30,16.8788003158358,2,3E,BOJ,271.324851598592
MJ2,2055,MJ22,1,BOJ,vivant,0.837820562869061,25.4,MJ22,3c,250,1312,2,30,17.5264693012589,2,3E,BOJ,367.311009503497
MJ2,2025,MJ22,2,BOP,vivant,1,15,MJ22,3c,250,1312,2,30,17.0839926947772,2,3E,BOP,114.208252238267
MJ2,2035,MJ22,2,BOP,vivant,0.855711777057883,18,MJ22,3c,250,1312,2,30,18.3394430136564,2,3E,BOP,188.413274347771
MJ2,2045,MJ22,2,BOP,vivant,0.714395262251815,20.6,MJ22,3c,250,1312,2,30,19.2644024260892,2,3E,BOP,266.686593491846
MJ2,2055,MJ22,2,BOP,vivant,0.584757749426685,22.8,MJ22,3c,250,1312,2,30,19.9519404682212,2,3E,BOP,343.331922079772
MJ2,2025,MJ22,3,EPB,vivant,1,15,MJ22,3c,250,1312,2,30,13.6199258589272,2,3E,EPX,98.1162802413159
MJ2,2035,MJ22,3,EPB,vivant,0.943947724966536,19,MJ22,3c,250,1312,2,30,15.914523797299,2,3E,EPX,193.516572115324
MJ2,2045,MJ22,3,EPB,vivant,0.884010599677394,22.7,MJ22,3c,250,1312,2,30,17.7170797906906,2,3E,EPX,310.05571239003
MJ2,2055,MJ22,3,EPB,vivant,0.82119748085604,26,MJ22,3c,250,1312,2,30,19.1194355859663,2,3E,EPX,436.956563260754
MJ2,2025,MJ22,4,ERP,vivant,1,15,MJ22,3c,250,1312,2,30,13.6611206891699,2,3E,ERP,83.9838613970303
MJ2,2035,MJ22,4,ERP,vivant,0.622513871670152,17.5,MJ22,3c,250,1312,2,30,14.5290019815248,2,3E,ERP,129.38383926933
MJ2,2045,MJ22,4,ERP,vivant,0.325309866372914,19.3,MJ22,3c,250,1312,2,30,15.0687868606202,2,3E,ERP,167.480238836335
MJ2,2055,MJ22,4,ERP,vivant,0.148625544284193,20.6,MJ22,3c,250,1312,2,30,15.4206014109814,2,3E,ERP,197.843868310636
MJ2,2025,MJ22,5,ERR,vivant,1,15,MJ22,3c,250,1312,2,30,15.9257505272697,2,3E,ERR,94.3188412498896
MJ2,2035,MJ22,5,ERR,vivant,0.932471894496756,18.6,MJ22,3c,250,1312,2,30,17.2550064616202,2,3E,ERR,170.586378709911
MJ2,2045,MJ22,5,ERR,vivant,0.862816768571461,21.7,MJ22,3c,250,1312,2,30,18.1913785302641,2,3E,ERR,252.673435532638
MJ2,2055,MJ22,5,ERR,vivant,0.792813960439066,24.3,MJ22,3c,250,1312,2,30,18.861137331805,2,3E,ERR,333.534956776937
MJ2,2025,MJ22,6,ERS,vivant,1,15,MJ22,3c,250,1312,2,30,13.6611206891699,2,3E,ERS,83.9838613970303
MJ2,2035,MJ22,6,ERS,vivant,0.93172376315018,18.1,MJ22,3c,250,1312,2,30,14.7161746644183,2,3E,ERS,141.575488183879
MJ2,2045,MJ22,6,ERS,vivant,0.864777507255655,20.8,MJ22,3c,250,1312,2,30,15.4721235368746,2,3E,ERS,202.728092174843
MJ2,2055,MJ22,6,ERS,vivant,0.801169718614924,23.1,MJ22,3c,250,1312,2,30,16.0189969117719,2,3E,ERS,262.981594517896
MJ2,2025,MJ22,7,FRN,vivant,1,15,MJ22,3c,250,1312,2,30,16.849016593333,2,3E,FRN,109.897067227687
MJ2,2035,MJ22,7,FRN,vivant,0.846570592227598,17.4,MJ22,3c,250,1312,2,30,18.0116588431977,2,3E,FRN,167.371440335561
MJ2,2045,MJ22,7,FRN,vivant,0.706571088741257,19.5,MJ22,3c,250,1312,2,30,18.9063559679956,2,3E,FRN,226.973090324485
MJ2,2055,MJ22,7,FRN,vivant,0.585891622313026,21.3,MJ22,3c,250,1312,2,30,19.596409437539,2,3E,FRN,285.158218707655
MJ2,2025,MJ22,8,PET,vivant,1,15,MJ22,3c,250,1312,2,30,18.236099068015,2,3E,PEU,122.552263701788
MJ2,2035,MJ22,8,PET,vivant,0.814203331457837,19.5,MJ22,3c,250,1312,2,30,20.3604855239043,2,3E,PEU,251.237940361976
MJ2,2045,MJ22,8,PET,vivant,0.660015277272848,23.8,MJ22,3c,250,1312,2,30,21.9229484628403,2,3E,PEU,415.035360832497
MJ2,2055,MJ22,8,PET,vivant,0.52865958412617,27.8,MJ22,3c,250,1312,2,30,23.0732120251809,2,3E,PEU,603.861481779871
MJ2,2025,MJ22,9,PIB,vivant,1,15,MJ22,3c,250,1312,2,30,15.3178198126442,2,3E,PIN,112.038312830427
MJ2,2035,MJ22,9,PIB,vivant,0.950819139384935,20.2,MJ22,3c,250,1312,2,30,18.1017756273801,2,3E,PIN,254.848186753072
MJ2,2045,MJ22,9,PIB,vivant,0.907918914229073,25.5,MJ22,3c,250,1312,2,30,20.3614246627575,2,3E,PIN,458.893172826516
MJ2,2055,MJ22,9,PIB,vivant,0.871061364442478,30.6,MJ22,3c,250,1312,2,30,22.1390624990181,2,3E,PIN,710.572471031783
MJ2,2025,MJ22,10,PRP,vivant,1,15,MJ22,3c,250,1312,2,30,17.0839926947772,2,3E,PRP,
MJ2,2035,MJ22,10,PRP,vivant,0.547967402683367,16.9,MJ22,3c,250,1312,2,30,17.9051570085841,2,3E,PRP,
MJ2,2045,MJ22,10,PRP,vivant,0.245163337148241,18.4,MJ22,3c,250,1312,2,30,18.4906353281376,2,3E,PRP,
MJ2,2055,MJ22,10,PRP,vivant,0.0945550756803508,19.5,MJ22,3c,250,1312,2,30,18.8892440470383,2,3E,PRP,
MJ2,2025,MJ22,11,PRU,vivant,1,15,MJ22,3c,250,1312,2,30,10.8133892923259,2,3E,PRU,68.4798268450972
MJ2,2035,MJ22,11,PRU,vivant,0.988486179899792,19.7,MJ22,3c,250,1312,2,30,12.913740737479,2,3E,PRU,152.961312825776
MJ2,2045,MJ22,11,PRU,vivant,0.974537828495809,24.1,MJ22,3c,250,1312,2,30,14.5583830841966,2,3E,PRU,263.941781332577
MJ2,2055,MJ22,11,PRU,vivant,0.957655758413445,28.1,MJ22,3c,250,1312,2,30,15.8474578461597,2,3E,PRU,392.97125779472
MJ2,2025,MJ22,12,SAB,vivant,1,15,MJ22,3c,250,1312,2,30,15.2507282554175,2,3E,SAB,106.911709880474
MJ2,2035,MJ22,12,SAB,vivant,0.928570953445345,19.4,MJ22,3c,250,1312,2,30,17.8158984229432,2,3E,SAB,217.914827934261
MJ2,2045,MJ22,12,SAB,vivant,0.836259498773397,23.4,MJ22,3c,250,1312,2,30,19.8311857355642,2,3E,SAB,351.227007873326
MJ2,2055,MJ22,12,SAB,vivant,0.726516912188487,26.9,MJ22,3c,250,1312,2,30,21.4063124456575,2,3E,SAB,492.760524538985
MJ2,2025,MJ22,13,SOA,vivant,1,15,MJ22,3c,250,1312,2,30,17.0839926947772,2,3E,SOA,
MJ2,2035,MJ22,13,SOA,vivant,0.780617848280136,18.5,MJ22,3c,250,1312,2,30,18.5278983622122,2,3E,SOA,
MJ2,2045,MJ22,13,SOA,vivant,0.571884729071813,21.3,MJ22,3c,250,1312,2,30,19.4918350661763,2,3E,SOA,
MJ2,2055,MJ22,13,SOA,vivant,0.397542382244539,23.5,MJ22,3c,250,1312,2,30,20.1547986714987,2,3E,SOA,
MJ2,2025,MJ22,14,THO,vivant,1,15,MJ22,3c,250,1312,2,30,9.73687567440186,2,3E,THO,68.3611329393408
MJ2,2035,MJ22,14,THO,vivant,0.934037686815574,18.6,MJ22,3c,250,1312,2,30,10.978241757532,2,3E,THO,123.851355013066
MJ2,2045,MJ22,14,THO,vivant,0.867748320944393,21.8,MJ22,3c,250,1312,2,30,11.9321834131743,2,3E,THO,185.980453421144
MJ2,2055,MJ22,14,THO,vivant,0.800845976175493,24.6,MJ22,3c,250,1312,2,30,12.6745486475107,2,3E,THO,250.096115671046
MJ2,2035,MJ22,15,BOJ,vivant,0.689745445058457,10.9877809527821,MJ22,3c,250,1312,2,30,12.9896228373754,2,3E,BOJ,33.5595655260465
MJ2,2045,MJ22,15,BOJ,vivant,0.626494727575043,14.3877809527821,MJ22,3c,250,1312,2,30,14.4712262827113,2,3E,BOJ,84.1437169364368
MJ2,2055,MJ22,15,BOJ,vivant,0.575463180772369,17.3877809527821,MJ22,3c,250,1312,2,30,15.5149986233818,2,3E,BOJ,142.677619214727
MJ2,2035,MJ22,16,BOP,vivant,3.20406044363407,10.8371580051583,MJ22,3c,250,1312,2,30,14.8797222402338,2,3E,BOP,38.2380411869883
MJ2,2045,MJ22,16,BOP,vivant,2.54619969032823,13.5371580051583,MJ22,3c,250,1312,2,30,16.3807586061232,2,3E,BOP,84.0596940952407
MJ2,2055,MJ22,16,BOP,vivant,2.01739536450545,15.8371580051583,MJ22,3c,250,1312,2,30,17.457668002836,2,3E,BOP,133.21762860364
MJ2,2035,MJ22,17,,vivant,0.991756783269002,11.2918935756464,MJ22,3c,250,1312,2,30,11.0694746056258,2,3E,EPX,37.1671234444934
MJ2,2045,MJ22,17,,vivant,0.923735793245604,14.6918935756464,MJ22,3c,250,1312,2,30,13.4252690434884,2,3E,EPX,92.0647151945145
MJ2,2055,MJ22,17,,vivant,0.852217313167633,17.7918935756464,MJ22,3c,250,1312,2,30,15.2636641807737,2,3E,EPX,161.376871545821
MJ2,2035,MJ22,18,ERP,vivant,0.122163487241577,10.0237112259534,MJ22,3c,250,1312,2,30,11.3818978933424,2,3E,ERP,18.4997493609776
MJ2,2045,MJ22,18,ERP,vivant,0.0792001636552447,13.0237112259534,MJ22,3c,250,1312,2,30,12.8577027402146,2,3E,ERP,54.1310709028021
MJ2,2055,MJ22,18,ERP,vivant,0.0433390532638561,15.1237112259534,MJ22,3c,250,1312,2,30,13.7077085031142,2,3E,ERP,86.0278037192125
MJ2,2035,MJ22,19,ERR,vivant,1.64853420064344,10.7225485391953,MJ22,3c,250,1312,2,30,13.8631158730019,2,3E,ERR,28.8237618184697
MJ2,2045,MJ22,19,ERR,vivant,1.50113037852891,13.8225485391953,MJ22,3c,250,1312,2,30,15.4194735513178,2,3E,ERR,73.6645613485377
MJ2,2055,MJ22,19,ERR,vivant,1.35867175492429,16.5225485391953,MJ22,3c,250,1312,2,30,16.5246717650659,2,3E,ERR,124.125768760393
MJ2,2035,MJ22,20,ERS,vivant,0.0600060702891079,10.2568502305106,MJ22,3c,250,1312,2,30,11.5098179928196,2,3E,ERS,20.8701946515659
MJ2,2045,MJ22,20,ERS,vivant,0.0531189550583006,12.9568502305106,MJ22,3c,250,1312,2,30,12.8284266834381,2,3E,ERS,53.2119815125515
MJ2,2055,MJ22,20,ERS,vivant,0.0473902703365466,15.2568502305106,MJ22,3c,250,1312,2,30,13.7573937270096,2,3E,ERS,88.2508621603085
MJ2,2035,MJ22,21,,vivant,0.0191817498232717,11.3298633929539,MJ22,3c,250,1312,2,30,13.1566990193078,2,3E,F0R,37.9305987595416
MJ2,2045,MJ22,21,,vivant,0.0147602600902387,13.9298633929539,MJ22,3c,250,1312,2,30,14.292544886816,2,3E,F0R,76.3809060073384
MJ2,2055,MJ22,21,,vivant,0.0112486130011493,16.2298633929539,MJ22,3c,250,1312,2,30,15.136233709043,2,3E,F0R,118.485773015398
MJ2,2035,MJ22,22,FRN,vivant,0.0447080691743101,10.6074636035594,MJ22,3c,250,1312,2,30,14.2079441208923,2,3E,FRN,32.490761312236
MJ2,2045,MJ22,22,FRN,vivant,0.0321702945985797,12.6074636035594,MJ22,3c,250,1312,2,30,15.5068204722552,2,3E,FRN,63.4561088738909
MJ2,2055,MJ22,22,FRN,vivant,0.0239336702318601,14.4074636035594,MJ22,3c,250,1312,2,30,16.5353063372259,2,3E,FRN,97.4071170928428
MJ2,2035,MJ22,23,,vivant,0.0227452467587477,10.6844707360501,MJ22,3c,250,1312,2,30,15.5115768046481,2,3E,F_1,38.0554895832579
MJ2,2045,MJ22,23,,vivant,0.00669101545361691,13.0844707360501,MJ22,3c,250,1312,2,30,17.1282287175713,2,3E,F_1,80.5423340975823
MJ2,2055,MJ22,23,,vivant,0.00233587783991023,15.3844707360501,MJ22,3c,250,1312,2,30,18.4419467640644,2,3E,F_1,131.883278296459
MJ2,2035,MJ22,24,PEU,vivant,0.653960729388685,11.341853781375,MJ22,3c,250,1312,2,30,15.9832657538614,2,3E,PEU,48.6096490044257
MJ2,2045,MJ22,24,PEU,vivant,0.493948016129737,15.041853781375,MJ22,3c,250,1312,2,30,18.2587588086865,2,3E,PEU,123.553283208978
MJ2,2055,MJ22,24,PEU,vivant,0.375173423532418,18.541853781375,MJ22,3c,250,1312,2,30,19.9558632106844,2,3E,PEU,220.22505988456
MJ2,2035,MJ22,25,PIN,vivant,0.134050874096242,11.8066904568274,MJ22,3c,250,1312,2,30,13.2164004890132,2,3E,PIN,51.6238656285292
MJ2,2045,MJ22,25,PIN,vivant,0.125601761638691,16.0066904568274,MJ22,3c,250,1312,2,30,15.9113623402292,2,3E,PIN,135.312121226233
MJ2,2055,MJ22,25,PIN,vivant,0.117710953730429,20.2066904568274,MJ22,3c,250,1312,2,30,18.1049520331909,2,3E,PIN,255.068380259445
MJ2,2035,MJ22,26,PRP,vivant,1.72557661190516,10.3811657182038,MJ22,3c,250,1312,2,30,14.5948671999761,2,3E,PRP,
MJ2,2045,MJ22,26,PRP,vivant,0.903503252633632,12.2811657182038,MJ22,3c,250,1312,2,30,15.7188713270277,2,3E,PRP,
MJ2,2055,MJ22,26,PRP,vivant,0.415460971812847,13.7811657182038,MJ22,3c,250,1312,2,30,16.5028372746203,2,3E,PRP,
MJ2,2035,MJ22,27,PRU,vivant,0.0516397396624762,11.1280638931294,MJ22,3c,250,1312,2,30,8.71987734947634,2,3E,PRU,23.2172248682139
MJ2,2045,MJ22,27,PRU,vivant,0.0509761547362115,15.0280638931294,MJ22,3c,250,1312,2,30,10.8272207898168,2,3E,PRU,68.8850627639681
MJ2,2055,MJ22,27,PRU,vivant,0.0501938236093319,18.6280638931294,MJ22,3c,250,1312,2,30,12.4697928894746,2,3E,PRU,130.680872722603
MJ2,2035,MJ22,28,SAB,vivant,6.02169785640646,11.0310920811906,MJ22,3c,250,1312,2,30,12.499629074137,2,3E,SAB,38.126220300233
MJ2,2045,MJ22,28,SAB,vivant,5.61026824387141,14.8310920811906,MJ22,3c,250,1312,2,30,15.1432391366079,2,3E,SAB,103.389456650675
MJ2,2055,MJ22,28,SAB,vivant,5.08960933084121,18.2310920811906,MJ22,3c,250,1312,2,30,17.1746569446928,2,3E,SAB,184.785562658716
MJ2,2035,MJ22,29,SOA,vivant,0.352874085480465,10.540350744923,MJ22,3c,250,1312,2,30,14.6954795546041,2,3E,SOA,
MJ2,2045,MJ22,29,SOA,vivant,0.263253573771854,13.940350744923,MJ22,3c,250,1312,2,30,16.5814078008759,2,3E,SOA,
MJ2,2055,MJ22,29,SOA,vivant,0.187157127231587,16.640350744923,MJ22,3c,250,1312,2,30,17.798472526157,2,3E,SOA,
MJ2,2035,MJ22,30,THO,vivant,0.159672158998826,10.7079741723137,MJ22,3c,250,1312,2,30,7.94247738636182,2,3E,THO,21.788009090528
MJ2,2045,MJ22,30,THO,vivant,0.143368059746794,13.6079741723137,MJ22,3c,250,1312,2,30,9.19798770006438,2,3E,THO,50.9668219928199
MJ2,2055,MJ22,30,THO,vivant,0.129342834117495,16.2079741723137,MJ22,3c,250,1312,2,30,10.1761713978174,2,3E,THO,85.2822905343016
MJ2,2045,MJ22,31,BOJ,vivant,0.548964154334511,10.9135647705466,MJ22,3c,250,1312,2,30,12.9527602531954,2,3E,BOJ,32.6315894709842
MJ2,2055,MJ22,31,BOJ,vivant,0.490576740667447,13.8135647705466,MJ22,3c,250,1312,2,30,14.2462418367536,2,3E,BOJ,74.457647566701
MJ2,2045,MJ22,32,BOP,vivant,2.23186820064577,10.6228367404624,MJ22,3c,250,1312,2,30,14.7471156909201,2,3E,BOP,35.1211942666426
MJ2,2055,MJ22,32,BOP,vivant,1.69027645680874,12.9228367404624,MJ22,3c,250,1312,2,30,16.0642670673282,2,3E,BOP,72.5366635257093
MJ2,2045,MJ22,33,,vivant,0.771734832429978,11.0172384998563,MJ22,3c,250,1312,2,30,10.8605929692342,2,3E,EPX,33.6574107479753
MJ2,2055,MJ22,33,,vivant,0.708870498051105,13.9172384998563,MJ22,3c,250,1312,2,30,12.9230137832795,2,3E,EPX,77.6527282262607
MJ2,2045,MJ22,34,ERP,vivant,0.0887045130808454,10.0657352571649,MJ22,3c,250,1312,2,30,11.4051416012215,2,3E,ERP,18.9222654752587
MJ2,2055,MJ22,34,ERP,vivant,0.0530996155873218,12.5657352571649,MJ22,3c,250,1312,2,30,12.6541831862694,2,3E,ERP,47.952643915236
MJ2,2045,MJ22,35,ERR,vivant,1.36113189777844,10.6458864866934,MJ22,3c,250,1312,2,30,13.819738246057,2,3E,ERR,27.8818541683555
MJ2,2055,MJ22,35,ERR,vivant,1.2191469171372,13.3458864866934,MJ22,3c,250,1312,2,30,15.2025763622114,2,3E,ERR,65.884373477589
MJ2,2045,MJ22,36,ERS,vivant,0.0695539720036226,10.2683810973603,MJ22,3c,250,1312,2,30,11.5160801575446,2,3E,ERS,20.9891139615169
MJ2,2055,MJ22,36,ERS,vivant,0.0602418840821883,12.5683810973603,MJ22,3c,250,1312,2,30,12.6553793525229,2,3E,ERS,47.9875536435531
MJ2,2045,MJ22,37,,vivant,0.0148725066813679,11.2619497873728,MJ22,3c,250,1312,2,30,13.1238940318959,2,3E,F0R,37.0504996472782
MJ2,2055,MJ22,37,,vivant,0.0108683239789421,13.4619497873728,MJ22,3c,250,1312,2,30,14.1038968508673,2,3E,F0R,68.7610088601257
MJ2,2045,MJ22,38,FRN,vivant,0.0369784181861232,10.5417663086309,MJ22,3c,250,1312,2,30,14.1620534746088,2,3E,FRN,31.5889801984973
MJ2,2055,MJ22,38,FRN,vivant,0.024969626977669,12.2417663086309,MJ22,3c,250,1312,2,30,15.2825944082542,2,3E,FRN,57.2748891731575
MJ2,2045,MJ22,39,,vivant,0.0115861718040379,10.5805307425633,MJ22,3c,250,1312,2,30,15.4347963950459,2,3E,F_1,36.4593668454213
MJ2,2055,MJ22,39,,vivant,0.00267542151942659,12.5805307425633,MJ22,3c,250,1312,2,30,16.81173204302,2,3E,F_1,70.7053517845355
MJ2,2045,MJ22,40,PEU,vivant,0.233788981801163,11.1053485507224,MJ22,3c,250,1312,2,30,15.8162760650722,2,3E,PEU,44.7206235247006
MJ2,2055,MJ22,40,PEU,vivant,0.16664314797103,14.3053485507224,MJ22,3c,250,1312,2,30,17.8507428911348,2,3E,PEU,106.461526638927
MJ2,2045,MJ22,41,PIN,vivant,0.0657752472191831,11.488107281912,MJ22,3c,250,1312,2,30,12.9858107562114,2,3E,PIN,46.6822851668254
MJ2,2055,MJ22,41,PIN,vivant,0.0608120142257402,15.188107281912,MJ22,3c,250,1312,2,30,15.4309940466219,2,3E,PIN,116.230348707985
MJ2,2045,MJ22,42,PRP,vivant,1.076255959364,10.2836389784041,MJ22,3c,250,1312,2,30,14.5325890918985,2,3E,PRP,
MJ2,2055,MJ22,42,PRP,vivant,0.50183837718226,11.8836389784041,MJ22,3c,250,1312,2,30,15.4967802115593,2,3E,PRP,
MJ2,2045,MJ22,43,PRU,vivant,0.035910465919301,11.0076016159842,MJ22,3c,250,1312,2,30,8.64814946282369,2,3E,PRU,22.1339306071333
MJ2,2055,MJ22,43,PRU,vivant,0.0353619524125327,14.4076016159842,MJ22,3c,250,1312,2,30,10.5173065700861,2,3E,PRU,60.193074397657
MJ2,2045,MJ22,44,SAB,vivant,5.88231846671717,10.8585443879753,MJ22,3c,250,1312,2,30,12.3678652484048,2,3E,SAB,35.7805174681553
MJ2,2055,MJ22,44,SAB,vivant,5.40986254065994,14.1585443879753,MJ22,3c,250,1312,2,30,14.7076041258147,2,3E,SAB,89.8983131574916
MJ2,2045,MJ22,45,SOA,vivant,0.170709408068345,10.3528885465947,MJ22,3c,250,1312,2,30,14.5768603545015,2,3E,SOA,
MJ2,2055,MJ22,45,SOA,vivant,0.120814190522095,13.3528885465947,MJ22,3c,250,1312,2,30,16.2872214644224,2,3E,SOA,
MJ2,2045,MJ22,46,THO,vivant,0.125843174252922,10.5759750262482,MJ22,3c,250,1312,2,30,7.88041101848503,2,3E,THO,20.6800066097
MJ2,2055,MJ22,46,THO,vivant,0.110665327322737,13.0759750262482,MJ22,3c,250,1312,2,30,8.98192048250313,2,3E,THO,44.907535015059
MJ2,2055,MJ22,47,BOJ,vivant,0.419245769724121,10.836054759678,MJ22,3c,250,1312,2,30,12.9140223184869,2,3E,BOJ,31.6701132610596
MJ2,2055,MJ22,48,BOP,vivant,1.34086004165914,10.4193953618313,MJ22,3c,250,1312,2,30,14.6191469472194,2,3E,BOP,32.2303803264573
MJ2,2055,MJ22,49,,vivant,0.583094997159069,10.7571245444712,MJ22,3c,250,1312,2,30,10.6599099614116,2,3E,EPX,30.4567576110655
MJ2,2055,MJ22,50,ERP,vivant,0.0647369712918426,10.1136792730479,MJ22,3c,250,1312,2,30,11.4315593154773,2,3E,ERP,19.4068546451021
MJ2,2055,MJ22,51,ERR,vivant,1.05183019853602,10.566512138276,MJ22,3c,250,1312,2,30,13.7745402360731,2,3E,ERR,26.9147339155668
MJ2,2055,MJ22,52,ERS,vivant,0.0818475076966585,10.281069569266,MJ22,3c,250,1312,2,30,11.5229640282747,2,3E,ERS,21.1201554394129
MJ2,2055,MJ22,53,,vivant,0.0113881606615069,11.1903392180249,MJ22,3c,250,1312,2,30,13.0891093911959,2,3E,F0R,36.1291201047006
MJ2,2055,MJ22,54,FRN,vivant,0.0302945017768964,10.4734713848382,MJ22,3c,250,1312,2,30,14.114111526734,2,3E,FRN,30.6590952306354
MJ2,2055,MJ22,55,,vivant,0.00562467217517182,10.4750757268631,MJ22,3c,250,1312,2,30,15.3562601517317,2,3E,F_1,34.8600014760914
MJ2,2055,MJ22,56,PEU,vivant,0.0728608909212509,10.8760732665523,MJ22,3c,250,1312,2,30,15.6515081100945,2,3E,PEU,41.0494122604478
MJ2,2055,MJ22,57,PIN,vivant,0.0300241359622675,11.1836564049143,MJ22,3c,250,1312,2,30,12.7614411762722,2,3E,PIN,42.1381340876362
MJ2,2055,MJ22,58,PRP,vivant,0.442591665217903,10.185853226654,MJ22,3c,250,1312,2,30,14.4696516270934,2,3E,PRP,
MJ2,2055,MJ22,59,PRU,vivant,0.0248806626258427,10.8845369139075,MJ22,3c,250,1312,2,30,8.5744110179015,2,3E,PRU,21.0464848759366
MJ2,2055,MJ22,60,SAB,vivant,5.45641904730287,10.6881218880282,MJ22,3c,250,1312,2,30,12.2365760928935,2,3E,SAB,33.5145055804094
MJ2,2055,MJ22,61,SOA,vivant,0.0699867238257373,10.1763762685312,MJ22,3c,250,1312,2,30,14.4635254585448,2,3E,SOA,
MJ2,2055,MJ22,62,THO,vivant,0.0953934933675862,10.4445169460047,MJ22,3c,250,1312,2,30,7.81812612295331,2,3E,THO,19.595043510969
MS1,2025,MS12,1,BOJ,vivant,1,15,MS12,3c,250,1312,2,30,14.1904983811632,2,3E,BOJ,91.6983817109291
MS1,2035,MS12,1,BOJ,vivant,0.90601190948751,19.3,MS12,3c,250,1312,2,30,15.5310737413773,2,3E,BOJ,180.699537920349
MS1,2045,MS12,1,BOJ,vivant,0.830355772368786,23.2,MS12,3c,250,1312,2,30,16.4795015962401,2,3E,BOJ,285.427641114155
MS1,2055,MS12,1,BOJ,vivant,0.764132059188015,26.7,MS12,3c,250,1312,2,30,17.1704483583519,2,3E,BOJ,399.289456685967
MS1,2025,MS12,2,BOP,vivant,1,15,MS12,3c,250,1312,2,30,16.4411644185151,2,3E,BOP,109.91087894662
MS1,2035,MS12,2,BOP,vivant,0.841316376366304,17.9,MS12,3c,250,1312,2,30,17.6212117315906,2,3E,BOP,178.767442130719
MS1,2045,MS12,2,BOP,vivant,0.707551590127707,20.4,MS12,3c,250,1312,2,30,18.4906201830597,2,3E,BOP,250.610173665341
MS1,2055,MS12,2,BOP,vivant,0.593704797804843,22.6,MS12,3c,250,1312,2,30,19.1640945892305,2,3E,BOP,323.66064712677
MS1,2025,MS12,3,EPB,vivant,1,15,MS12,3c,250,1312,2,30,12.4654613861992,2,3E,EPX,89.7996593648098
MS1,2035,MS12,3,EPB,vivant,0.919915592803953,20.2,MS12,3c,250,1312,2,30,15.2608021656821,2,3E,EPX,210.800099370246
MS1,2045,MS12,3,EPB,vivant,0.844166317639216,25.4,MS12,3c,250,1312,2,30,17.5214992862866,2,3E,EPX,382.679942238879
MS1,2055,MS12,3,EPB,vivant,0.770275062010619,30.1,MS12,3c,250,1312,2,30,19.2223159164035,2,3E,EPX,581.177560847695
MS1,2025,MS12,4,ERP,vivant,1,15,MS12,3c,250,1312,2,30,13.19731555675,2,3E,ERP,81.1325473033582
MS1,2035,MS12,4,ERP,vivant,0.471344210748193,16.9,MS12,3c,250,1312,2,30,13.8530100890057,2,3E,ERP,113.746473231774
MS1,2045,MS12,4,ERP,vivant,0.198157981457002,18.5,MS12,3c,250,1312,2,30,14.3427691634221,2,3E,ERP,144.989986634661
MS1,2055,MS12,4,ERP,vivant,0.0754308478725283,19.8,MS12,3c,250,1312,2,30,14.7039149676141,2,3E,ERP,172.949814577888
MS1,2025,MS12,5,ERR,vivant,1,15,MS12,3c,250,1312,2,30,15.2201725794782,2,3E,ERR,90.1401185998509
MS1,2035,MS12,5,ERR,vivant,0.9126508120271,18.4,MS12,3c,250,1312,2,30,16.4359047249788,2,3E,ERR,158.556888524861
MS1,2045,MS12,5,ERR,vivant,0.838339752689534,21.7,MS12,3c,250,1312,2,30,17.4007231748752,2,3E,ERR,241.691441802146
MS1,2055,MS12,5,ERR,vivant,0.771409222152336,24.7,MS12,3c,250,1312,2,30,18.1358526625326,2,3E,ERR,331.944208895973
MS1,2025,MS12,6,ERS,vivant,1,15,MS12,3c,250,1312,2,30,13.19731555675,2,3E,ERS,81.1325473033582
MS1,2035,MS12,6,ERS,vivant,0.823297791642747,18.5,MS12,3c,250,1312,2,30,14.3427691634221,2,3E,ERS,144.989986634661
MS1,2045,MS12,6,ERS,vivant,0.717945810668597,21.9,MS12,3c,250,1312,2,30,15.2259138099879,2,3E,ERS,223.021049076032
MS1,2055,MS12,6,ERS,vivant,0.640361082266169,25,MS12,3c,250,1312,2,30,15.8771120182408,2,3E,ERS,308.012782979802
MS1,2025,MS12,7,PET,vivant,1,15,MS12,3c,250,1312,2,30,17.3652457636721,2,3E,PEU,116.699858349012
MS1,2035,MS12,7,PET,vivant,0.77512302825663,21,MS12,3c,250,1312,2,30,19.9847667466591,2,3E,PEU,289.790732519609
MS1,2045,MS12,7,PET,vivant,0.648274341248344,27.4,MS12,3c,250,1312,2,30,21.9312085761506,2,3E,PEU,557.030211034687
MS1,2055,MS12,7,PET,vivant,0.56069007344386,33.7,MS12,3c,250,1312,2,30,23.2719050147899,2,3E,PEU,903.65072341324
MS1,2025,MS12,8,PRP,vivant,1,15,MS12,3c,250,1312,2,30,16.4411644185151,2,3E,PRP,
MS1,2035,MS12,8,PRP,vivant,0.728806089022094,17.5,MS12,3c,250,1312,2,30,17.4703411284515,2,3E,PRP,
MS1,2045,MS12,8,PRP,vivant,0.469492043955078,19.7,MS12,3c,250,1312,2,30,18.2592035343847,2,3E,PRP,
MS1,2055,MS12,8,PRP,vivant,0.281124318839354,21.6,MS12,3c,250,1312,2,30,18.8676205878773,2,3E,PRP,
MS1,2025,MS12,9,SAB,vivant,1,15,MS12,3c,250,1312,2,30,14.5565707543987,2,3E,SAB,102.045478962359
MS1,2035,MS12,9,SAB,vivant,0.862984989022764,20.4,MS12,3c,250,1312,2,30,17.5779969166094,2,3E,SAB,237.979176693342
MS1,2045,MS12,9,SAB,vivant,0.706628286401231,25.6,MS12,3c,250,1312,2,30,20.0190410107965,2,3E,SAB,420.311633158983
MS1,2055,MS12,9,SAB,vivant,0.534416964419379,30.2,MS12,3c,250,1312,2,30,21.9021208508806,2,3E,SAB,622.199015068993
MS1,2025,MS12,10,SOA,vivant,1,15,MS12,3c,250,1312,2,30,16.4411644185151,2,3E,SOA,
MS1,2035,MS12,10,SOA,vivant,0.76220193719291,17.7,MS12,3c,250,1312,2,30,17.5462138546988,2,3E,SOA,
MS1,2045,MS12,10,SOA,vivant,0.595666541695295,20.1,MS12,3c,250,1312,2,30,18.3925195776559,2,3E,SOA,
MS1,2055,MS12,10,SOA,vivant,0.472606764056693,22.3,MS12,3c,250,1312,2,30,19.0767643423156,2,3E,SOA,
MS1,2025,MS12,11,THO,vivant,1,15,MS12,3c,250,1312,2,30,9.46254484737151,2,3E,THO,66.4350976521405
MS1,2035,MS12,11,THO,vivant,0.904469622272131,18,MS12,3c,250,1312,2,30,10.4944313826613,2,3E,THO,110.485185928906
MS1,2045,MS12,11,THO,vivant,0.825713972704632,21,MS12,3c,250,1312,2,30,11.4011046131086,2,3E,THO,164.926346970593
MS1,2055,MS12,11,THO,vivant,0.758143401196697,23.8,MS12,3c,250,1312,2,30,12.1554457279108,2,3E,THO,225.033568913049
MS1,2035,MS12,12,BOJ,vivant,0.715673051248144,11.1883161913571,MS12,3c,250,1312,2,30,12.6256692883995,2,3E,BOJ,34.8275227665328
MS1,2045,MS12,12,BOJ,vivant,0.642067016333925,15.0883161913571,MS12,3c,250,1312,2,30,14.2219509768374,2,3E,BOJ,93.2549573747651
MS1,2055,MS12,12,BOJ,vivant,0.587846374610051,18.5883161913571,MS12,3c,250,1312,2,30,15.3333327461129,2,3E,BOJ,164.077726299079
MS1,2035,MS12,13,BOP,vivant,1.85983022106617,10.6097844622697,MS12,3c,250,1312,2,30,14.1685335938768,2,3E,BOP,33.5817307008807
MS1,2045,MS12,13,BOP,vivant,1.53390824977744,13.3097844622697,MS12,3c,250,1312,2,30,15.6474050566839,2,3E,BOP,76.6897097001197
MS1,2055,MS12,13,BOP,vivant,1.27815538573836,15.6097844622697,MS12,3c,250,1312,2,30,16.7069175859143,2,3E,BOP,123.127270098634
MS1,2035,MS12,14,,vivant,0.878508887189836,11.6177554452864,MS12,3c,250,1312,2,30,10.2559528907318,2,3E,EPX,37.6265938061896
MS1,2045,MS12,14,,vivant,0.792296226576515,15.8177554452864,MS12,3c,250,1312,2,30,12.9484339387157,2,3E,EPX,105.496500536062
MS1,2055,MS12,14,,vivant,0.717002766137946,19.7177554452864,MS12,3c,250,1312,2,30,15.0267624736243,2,3E,EPX,197.444705760753
MS1,2035,MS12,15,ERP,vivant,0.167174902269745,10.1396737341866,MS12,3c,250,1312,2,30,11.0394232874505,2,3E,ERP,18.9722691755951
MS1,2045,MS12,15,ERP,vivant,0.0979985758406442,13.0396737341866,MS12,3c,250,1312,2,30,12.4213243464835,2,3E,ERP,52.4782901034073
MS1,2055,MS12,15,ERP,vivant,0.0501965386447593,15.2396737341866,MS12,3c,250,1312,2,30,13.284898811177,2,3E,ERP,84.981072043359
MS1,2035,MS12,16,ERR,vivant,0.716985364131743,10.6511873041774,MS12,3c,250,1312,2,30,13.1958771056928,2,3E,ERR,26.679334642764
MS1,2045,MS12,16,ERR,vivant,0.649679005805693,13.7511873041774,MS12,3c,250,1312,2,30,14.7019306959393,2,3E,ERR,69.2496701207623
MS1,2055,MS12,16,ERR,vivant,0.595963869696641,16.7511873041774,MS12,3c,250,1312,2,30,15.8786300967092,2,3E,ERR,123.235216428418
MS1,2035,MS12,17,ERS,vivant,0.105225827087336,11.1689593068111,MS12,3c,250,1312,2,30,11.5666179493597,2,3E,ERS,29.6944453866325
MS1,2045,MS12,17,ERS,vivant,0.0896770471097432,14.2689593068111,MS12,3c,250,1312,2,30,12.9207562780025,2,3E,ERS,69.8618342797116
MS1,2055,MS12,17,ERS,vivant,0.0806721514333764,17.2689593068111,MS12,3c,250,1312,2,30,13.9706868188458,2,3E,ERS,120.642615268376
MS1,2035,MS12,18,,vivant,0.0215176061587826,11.4655035722758,MS12,3c,250,1312,2,30,14.1732670193065,2,3E,F_0,38.673927898854
MS1,2045,MS12,18,,vivant,0.0181768170990258,14.8655035722758,MS12,3c,250,1312,2,30,16.3780842475873,2,3E,F_0,95.9176020168279
MS1,2055,MS12,18,,vivant,0.015316031567556,18.0655035722758,MS12,3c,250,1312,2,30,18.171809002296,2,3E,F_0,169.96307407161
MS1,2035,MS12,19,,vivant,0.0444061347275183,10.3480925159422,MS12,3c,250,1312,2,30,14.4943455048218,2,3E,F_1,31.3052949889351
MS1,2045,MS12,19,,vivant,0.0257992847757838,12.7480925159422,MS12,3c,250,1312,2,30,16.0931653178082,2,3E,F_1,70.316113956662
MS1,2055,MS12,19,,vivant,0.0120933415225532,14.8480925159422,MS12,3c,250,1312,2,30,17.2853437630629,2,3E,F_1,113.261815875173
MS1,2035,MS12,20,PEU,vivant,0.236790134491192,11.8816884789133,MS12,3c,250,1312,2,30,15.5483059064599,2,3E,PEU,55.0295745666084
MS1,2045,MS12,20,PEU,vivant,0.165138813096945,16.7816884789133,MS12,3c,250,1312,2,30,18.2462916488614,2,3E,PEU,160.444854039274
MS1,2055,MS12,20,PEU,vivant,0.130830734897097,21.7816884789133,MS12,3c,250,1312,2,30,20.2620670494167,2,3E,PEU,317.816819095824
MS1,2035,MS12,21,PRP,vivant,0.509191979166128,10.5958426610218,MS12,3c,250,1312,2,30,14.160094018326,2,3E,PRP,
MS1,2045,MS12,21,PRP,vivant,0.346951443232317,13.2958426610218,MS12,3c,250,1312,2,30,15.6404785968369,2,3E,PRP,
MS1,2055,MS12,21,PRP,vivant,0.215749653658829,15.5958426610218,MS12,3c,250,1312,2,30,16.7009542610087,2,3E,PRP,
MS1,2035,MS12,22,,vivant,0.00485723760187022,11.2975511848308,MS12,3c,250,1312,2,30,8.41116477361104,2,3E,RES,23.6246894118866
MS1,2045,MS12,22,,vivant,0.00445250073893416,15.4975511848308,MS12,3c,250,1312,2,30,10.6008958972698,2,3E,RES,72.7136788668692
MS1,2055,MS12,22,,vivant,0.00408943913498237,18.7975511848308,MS12,3c,250,1312,2,30,12.057793059053,2,3E,RES,128.913811859676
MS1,2035,MS12,23,SAB,vivant,5.48680305222339,11.3314489178158,MS12,3c,250,1312,2,30,12.0969924293297,2,3E,SAB,40.2404411981208
MS1,2045,MS12,23,SAB,vivant,4.6872818621338,15.6314489178158,MS12,3c,250,1312,2,30,14.94224774124,2,3E,SAB,115.135707098407
MS1,2055,MS12,23,SAB,vivant,3.86199456789837,19.7314489178158,MS12,3c,250,1312,2,30,17.2345247703003,2,3E,SAB,218.187134379168
MS1,2035,MS12,24,SOA,vivant,0.161596530826022,10.9568196765342,MS12,3c,250,1312,2,30,14.3756711270826,2,3E,SOA,
MS1,2045,MS12,24,SOA,vivant,0.112872775636278,14.0568196765342,MS12,3c,250,1312,2,30,16.0091595559001,2,3E,SOA,
MS1,2055,MS12,24,SOA,vivant,0.0841886310274869,16.7568196765342,MS12,3c,250,1312,2,30,17.1804739226521,2,3E,SOA,
MS1,2035,MS12,25,THO,vivant,0.0251467359827324,10.9398599804906,MS12,3c,250,1312,2,30,7.80399850578766,2,3E,THO,23.0519971908825
MS1,2045,MS12,25,THO,vivant,0.0220623774054994,13.3398599804906,MS12,3c,250,1312,2,30,8.82589440878132,2,3E,THO,46.4826887753704
MS1,2055,MS12,25,THO,vivant,0.0197177619137935,15.6398599804906,MS12,3c,250,1312,2,30,9.69463336909773,2,3E,THO,74.9617213709182
MS1,2045,MS12,26,BOJ,vivant,0.716574872115282,11.0672119806706,MS12,3c,250,1312,2,30,12.5681698042564,2,3E,BOJ,33.3387855337916
MS1,2055,MS12,26,BOJ,vivant,0.646954839446299,14.5672119806706,MS12,3c,250,1312,2,30,14.0336054809199,2,3E,BOJ,84.2310053463483
MS1,2045,MS12,27,BOP,vivant,1.8563826327876,10.5027741615773,MS12,3c,250,1312,2,30,14.1035171332391,2,3E,BOP,32.1131546651046
MS1,2055,MS12,27,BOP,vivant,1.52612096289315,12.9027741615773,MS12,3c,250,1312,2,30,15.442439656798,2,3E,BOP,69.4234730473121
MS1,2045,MS12,28,,vivant,0.823958491672746,11.279573895226,MS12,3c,250,1312,2,30,10.0138963653846,2,3E,EPX,33.5060316060426
MS1,2055,MS12,28,,vivant,0.732636115053476,14.779573895226,MS12,3c,250,1312,2,30,12.3321342966605,2,3E,EPX,85.7775331266753
MS1,2045,MS12,29,ERP,vivant,0.112667011166251,10.155222983234,MS12,3c,250,1312,2,30,11.0477245929262,2,3E,ERP,19.1250131351598
MS1,2055,MS12,29,ERP,vivant,0.0655929894146376,12.955222983234,MS12,3c,250,1312,2,30,12.3853182908432,2,3E,ERP,51.3553136678846
MS1,2045,MS12,30,ERR,vivant,0.751261296148149,10.5901776468428,MS12,3c,250,1312,2,30,13.1624897024793,2,3E,ERR,25.9680683760735
MS1,2055,MS12,30,ERR,vivant,0.683824110286778,13.4901776468428,MS12,3c,250,1312,2,30,14.5878878599431,2,3E,ERR,65.1621656463377
MS1,2045,MS12,31,ERS,vivant,0.102440699758536,10.9456057054452,MS12,3c,250,1312,2,30,11.4559409205071,2,3E,ERS,27.2610985374598
MS1,2055,MS12,31,ERS,vivant,0.0913407503656092,13.7456057054452,MS12,3c,250,1312,2,30,12.7136229905418,2,3E,ERS,62.2223807513142
MS1,2045,MS12,32,,vivant,0.0190649459189809,11.2568895516457,MS12,3c,250,1312,2,30,14.0253473773269,2,3E,F_0,35.8218513925279
MS1,2055,MS12,32,,vivant,0.0158819362222167,14.3568895516457,MS12,3c,250,1312,2,30,16.0702879432979,2,3E,F_0,86.0088847259068
MS1,2045,MS12,33,,vivant,0.0340824632020486,10.3532332384939,MS12,3c,250,1312,2,30,14.4980884331088,2,3E,F_1,31.3779071210682
MS1,2055,MS12,33,,vivant,0.0151533616581872,12.3532332384939,MS12,3c,250,1312,2,30,15.8490361949297,2,3E,F_1,63.1769884925226
MS1,2045,MS12,34,PEU,vivant,0.195680994064231,11.6132945136668,MS12,3c,250,1312,2,30,15.3724756926284,2,3E,PEU,50.5739567376993
MS1,2055,MS12,34,PEU,vivant,0.134666963699205,15.8132945136668,MS12,3c,250,1312,2,30,17.7798727106285,2,3E,PEU,135.882294030201
MS1,2045,MS12,35,PRP,vivant,0.471756003635365,10.5583888185831,MS12,3c,250,1312,2,30,14.1373756089473,2,3E,PRP,
MS1,2055,MS12,35,PRP,vivant,0.293925438544453,13.0583888185831,MS12,3c,250,1312,2,30,15.5214857925503,2,3E,PRP,
MS1,2045,MS12,36,,vivant,0.0050736612804908,11.0582817197059,MS12,3c,250,1312,2,30,8.27261671186572,2,3E,RES,21.5313197345147
MS1,2055,MS12,36,,vivant,0.00459511175438193,14.6582817197059,MS12,3c,250,1312,2,30,10.1965594568497,2,3E,RES,60.9649623617566
MS1,2045,MS12,37,SAB,vivant,6.50569309912239,11.1113063508857,MS12,3c,250,1312,2,30,11.9357108094382,2,3E,SAB,37.2828084183084
MS1,2055,MS12,37,SAB,vivant,5.41923351553001,14.7113063508857,MS12,3c,250,1312,2,30,14.3769245606631,2,3E,SAB,96.3047276589719
MS1,2045,MS12,38,SOA,vivant,0.145773920705279,10.9248244187243,MS12,3c,250,1312,2,30,14.3568067370445,2,3E,SOA,
MS1,2055,MS12,38,SOA,vivant,0.101453480712239,14.0248244187243,MS12,3c,250,1312,2,30,15.9940332203392,2,3E,SOA,
MS1,2045,MS12,39,THO,vivant,0.0237384558404019,10.7657129777069,MS12,3c,250,1312,2,30,7.72451522972734,2,3E,THO,21.5937507222425
MS1,2055,MS12,39,THO,vivant,0.0207698365056111,12.8657129777069,MS12,3c,250,1312,2,30,8.63415091836479,2,3E,THO,41.3527649259438
MS1,2055,MS12,40,BOJ,vivant,0.644328673511178,10.9132397480633,MS12,3c,250,1312,2,30,12.4942473163964,2,3E,BOJ,31.4729570537089
MS1,2055,MS12,41,BOP,vivant,1.51292269059124,10.3689095692309,MS12,3c,250,1312,2,30,14.021404358649,2,3E,BOP,30.3007313631492
MS1,2055,MS12,42,,vivant,0.683818922313661,10.8902410696431,MS12,3c,250,1312,2,30,9.72992351982302,2,3E,EPX,29.0007602384859
MS1,2055,MS12,43,ERP,vivant,0.0851350645182033,10.176811972843,MS12,3c,250,1312,2,30,11.0592324707136,2,3E,ERP,19.3375496206889
MS1,2055,MS12,44,ERR,vivant,0.697692890374521,10.5107957116219,MS12,3c,250,1312,2,30,13.1187996161626,2,3E,ERR,25.0495965037096
MS1,2055,MS12,45,ERS,vivant,0.0991886568332672,10.6792602931205,MS12,3c,250,1312,2,30,11.3213229979938,2,3E,ERS,24.4372234820842
MS1,2055,MS12,46,,vivant,0.0158805313018626,11.0016335435854,MS12,3c,250,1312,2,30,13.8420587364437,2,3E,F_0,32.4299379233791
MS1,2055,MS12,47,,vivant,0.0253875824085105,10.3602807005061,MS12,3c,250,1312,2,30,14.5032172045696,2,3E,F_1,31.477525738607
MS1,2055,MS12,48,PEU,vivant,0.147962349598243,11.2884014377502,MS12,3c,250,1312,2,30,15.154919919265,2,3E,PEU,45.3547310904944
MS1,2055,MS12,49,PRP,vivant,0.383359792852179,10.5087997291834,MS12,3c,250,1312,2,30,14.1071927299865,2,3E,PRP,
MS1,2055,MS12,50,,vivant,0.00535058928107928,10.7733043721205,MS12,3c,250,1312,2,30,8.10539658367019,2,3E,RES,19.1314885514416
MS1,2055,MS12,51,SAB,vivant,5.87237765606239,10.8455732045598,MS12,3c,250,1312,2,30,11.7386669248675,2,3E,SAB,33.8220708546684
MS1,2055,MS12,52,SOA,vivant,0.127496074214677,10.8820617410031,MS12,3c,250,1312,2,30,14.3315209405518,2,3E,SOA,
MS1,2055,MS12,53,THO,vivant,0.0221111260108709,10.5544038576725,MS12,3c,250,1312,2,30,7.62700890805768,2,3E,THO,19.8671741091579
MS2,2025,MS22,1,BOG,vivant,1,15,MS22,3c,250,1312,2,30,17.9530472951557,2,3E,BOG,116.423273493371
MS2,2035,MS22,1,BOG,vivant,0.451535924298994,16.9,MS22,3c,250,1312,2,30,18.627028102937,2,3E,BOG,160.919208663259
MS2,2045,MS22,1,BOG,vivant,0.167146971096552,18.4,MS22,3c,250,1312,2,30,19.1103705811844,2,3E,BOG,200.53140423657
MS2,2055,MS22,1,BOG,vivant,0.0708839392995887,19.4,MS22,3c,250,1312,2,30,19.4122591032841,2,3E,BOG,229.196902285673
MS2,2025,MS22,2,BOJ,vivant,1,15,MS22,3c,250,1312,2,30,14.0504308589073,2,3E,BOJ,90.7932714902641
MS2,2035,MS22,2,BOJ,vivant,0.918323555264618,18.4,MS22,3c,250,1312,2,30,15.1058511630741,2,3E,BOJ,157.989718691395
MS2,2045,MS22,2,BOJ,vivant,0.834314403065478,21.3,MS22,3c,250,1312,2,30,15.8408176658214,2,3E,BOJ,228.575891394162
MS2,2055,MS22,2,BOJ,vivant,0.766330388843243,23.8,MS22,3c,250,1312,2,30,16.3783868713354,2,3E,BOJ,299.41553329007
MS2,2025,MS22,3,BOP,vivant,1,15,MS22,3c,250,1312,2,30,17.27371188296,2,3E,BOP,115.476544568142
MS2,2035,MS22,3,BOP,vivant,0.866799701922108,17.1,MS22,3c,250,1312,2,30,18.1702874519115,2,3E,BOP,166.049726209781
MS2,2045,MS22,3,BOP,vivant,0.738001068641868,19,MS22,3c,250,1312,2,30,18.8883248541526,2,3E,BOP,219.013612357189
MS2,2055,MS22,3,BOP,vivant,0.647482158836183,20.6,MS22,3c,250,1312,2,30,19.4347994341308,2,3E,BOP,269.045483044229
MS2,2025,MS22,4,EPB,vivant,1,15,MS22,3c,250,1312,2,30,13.8704617944197,2,3E,EPX,99.9211104813567
MS2,2035,MS22,4,EPB,vivant,0.931896586461218,19.6,MS22,3c,250,1312,2,30,16.4610853152253,2,3E,EPX,213.614130543516
MS2,2045,MS22,4,EPB,vivant,0.857025220148867,23.6,MS22,3c,250,1312,2,30,18.3314583906115,2,3E,EPX,346.583933786258
MS2,2055,MS22,4,EPB,vivant,0.782656350825242,26.9,MS22,3c,250,1312,2,30,19.6659907509311,2,3E,EPX,479.983872992336
MS2,2025,MS22,5,ERR,vivant,1,15,MS22,3c,250,1312,2,30,15.4122402778116,2,3E,ERR,91.2776224630012
MS2,2035,MS22,5,ERR,vivant,0.877222923889726,17.6,MS22,3c,250,1312,2,30,16.3554902247772,2,3E,ERR,142.502996186445
MS2,2045,MS22,5,ERR,vivant,0.763606804284614,20,MS22,3c,250,1312,2,30,17.0983896503222,2,3E,ERR,198.769369994152
MS2,2055,MS22,5,ERR,vivant,0.684480664954902,22.1,MS22,3c,250,1312,2,30,17.6660916492064,2,3E,ERR,255.227283377739
MS2,2025,MS22,6,PET,vivant,1,15,MS22,3c,250,1312,2,30,18.1348538298548,2,3E,PEU,121.871864177784
MS2,2035,MS22,6,PET,vivant,0.840865917863792,18.7,MS22,3c,250,1312,2,30,19.8717659642088,2,3E,PEU,223.492558686624
MS2,2045,MS22,6,PET,vivant,0.692256501318113,22.2,MS22,3c,250,1312,2,30,21.1815043368544,2,3E,PEU,346.018659243392
MS2,2055,MS22,6,PET,vivant,0.57809550218141,25.4,MS22,3c,250,1312,2,30,22.1596539092888,2,3E,PEU,480.826883861431
MS2,2025,MS22,7,PIG,vivant,1,15,MS22,3c,250,1312,2,30,20.3838402215674,2,3E,PIG,147.40710474086
MS2,2035,MS22,7,PIG,vivant,0.943754089756853,19,MS22,3c,250,1312,2,30,22.4708959803845,2,3E,PIG,273.931528020504
MS2,2045,MS22,7,PIG,vivant,0.867435369329136,22.4,MS22,3c,250,1312,2,30,23.8424053452113,2,3E,PIG,406.928918916233
MS2,2055,MS22,7,PIG,vivant,0.780596246750081,25.2,MS22,3c,250,1312,2,30,24.7547669807134,2,3E,PIG,532.809433646968
MS2,2025,MS22,8,PIB,vivant,1,15,MS22,3c,250,1312,2,30,15.4322149738764,2,3E,PIN,112.87502725958
MS2,2035,MS22,8,PIB,vivant,0.942489672845672,20.5,MS22,3c,250,1312,2,30,18.327006022326,2,3E,PIN,266.029414350251
MS2,2045,MS22,8,PIB,vivant,0.882772594664727,25.8,MS22,3c,250,1312,2,30,20.5210378513146,2,3E,PIN,473.257227460934
MS2,2055,MS22,8,PIB,vivant,0.824149431832518,30.7,MS22,3c,250,1312,2,30,22.1753941868291,2,3E,PIN,716.188472308102
MS2,2025,MS22,9,PRP,vivant,1,15,MS22,3c,250,1312,2,30,17.27371188296,2,3E,PRP,
MS2,2035,MS22,9,PRP,vivant,0.601898580641184,16.2,MS22,3c,250,1312,2,30,17.8004509580985,2,3E,PRP,
MS2,2045,MS22,9,PRP,vivant,0.272372882798782,17.3,MS22,3c,250,1312,2,30,18.2497463097489,2,3E,PRP,
MS2,2055,MS22,9,PRP,vivant,0.122563763958611,18.2,MS22,3c,250,1312,2,30,18.5957631640794,2,3E,PRP,
MS2,2025,MS22,10,SAB,vivant,1,15,MS22,3c,250,1312,2,30,15.4969884463639,2,3E,SAB,108.638060101174
MS2,2035,MS22,10,SAB,vivant,0.864846587240876,19.5,MS22,3c,250,1312,2,30,18.1318518973303,2,3E,SAB,224.113848544718
MS2,2045,MS22,10,SAB,vivant,0.711502142047448,23.5,MS22,3c,250,1312,2,30,20.1505692156539,2,3E,SAB,359.811812317969
MS2,2055,MS22,10,SAB,vivant,0.559305020979165,26.8,MS22,3c,250,1312,2,30,21.6414754479782,2,3E,SAB,494.759564910173
MS2,2025,MS22,11,SAL,vivant,1,15,MS22,3c,250,1312,2,30,17.27371188296,2,3E,SAL,
MS2,2035,MS22,11,SAL,vivant,0.680636792339111,16.8,MS22,3c,250,1312,2,30,18.0492744109093,2,3E,SAL,
MS2,2045,MS22,11,SAL,vivant,0.425308975987129,18.4,MS22,3c,250,1312,2,30,18.6701861590172,2,3E,SAL,
MS2,2055,MS22,11,SAL,vivant,0.287806942867198,19.8,MS22,3c,250,1312,2,30,19.1677265127538,2,3E,SAL,
MS2,2025,MS22,12,SOA,vivant,1,15,MS22,3c,250,1312,2,30,17.27371188296,2,3E,SOA,
MS2,2035,MS22,12,SOA,vivant,0.806323457306496,16.7,MS22,3c,250,1312,2,30,18.008441077911,2,3E,SOA,
MS2,2045,MS22,12,SOA,vivant,0.616924089766304,18.2,MS22,3c,250,1312,2,30,18.5957631640794,2,3E,SOA,
MS2,2055,MS22,12,SOA,vivant,0.49556026355085,19.5,MS22,3c,250,1312,2,30,19.0644384411758,2,3E,SOA,
MS2,2025,MS22,13,THO,vivant,1,15,MS22,3c,250,1312,2,30,9.77345663401093,2,3E,THO,68.6179623296409
MS2,2035,MS22,13,THO,vivant,0.925752485095705,18.1,MS22,3c,250,1312,2,30,10.8447530405508,2,3E,THO,115.522387728973
MS2,2045,MS22,13,THO,vivant,0.84753913412447,20.9,MS22,3c,250,1312,2,30,11.6937756496356,2,3E,THO,167.54600418928
MS2,2055,MS22,13,THO,vivant,0.784135187642901,23.4,MS22,3c,250,1312,2,30,12.3739548126047,2,3E,THO,221.66287998045
MS2,2035,MS22,14,BOG,vivant,0.034368298872684,10.2065062947249,MS22,3c,250,1312,2,30,15.814232620899,2,3E,BOG,30.5001883610394
MS2,2045,MS22,14,BOG,vivant,0.0166517014427,11.3065062947249,MS22,3c,250,1312,2,30,16.3766254862459,2,3E,BOG,47.0893588255497
MS2,2055,MS22,14,BOG,vivant,0.00875418879725978,12.0065062947249,MS22,3c,250,1312,2,30,16.7089047246854,2,3E,BOG,58.5749686399189
MS2,2035,MS22,15,BOJ,vivant,0.106962949320737,10.9839430128753,MS22,3c,250,1312,2,30,12.4264973268232,2,3E,BOJ,32.0633075245843
MS2,2045,MS22,15,BOJ,vivant,0.0967927807527858,13.5839430128753,MS22,3c,250,1312,2,30,13.5327773014864,2,3E,BOJ,67.6150899204767
MS2,2055,MS22,15,BOJ,vivant,0.0873158893275953,15.7839430128753,MS22,3c,250,1312,2,30,14.3155559517527,2,3E,BOJ,104.824719131818
MS2,2035,MS22,16,BOP,vivant,3.40054893331342,10.5012755668941,MS22,3c,250,1312,2,30,14.8634815164531,2,3E,BOP,33.8242138192338
MS2,2045,MS22,16,BOP,vivant,2.87878202997989,12.4012755668941,MS22,3c,250,1312,2,30,15.9779417442988,2,3E,BOP,64.0441193366531
MS2,2055,MS22,16,BOP,vivant,2.46590212751739,14.1012755668941,MS22,3c,250,1312,2,30,16.8514103249213,2,3E,BOP,96.3235488596032
MS2,2035,MS22,17,,vivant,2.11153158765469,11.239254352661,MS22,3c,250,1312,2,30,11.2816469447801,2,3E,EPX,37.3175274029612
MS2,2045,MS22,17,,vivant,1.96366728807704,14.739254352661,MS22,3c,250,1312,2,30,13.7063835908928,2,3E,EPX,94.7176453805393
MS2,2055,MS22,17,,vivant,1.81330584368292,17.739254352661,MS22,3c,250,1312,2,30,15.4774890995714,2,3E,EPX,162.594717483482
MS2,2035,MS22,18,ERR,vivant,0.417326569579509,10.5077232766881,MS22,3c,250,1312,2,30,13.3145352790588,2,3E,ERR,25.3907077438355
MS2,2045,MS22,18,ERR,vivant,0.359333780262037,13.0077232766881,MS22,3c,250,1312,2,30,14.5678488136042,2,3E,ERR,58.6468371988271
MS2,2055,MS22,18,ERR,vivant,0.31325034959407,15.2077232766881,MS22,3c,250,1312,2,30,15.4937135353778,2,3E,ERR,95.0058076611819
MS2,2035,MS22,19,,vivant,0.0419196533461408,10.2743351373287,MS22,3c,250,1312,2,30,12.0820763385403,2,3E,FEU,23.8605959702816
MS2,2045,MS22,19,,vivant,0.0328303936888821,12.4743351373287,MS22,3c,250,1312,2,30,13.0878279116202,2,3E,FEU,51.3582897757239
MS2,2055,MS22,19,,vivant,0.0265030054443823,14.6743351373287,MS22,3c,250,1312,2,30,13.9359698530526,2,3E,FEU,85.2174047794604
MS2,2035,MS22,20,PEU,vivant,1.12886114370778,10.9264906384471,MS22,3c,250,1312,2,30,15.637430656944,2,3E,PEU,41.7135346603298
MS2,2045,MS22,20,PEU,vivant,0.872739200873878,13.7264906384471,MS22,3c,250,1312,2,30,17.4310139854866,2,3E,PEU,93.3472233609339
MS2,2055,MS22,20,PEU,vivant,0.656714957432625,16.2264906384471,MS22,3c,250,1312,2,30,18.7575833056401,2,3E,PEU,152.431998683464
MS2,2035,MS22,21,PIG,vivant,0.0251663856598218,10.9903297759744,MS22,3c,250,1312,2,30,17.5788726013169,2,3E,PIG,54.3772645368428
MS2,2045,MS22,21,PIG,vivant,0.0227778584729667,13.8903297759744,MS22,3c,250,1312,2,30,19.6908428755847,2,3E,PIG,118.257742190655
MS2,2055,MS22,21,PIG,vivant,0.0196862832025835,16.2903297759744,MS22,3c,250,1312,2,30,21.1224882586032,2,3E,PIG,184.576371817113
MS2,2035,MS22,22,PIN,vivant,0.0359664726512706,11.3920126965377,MS22,3c,250,1312,2,30,13.0423570134714,2,3E,PIN,45.6737916980448
MS2,2045,MS22,22,PIN,vivant,0.0337808921831624,15.6920126965377,MS22,3c,250,1312,2,30,15.8401803228494,2,3E,PIN,128.718292390311
MS2,2055,MS22,22,PIN,vivant,0.0315252351830735,19.7920126965377,MS22,3c,250,1312,2,30,17.9945719711884,2,3E,PIN,242.789736288214
MS2,2035,MS22,23,PRP,vivant,0.753537494149515,10.3200216682169,MS22,3c,250,1312,2,30,14.7482267932886,2,3E,PRP,
MS2,2045,MS22,23,PRP,vivant,0.395216449196247,11.8200216682169,MS22,3c,250,1312,2,30,15.6539831988955,2,3E,PRP,
MS2,2055,MS22,23,PRP,vivant,0.181466015520334,13.1200216682169,MS22,3c,250,1312,2,30,16.360012618579,2,3E,PRP,
MS2,2035,MS22,24,,vivant,0.0188871873502354,11.1576101319919,MS22,3c,250,1312,2,30,8.71838597298384,2,3E,RES,23.4346701076294
MS2,2045,MS22,24,,vivant,0.0143770216491015,16.0576101319919,MS22,3c,250,1312,2,30,11.2776593073741,2,3E,RES,84.2159921553023
MS2,2055,MS22,24,,vivant,0.0124546662239737,21.0576101319919,MS22,3c,250,1312,2,30,13.3743408965461,2,3E,RES,182.784818468551
MS2,2035,MS22,25,SAB,vivant,14.0426569677155,11.0624837245772,MS22,3c,250,1312,2,30,12.7489577465299,2,3E,SAB,39.2527945159907
MS2,2045,MS22,25,SAB,vivant,12.2216142871646,14.4624837245772,MS22,3c,250,1312,2,30,15.1498867346324,2,3E,SAB,97.4587011321184
MS2,2055,MS22,25,SAB,vivant,10.3176996662917,17.5624837245772,MS22,3c,250,1312,2,30,17.0518267147139,2,3E,SAB,169.57118449124
MS2,2035,MS22,26,SAL,vivant,0.099279479640137,10.5384076666182,MS22,3c,250,1312,2,30,14.886884084129,2,3E,SAL,
MS2,2045,MS22,26,SAL,vivant,0.0544821715844861,12.0384076666182,MS22,3c,250,1312,2,30,15.7773404702186,2,3E,SAL,
MS2,2055,MS22,26,SAL,vivant,0.0286962631404665,13.3384076666182,MS22,3c,250,1312,2,30,16.4722864508898,2,3E,SAL,
MS2,2035,MS22,27,SOA,vivant,0.210134523445459,10.4699007283533,MS22,3c,250,1312,2,30,14.8436525246893,2,3E,SOA,
MS2,2045,MS22,27,SOA,vivant,0.156661394257955,12.1699007283533,MS22,3c,250,1312,2,30,15.850653579784,2,3E,SOA,
MS2,2055,MS22,27,SOA,vivant,0.117665913227838,13.7699007283533,MS22,3c,250,1312,2,30,16.6891626335867,2,3E,SOA,
MS2,2035,MS22,28,THO,vivant,0.0502507686551535,11.2145952088684,MS22,3c,250,1312,2,30,8.22144629431105,2,3E,THO,26.3592733022206
MS2,2045,MS22,28,THO,vivant,0.0465508571697991,13.7145952088684,MS22,3c,250,1312,2,30,9.28045900518061,2,3E,THO,52.4454067544
MS2,2055,MS22,28,THO,vivant,0.0420468135335165,16.0145952088684,MS22,3c,250,1312,2,30,10.1412385010967,2,3E,THO,82.73381913623
MS2,2045,MS22,29,BOG,vivant,0.0109210003938016,9.72757968704477,MS22,3c,250,1312,2,30,15.551897331964,2,3E,BOG,23.8107944659964
MS2,2055,MS22,29,BOG,vivant,0.00531289084671985,10.4275796870448,MS22,3c,250,1312,2,30,15.9315670822483,2,3E,BOG,33.6950986438023
MS2,2045,MS22,30,BOJ,vivant,0.0577049140762359,10.577656371743,MS22,3c,250,1312,2,30,12.2318360673995,2,3E,BOJ,27.2912437579183
MS2,2055,MS22,30,BOJ,vivant,0.0514276556049715,12.677656371743,MS22,3c,250,1312,2,30,13.1721801273212,2,3E,BOJ,54.2142197488713
MS2,2045,MS22,31,BOP,vivant,2.49144262806082,10.2605178606128,MS22,3c,250,1312,2,30,14.7100160771806,2,3E,BOP,30.4158330465328
MS2,2055,MS22,31,BOP,vivant,2.06974061536773,11.9605178606128,MS22,3c,250,1312,2,30,15.7335745407554,2,3E,BOP,56.4961372806025
MS2,2045,MS22,32,,vivant,1.54357228293762,10.7925033848207,MS22,3c,250,1312,2,30,10.9386005176484,2,3E,EPX,31.6110972701098
MS2,2055,MS22,32,,vivant,1.3910342764006,13.5925033848207,MS22,3c,250,1312,2,30,12.9592817035463,2,3E,EPX,73.3801742552448
MS2,2045,MS22,33,ERR,vivant,0.380623368799167,10.3757074704932,MS22,3c,250,1312,2,30,13.2411201709553,2,3E,ERR,23.8602297740255
MS2,2055,MS22,33,ERR,vivant,0.323897311994234,12.6757074704932,MS22,3c,250,1312,2,30,14.414964988996,2,3E,ERR,53.7486904590394
MS2,2045,MS22,34,,vivant,0.0441960736151268,9.95604183240016,MS22,3c,250,1312,2,30,11.9206466362298,2,3E,FEU,20.3798950051754
MS2,2055,MS22,34,,vivant,0.033759420772861,11.9560418324002,MS22,3c,250,1312,2,30,12.8666917041089,2,3E,FEU,44.3237284610593
MS2,2045,MS22,35,PEU,vivant,0.42572838062737,10.7259892819587,MS22,3c,250,1312,2,30,15.493816019841,2,3E,PEU,38.5783928181311
MS2,2055,MS22,35,PEU,vivant,0.320237320436461,12.9259892819587,MS22,3c,250,1312,2,30,16.9553437907971,2,3E,PEU,77.0562561952489
MS2,2045,MS22,36,PIG,vivant,0.00409842804904755,10.0863064517331,MS22,3c,250,1312,2,30,16.8142408447466,2,3E,PIG,38.0532706450992
MS2,2055,MS22,36,PIG,vivant,0.00345070379130098,12.2863064517331,MS22,3c,250,1312,2,30,18.5816945092932,2,3E,PIG,80.7354627355165
MS2,2045,MS22,37,PIN,vivant,0.0206606786302959,10.8012233152365,MS22,3c,250,1312,2,30,12.6020332959191,2,3E,PIN,37.0511824115815
MS2,2055,MS22,37,PIN,vivant,0.0189174037719686,14.5012233152365,MS22,3c,250,1312,2,30,15.1290332479647,2,3E,PIN,102.055708996184
MS2,2045,MS22,38,PRP,vivant,0.430470635112577,10.207140683723,MS22,3c,250,1312,2,30,14.675580184619,2,3E,PRP,
MS2,2055,MS22,38,PRP,vivant,0.177200229168427,11.607140683723,MS22,3c,250,1312,2,30,15.5317696390414,2,3E,PRP,
MS2,2045,MS22,39,,vivant,0.0126884473130681,11.3279808538503,MS22,3c,250,1312,2,30,8.81809069654729,2,3E,RES,25.0001477612346
MS2,2055,MS22,39,,vivant,0.0105263444581916,15.7279808538503,MS22,3c,250,1312,2,30,11.1232646603064,2,3E,RES,79.0578953055959
MS2,2045,MS22,40,SAB,vivant,12.0341725896124,10.6518831582156,MS22,3c,250,1312,2,30,12.4312977968072,2,3E,SAB,33.642060073579
MS2,2055,MS22,40,SAB,vivant,10.0776609728689,13.4518831582156,MS22,3c,250,1312,2,30,14.4751179789915,2,3E,SAB,77.9219780086287
MS2,2045,MS22,41,SAL,vivant,0.0389258079646601,10.4603403928075,MS22,3c,250,1312,2,30,14.8376003224196,2,3E,SAL,
MS2,2055,MS22,41,SAL,vivant,0.0178692637597761,11.7603403928075,MS22,3c,250,1312,2,30,15.6199186776173,2,3E,SAL,
MS2,2045,MS22,42,SOA,vivant,0.145462869719949,10.316234623272,MS22,3c,250,1312,2,30,14.7458004741875,2,3E,SOA,
MS2,2055,MS22,42,SOA,vivant,0.104363883610939,11.916234623272,MS22,3c,250,1312,2,30,15.7085783393427,2,3E,SOA,
MS2,2045,MS22,43,THO,vivant,0.0468004910247876,10.8501213638839,MS22,3c,250,1312,2,30,8.05444546057921,2,3E,THO,23.1332250422114
MS2,2055,MS22,43,THO,vivant,0.042620352888831,13.0501213638839,MS22,3c,250,1312,2,30,9.01268202667163,2,3E,THO,44.827263597852
MS2,2055,MS22,44,BOG,vivant,0.00345451781443031,9.51824760710428,MS22,3c,250,1312,2,30,15.4335347433281,2,3E,BOG,20.9844313711388
MS2,2055,MS22,45,BOJ,vivant,0.0330814560571063,10.2824683682658,MS22,3c,250,1312,2,30,12.086143073171,2,3E,BOJ,23.9511292996576
MS2,2055,MS22,46,BOP,vivant,1.71270973657256,10.1367374838417,MS22,3c,250,1312,2,30,14.6299274421212,2,3E,BOP,28.699076337569
MS2,2055,MS22,47,,vivant,1.06623615557033,10.5075559833481,MS22,3c,250,1312,2,30,10.7153201155655,2,3E,EPX,28.1562481329681
MS2,2055,MS22,48,ERR,vivant,0.337725621396955,10.339199084097,MS22,3c,250,1312,2,30,13.2206736140572,2,3E,ERR,23.4408213960125
MS2,2055,MS22,49,,vivant,0.0465038304255616,9.83393185922592,MS22,3c,250,1312,2,30,11.8575102172767,2,3E,FEU,19.0765442876877
MS2,2055,MS22,50,PEU,vivant,0.135206198664257,10.564279817479,MS22,3c,250,1312,2,30,15.3763162643844,2,3E,PEU,36.1025978639522
MS2,2055,MS22,51,PIG,vivant,0.000580471462996929,9.54117346470074,MS22,3c,250,1312,2,30,16.3242791209214,2,3E,PIG,29.0137319834964
MS2,2055,MS22,52,PIN,vivant,0.0114022155402059,10.387098475665,MS22,3c,250,1312,2,30,12.2838207941702,2,3E,PIN,31.390166228443
MS2,2055,MS22,53,PRP,vivant,0.198750253207569,10.1458999134772,MS22,3c,250,1312,2,30,14.635883854456,2,3E,PRP,
MS2,2055,MS22,54,,vivant,0.00827547966427745,11.1398156970212,MS22,3c,250,1312,2,30,8.70792129731647,2,3E,RES,23.2733152158533
MS2,2055,MS22,55,SAB,vivant,9.7333993477341,10.4124864473094,MS22,3c,250,1312,2,30,12.2429242433387,2,3E,SAB,30.5067564572952
MS2,2055,MS22,56,SAL,vivant,0.0139989860946462,10.3881693113754,MS22,3c,250,1312,2,30,14.791760013347,2,3E,SAL,
MS2,2055,MS22,57,SOA,vivant,0.0917977571147311,10.2812918408637,MS22,3c,250,1312,2,30,14.7233774223544,2,3E,SOA,
MS2,2055,MS22,58,THO,vivant,0.0436875027989067,10.5451409896464,MS22,3c,250,1312,2,30,7.91196551625537,2,3E,THO,20.5436244631101
MS6,2025,MS62,1,BOP,vivant,1,15,MS62,3c,250,1312,2,30,15.7266879438044,2,3E,BOP,105.134530062614
MS6,2035,MS62,1,BOP,vivant,0.887605975060656,17.5,MS62,3c,250,1312,2,30,16.6932763576338,2,3E,BOP,160.868728419286
MS6,2045,MS62,1,BOP,vivant,0.766003438250293,19.7,MS62,3c,250,1312,2,30,17.4292061122654,2,3E,BOP,218.883311797348
MS6,2055,MS62,1,BOP,vivant,0.646647952131003,21.5,MS62,3c,250,1312,2,30,17.9649328335643,2,3E,BOP,272.732904327771
MS6,2025,MS62,2,EPB,vivant,1,15,MS62,3c,250,1312,2,30,12.1053305969104,2,3E,EPX,87.2053212009032
MS6,2035,MS62,2,EPB,vivant,0.935036978259702,19.2,MS62,3c,250,1312,2,30,14.3286619554582,2,3E,EPX,178.105407677691
MS6,2045,MS62,2,EPB,vivant,0.866690391761516,23.4,MS62,3c,250,1312,2,30,16.1811445616892,2,3E,EPX,300.815435275529
MS6,2055,MS62,2,EPB,vivant,0.796707686056582,27.3,MS62,3c,250,1312,2,30,17.6424862549277,2,3E,EPX,442.990468796165
MS6,2025,MS62,3,ERR,vivant,1,15,MS62,3c,250,1312,2,30,14.1992163771696,2,3E,ERR,84.0935962834455
MS6,2035,MS62,3,ERR,vivant,0.939631121457661,18.3,MS62,3c,250,1312,2,30,15.2790092263659,2,3E,ERR,145.581932458316
MS6,2045,MS62,3,ERR,vivant,0.887623596349411,21.4,MS62,3c,250,1312,2,30,16.1048725361304,2,3E,ERR,217.057600693187
MS6,2055,MS62,3,ERR,vivant,0.842378997810605,24.2,MS62,3c,250,1312,2,30,16.7279325902915,2,3E,ERR,293.246337125273
MS6,2025,MS62,4,PET,vivant,1,15,MS62,3c,250,1312,2,30,15.7478496981343,2,3E,PEU,105.83045319856
MS6,2035,MS62,4,PET,vivant,0.799369199545238,18.3,MS62,3c,250,1312,2,30,17.1389328903326,2,3E,PEU,183.657822498343
MS6,2045,MS62,4,PET,vivant,0.649778071851308,21.6,MS62,3c,250,1312,2,30,18.2585183182541,2,3E,PEU,281.297066493559
MS6,2055,MS62,4,PET,vivant,0.539147113842742,24.8,MS62,3c,250,1312,2,30,19.1400034736004,2,3E,PEU,395.062018136416
MS6,2025,MS62,5,PRP,vivant,1,15,MS62,3c,250,1312,2,30,15.7266879438044,2,3E,PRP,
MS6,2035,MS62,5,PRP,vivant,0.585198018566277,17.5,MS62,3c,250,1312,2,30,16.6932763576338,2,3E,PRP,
MS6,2045,MS62,5,PRP,vivant,0.364687516552725,20.1,MS62,3c,250,1312,2,30,17.5530699199381,2,3E,PRP,
MS6,2055,MS62,5,PRP,vivant,0.239855524887646,22.6,MS62,3c,250,1312,2,30,18.2665423906124,2,3E,PRP,
MS6,2025,MS62,6,SAB,vivant,1,15,MS62,3c,250,1312,2,30,13.3468510919079,2,3E,SAB,93.5650185261846
MS6,2035,MS62,6,SAB,vivant,0.845138438112351,19.4,MS62,3c,250,1312,2,30,15.7369631238931,2,3E,SAB,192.486369754709
MS6,2045,MS62,6,SAB,vivant,0.689031796884073,23.7,MS62,3c,250,1312,2,30,17.7531150211035,2,3E,SAB,322.182889077525
MS6,2055,MS62,6,SAB,vivant,0.53835603575165,27.6,MS62,3c,250,1312,2,30,19.3746008762432,2,3E,SAB,467.571673125674
MS6,2035,MS62,7,BOP,vivant,2.56836029643475,10.5388467029663,MS62,3c,250,1312,2,30,13.5329078885489,2,3E,BOP,31.2383535044691
MS6,2045,MS62,7,BOP,vivant,2.26574463393804,12.7388467029663,MS62,3c,250,1312,2,30,14.7034739329922,2,3E,BOP,63.7374335237344
MS6,2055,MS62,7,BOP,vivant,1.94689263461588,14.6388467029663,MS62,3c,250,1312,2,30,15.5736880899457,2,3E,BOP,97.9585551421096
MS6,2035,MS62,8,,vivant,2.12420984758855,11.7502490056441,MS62,3c,250,1312,2,30,10.0525629120652,2,3E,EPX,38.1659832976487
MS6,2045,MS62,8,,vivant,1.97931997712947,15.2502490056441,MS62,3c,250,1312,2,30,12.250210347201,2,3E,EPX,91.7399863105255
MS6,2055,MS62,8,,vivant,1.82980620495789,18.6502490056441,MS62,3c,250,1312,2,30,14.0609208155224,2,3E,EPX,164.40373208871
MS6,2035,MS62,9,ERR,vivant,1.8587517211729,10.5678075384184,MS62,3c,250,1312,2,30,12.2871876692644,2,3E,ERR,24.0212543557313
MS6,2045,MS62,9,ERR,vivant,1.73008938708545,13.2678075384184,MS62,3c,250,1312,2,30,13.5266357092539,2,3E,ERR,57.6527039191256
MS6,2055,MS62,9,ERR,vivant,1.6182362648777,15.7678075384184,MS62,3c,250,1312,2,30,14.4721338670051,2,3E,ERR,97.081499470029
MS6,2035,MS62,10,,vivant,0.253555754120908,10.8561370993708,MS62,3c,250,1312,2,30,12.070002932301,2,3E,FEU,29.8091614633244
MS6,2045,MS62,10,,vivant,0.157028408136618,13.1561370993708,MS62,3c,250,1312,2,30,13.0429093921204,2,3E,FEU,59.675461651637
MS6,2055,MS62,10,,vivant,0.1039961127223,15.2561370993708,MS62,3c,250,1312,2,30,13.7938052985662,2,3E,FEU,92.9588677975835
MS6,2035,MS62,11,PEU,vivant,1.11221492566099,10.8274485753674,MS62,3c,250,1312,2,30,13.4566785753732,2,3E,PEU,34.7126141949995
MS6,2045,MS62,11,PEU,vivant,0.815435873064854,13.4274485753674,MS62,3c,250,1312,2,30,14.9653769386679,2,3E,PEU,75.5489390868768
MS6,2055,MS62,11,PEU,vivant,0.603915939680659,15.9274485753674,MS62,3c,250,1312,2,30,16.1706156828272,2,3E,PEU,125.728632652043
MS6,2035,MS62,12,PRP,vivant,0.146799578194203,10.2801129473354,MS62,3c,250,1312,2,30,13.381521569639,2,3E,PRP,
MS6,2045,MS62,12,PRP,vivant,0.0772846183959674,11.9801129473354,MS62,3c,250,1312,2,30,14.3216661122394,2,3E,PRP,
MS6,2055,MS62,12,PRP,vivant,0.0429580368641552,13.5801129473354,MS62,3c,250,1312,2,30,15.1030196728467,2,3E,PRP,
MS6,2035,MS62,13,,vivant,0.180822162845086,11.333721755496,MS62,3c,250,1312,2,30,8.11239498644012,2,3E,RES,23.0398222507549
MS6,2045,MS62,13,,vivant,0.161725717699273,14.133721755496,MS62,3c,250,1312,2,30,9.57111619037501,2,3E,RES,52.1392178545686
MS6,2055,MS62,13,,vivant,0.144465615800614,16.833721755496,MS62,3c,250,1312,2,30,10.808262791108,2,3E,RES,90.1258504075143
MS6,2035,MS62,14,SAB,vivant,8.61522224520238,11.1822789354478,MS62,3c,250,1312,2,30,10.9033738639009,2,3E,SAB,34.7689681689956
MS6,2045,MS62,14,SAB,vivant,7.42078870310321,14.7822789354478,MS62,3c,250,1312,2,30,13.2179384322473,2,3E,SAB,89.5494007668494
MS6,2055,MS62,14,SAB,vivant,6.21808477228873,18.2822789354478,MS62,3c,250,1312,2,30,15.1652591371583,2,3E,SAB,164.124516615607
MS6,2045,MS62,15,BOP,vivant,2.23715023892369,10.3260064618775,MS62,3c,250,1312,2,30,13.4086081040521,2,3E,BOP,28.4803297268005
MS6,2055,MS62,15,BOP,vivant,1.9159877698997,12.2260064618775,MS62,3c,250,1312,2,30,14.4477540564579,2,3E,BOP,55.4949403748857
MS6,2045,MS62,16,,vivant,1.68673939974213,11.3582130534166,MS62,3c,250,1312,2,30,9.78112092202477,2,3E,EPX,33.456897781205
MS6,2055,MS62,16,,vivant,1.54232184920216,14.3582130534166,MS62,3c,250,1312,2,30,11.725717958324,2,3E,EPX,76.0782344046535
MS6,2045,MS62,17,ERR,vivant,1.90550362286559,10.3506832890422,MS62,3c,250,1312,2,30,12.1753421860167,2,3E,ERR,21.6981712693294
MS6,2055,MS62,17,ERR,vivant,1.7708657815257,12.7506832890422,MS62,3c,250,1312,2,30,13.3088477740559,2,3E,ERR,50.5112285417809
MS6,2045,MS62,18,,vivant,0.233459285005896,10.5963619316308,MS62,3c,250,1312,2,30,11.9481994703002,2,3E,FEU,26.8486551015106
MS6,2055,MS62,18,,vivant,0.137311267558819,12.5963619316308,MS62,3c,250,1312,2,30,12.8221429059604,2,3E,FEU,51.7875798815489
MS6,2045,MS62,19,PEU,vivant,0.728422251908021,10.5719171344628,MS62,3c,250,1312,2,30,13.2914794182678,2,3E,PEU,31.2963335581844
MS6,2055,MS62,19,PEU,vivant,0.501984467309057,12.7719171344628,MS62,3c,250,1312,2,30,14.6122161060306,2,3E,PEU,64.1870656246156
MS6,2045,MS62,20,PRP,vivant,0.108539674874168,10.1055456889158,MS62,3c,250,1312,2,30,13.2775502759656,2,3E,PRP,
MS6,2055,MS62,20,PRP,vivant,0.0578191305569895,11.5055456889158,MS62,3c,250,1312,2,30,14.0716185898035,2,3E,PRP,
MS6,2045,MS62,21,,vivant,0.13798253239738,11.0033002616808,MS62,3c,250,1312,2,30,7.92651394250965,2,3E,RES,20.257870273359
MS6,2055,MS62,21,,vivant,0.121735079853835,13.4033002616808,MS62,3c,250,1312,2,30,9.20939768693997,2,3E,RES,43.5697268128858
MS6,2045,MS62,22,SAB,vivant,7.36397369748588,10.8742594989635,MS62,3c,250,1312,2,30,10.6871489904151,2,3E,SAB,31.0706503461857
MS6,2055,MS62,22,SAB,vivant,6.28151760340882,14.0742594989635,MS62,3c,250,1312,2,30,12.7907311739575,2,3E,SAB,77.0540525656771
MS6,2055,MS62,23,BOP,vivant,1.82803046259623,10.1928956948724,MS62,3c,250,1312,2,30,13.3297629103183,2,3E,BOP,26.7888099462669
MS6,2055,MS62,24,,vivant,1.18382763015109,11.113032884349,MS62,3c,250,1312,2,30,9.60847679586609,2,3E,EPX,30.640046258514
MS6,2055,MS62,25,ERR,vivant,1.83760311062956,10.2148932935883,MS62,3c,250,1312,2,30,12.1043438751031,2,3E,ERR,20.2729155855933
MS6,2055,MS62,26,,vivant,0.180712149522201,10.4338979555996,MS62,3c,250,1312,2,30,11.8706395530628,2,3E,FEU,25.0381849899706
MS6,2055,MS62,27,PEU,vivant,0.382228935217025,10.4121071947695,MS62,3c,250,1312,2,30,13.1864385574415,2,3E,PEU,29.2122852512549
MS6,2055,MS62,28,PRP,vivant,0.0799895644035292,9.99637093162678,MS62,3c,250,1312,2,30,13.2117569957854,2,3E,PRP,
MS6,2055,MS62,29,,vivant,0.0983021762899478,10.7966539139239,MS62,3c,250,1312,2,30,7.80865060285636,2,3E,RES,18.5852167914608
MS6,2055,MS62,30,SAB,vivant,5.93154231741085,10.6816234484068,MS62,3c,250,1312,2,30,10.5502652426283,2,3E,SAB,28.8341138651142
RB1,2025,RB12,1,EPB,vivant,1,15,RB12,3c,250,1312,2,30,12.4223854409359,2,3E,EPX,89.4893455230976
RB1,2035,RB12,1,EPB,vivant,0.987748716712492,19.6,RB12,3c,250,1312,2,30,14.9088971912177,2,3E,EPX,193.471514780316
RB1,2045,RB12,1,EPB,vivant,0.974971830256514,23.7,RB12,3c,250,1312,2,30,16.7554664107295,2,3E,EPX,319.447624107331
RB1,2055,RB12,1,EPB,vivant,0.957426072598365,27.2,RB12,3c,250,1312,2,30,18.1167405489805,2,3E,EPX,451.704055012835
RB1,2025,RB12,2,SAB,vivant,1,15,RB12,3c,250,1312,2,30,12.7315576664086,2,3E,SAB,89.2516460041233
RB1,2035,RB12,2,SAB,vivant,0.88703201904934,21.5,RB12,3c,250,1312,2,30,16.0746325669525,2,3E,SAB,241.527845057138
RB1,2045,RB12,2,SAB,vivant,0.753325383995953,27.2,RB12,3c,250,1312,2,30,18.4955265379164,2,3E,SAB,434.547571398779
RB1,2055,RB12,2,SAB,vivant,0.610073080569192,31.7,RB12,3c,250,1312,2,30,20.1665035442532,2,3E,SAB,624.473114956947
RB1,2035,RB12,3,,vivant,5.39105932163632,12.550932969747,RB12,3c,250,1312,2,30,10.8681200486686,2,3E,EPX,49.8528041576836
RB1,2045,RB12,3,,vivant,5.24972898957014,16.450932969747,RB12,3c,250,1312,2,30,13.2619834098682,2,3E,EPX,118.065100741771
RB1,2055,RB12,3,,vivant,5.08192462089824,19.650932969747,RB12,3c,250,1312,2,30,14.9337616847112,2,3E,EPX,194.843252790634
RB1,2035,RB12,4,,vivant,2.4317711599175,12.550932969747,RB12,3c,250,1312,2,30,12.5718504580975,2,3E,FEU,50.2382983905066
RB1,2045,RB12,4,,vivant,1.71857329510732,18.650932969747,RB12,3c,250,1312,2,30,14.5781699885764,2,3E,FEU,157.176507260095
RB1,2055,RB12,4,,vivant,1.42485552638742,24.350932969747,RB12,3c,250,1312,2,30,15.8686298085985,2,3E,FEU,304.423588845943
RB1,2035,RB12,5,,vivant,1.40224697808237,12.550932969747,RB12,3c,250,1312,2,30,8.63062858728295,2,3E,RES,33.9023814725015
RB1,2045,RB12,5,,vivant,1.30113600911699,14.550932969747,RB12,3c,250,1312,2,30,9.63515008908165,2,3E,RES,56.5492819085971
RB1,2055,RB12,5,,vivant,1.15976888782556,16.150932969747,RB12,3c,250,1312,2,30,10.3761623285971,2,3E,RES,78.5528930504329
RB1,2035,RB12,6,SAB,vivant,3.08168337477281,12.550932969747,RB12,3c,250,1312,2,30,11.245416742226,2,3E,SAB,50.4444862808194
RB1,2045,RB12,6,SAB,vivant,2.75684015218513,18.150932969747,RB12,3c,250,1312,2,30,14.4461189129934,2,3E,SAB,154.002289376605
RB1,2055,RB12,6,SAB,vivant,2.35360509708434,22.850932969747,RB12,3c,250,1312,2,30,16.6844966309686,2,3E,SAB,282.300577062135
RB1,2045,RB12,7,,vivant,4.98926977217675,11.3424037847936,RB12,3c,250,1312,2,30,10.0287370532489,2,3E,EPX,34.1532479623136
RB1,2055,RB12,7,,vivant,4.71481013254619,14.2424037847936,RB12,3c,250,1312,2,30,11.9610169556406,2,3E,EPX,76.0876416811928
RB1,2045,RB12,8,,vivant,2.66766270559876,11.3424037847936,RB12,3c,250,1312,2,30,12.0596874979318,2,3E,FEU,34.9014874490376
RB1,2055,RB12,8,,vivant,1.93850093250069,15.9424037847936,RB12,3c,250,1312,2,30,13.7880891815774,2,3E,FEU,103.420722873869
RB1,2045,RB12,9,,vivant,0.927017799925655,11.3424037847936,RB12,3c,250,1312,2,30,7.97590598416663,2,3E,RES,22.7122594105303
RB1,2055,RB12,9,,vivant,0.828270703708422,12.7424037847936,RB12,3c,250,1312,2,30,8.73090067414504,2,3E,RES,35.8443148343789
RB1,2045,RB12,10,SAB,vivant,3.40657864437197,11.3424037847936,RB12,3c,250,1312,2,30,10.4521908385335,2,3E,SAB,34.8750604004612
RB1,2055,RB12,10,SAB,vivant,3.03614487674271,15.6424037847936,RB12,3c,250,1312,2,30,13.0976558459351,2,3E,SAB,101.082489503965
RB1,2055,RB12,11,,vivant,4.01079274083328,11.0822379626569,RB12,3c,250,1312,2,30,9.84109666942615,2,3E,EPX,31.0972701613774
RB1,2055,RB12,12,,vivant,2.27119290318465,11.0822379626569,RB12,3c,250,1312,2,30,11.9428965982423,2,3E,FEU,31.8365726474506
RB1,2055,RB12,13,,vivant,0.523674253946911,11.0822379626569,RB12,3c,250,1312,2,30,7.82980666341838,2,3E,RES,20.5394880061774
RB1,2055,RB12,14,SAB,vivant,3.34875807239126,11.0822379626569,RB12,3c,250,1312,2,30,10.2756107225485,2,3E,SAB,31.8234720825812
RC3,2025,RC32,1,BOJ,vivant,1,15,RC32,3c,250,1312,2,30,11.7887502413953,2,3E,BOJ,76.1783899686872
RC3,2035,RC32,1,BOJ,vivant,0.778903803972724,17.3,RC32,3c,250,1312,2,30,12.4129767594093,2,3E,BOJ,112.828434315257
RC3,2045,RC32,1,BOJ,vivant,0.604123583991503,19.5,RC32,3c,250,1312,2,30,12.9247068520184,2,3E,BOJ,153.841064181819
RC3,2055,RC32,1,BOJ,vivant,0.481820165293674,21.7,RC32,3c,250,1312,2,30,13.3672184373244,2,3E,BOJ,200.761182858715
RC3,2025,RC32,2,BOP,vivant,1,15,RC32,3c,250,1312,2,30,13.4092868762636,2,3E,BOP,89.642465040844
RC3,2035,RC32,2,BOP,vivant,0.870296460881125,17.1,RC32,3c,250,1312,2,30,14.1284317469369,2,3E,BOP,129.113104542859
RC3,2045,RC32,2,BOP,vivant,0.750295940108768,19.1,RC32,3c,250,1312,2,30,14.7303443607741,2,3E,BOP,172.799562118375
RC3,2055,RC32,2,BOP,vivant,0.651577723537161,21,RC32,3c,250,1312,2,30,15.238760433484,2,3E,BOP,219.919282982506
RC3,2025,RC32,3,EPB,vivant,1,15,RC32,3c,250,1312,2,30,10.7450465017206,2,3E,EPX,77.4060009348562
RC3,2035,RC32,3,EPB,vivant,0.871842938354927,17.7,RC32,3c,250,1312,2,30,12.1461930686432,2,3E,EPX,126.989540918309
RC3,2045,RC32,3,EPB,vivant,0.745410666940815,20.4,RC32,3c,250,1312,2,30,13.3893491805767,2,3E,EPX,188.73825080809
RC3,2055,RC32,3,EPB,vivant,0.631938010947956,23.1,RC32,3c,250,1312,2,30,14.4991452931586,2,3E,EPX,262.728205688604
RC3,2025,RC32,4,ERR,vivant,1,15,RC32,3c,250,1312,2,30,12.951945376603,2,3E,ERR,76.706744700119
RC3,2035,RC32,4,ERR,vivant,0.862874361046047,18.1,RC32,3c,250,1312,2,30,13.8934503549438,2,3E,ERR,129.10397670138
RC3,2045,RC32,4,ERR,vivant,0.751580856663986,21.2,RC32,3c,250,1312,2,30,14.6624232000497,2,3E,ERR,193.632734777484
RC3,2055,RC32,4,ERR,vivant,0.664057280111911,24.2,RC32,3c,250,1312,2,30,15.2775494527808,2,3E,ERR,267.820628347004
RC3,2025,RC32,5,FRN,vivant,1,15,RC32,3c,250,1312,2,30,13.3694325659168,2,3E,FRN,87.2016133021058
RC3,2035,RC32,5,FRN,vivant,0.812562717894198,16.7,RC32,3c,250,1312,2,30,14.0619377516533,2,3E,FRN,118.805483052764
RC3,2045,RC32,5,FRN,vivant,0.650223429390607,18.3,RC32,3c,250,1312,2,30,14.6509628871496,2,3E,FRN,152.682764000839
RC3,2055,RC32,5,FRN,vivant,0.5279226414456,19.8,RC32,3c,250,1312,2,30,15.1545443799738,2,3E,FRN,188.147059588854
RC3,2025,RC32,6,PET,vivant,1,15,RC32,3c,250,1312,2,30,13.7293372810607,2,3E,PEU,92.265421274797
RC3,2035,RC32,6,PET,vivant,0.660437382661327,18.2,RC32,3c,250,1312,2,30,14.950530552523,2,3E,PEU,158.24687793444
RC3,2045,RC32,6,PET,vivant,0.456786657091837,21.3,RC32,3c,250,1312,2,30,15.9074143610363,2,3E,PEU,237.823770910386
RC3,2055,RC32,6,PET,vivant,0.328806133463166,24.3,RC32,3c,250,1312,2,30,16.663834235235,2,3E,PEU,329.572704823478
RC3,2025,RC32,7,SAB,vivant,1,15,RC32,3c,250,1312,2,30,11.9170461258123,2,3E,SAB,83.5417008746769
RC3,2035,RC32,7,SAB,vivant,0.855135857752622,18,RC32,3c,250,1312,2,30,13.4989828380044,2,3E,SAB,141.406251579699
RC3,2045,RC32,7,SAB,vivant,0.693862689063058,20.9,RC32,3c,250,1312,2,30,14.8798505319372,2,3E,SAB,211.413451692088
RC3,2055,RC32,7,SAB,vivant,0.529184523133421,23.7,RC32,3c,250,1312,2,30,16.0996034981495,2,3E,SAB,292.175021784658
RC3,2025,RC32,8,THO,vivant,1,15,RC32,3c,250,1312,2,30,8.25978389411982,2,3E,THO,57.9906947277355
RC3,2035,RC32,8,THO,vivant,0.924980605438493,17.8,RC32,3c,250,1312,2,30,9.14175652772868,2,3E,THO,93.983063001537
RC3,2045,RC32,8,THO,vivant,0.853096918830722,20.7,RC32,3c,250,1312,2,30,9.94756816402426,2,3E,THO,139.794320128235
RC3,2055,RC32,8,THO,vivant,0.788317633842357,23.6,RC32,3c,250,1312,2,30,10.6632731624231,2,3E,THO,194.204451220629
RC3,2035,RC32,9,,vivant,0.309102193185238,10.4156249693851,RC32,3c,250,1312,2,30,10.1756899329848,2,3E,AUT,21.3060125442514
RC3,2045,RC32,9,,vivant,0.265650421386196,13.0156249693851,RC32,3c,250,1312,2,30,11.1603972776548,2,3E,AUT,49.542558276172
RC3,2055,RC32,9,,vivant,0.22944820926774,15.8156249693851,RC32,3c,250,1312,2,30,12.021743517356,2,3E,AUT,88.4555514474647
RC3,2035,RC32,10,BOJ,vivant,0.474536051251838,10.7174879710619,RC32,3c,250,1312,2,30,10.3011247561917,2,3E,BOJ,24.2131752766405
RC3,2045,RC32,10,BOJ,vivant,0.382627997190449,12.8174879710619,RC32,3c,250,1312,2,30,11.0923418804387,2,3E,BOJ,47.1299026603934
RC3,2055,RC32,10,BOJ,vivant,0.314973725616027,14.9174879710619,RC32,3c,250,1312,2,30,11.7644121483014,2,3E,BOJ,74.9799770060673
RC3,2035,RC32,11,BOP,vivant,0.538061456712755,10.3672109569433,RC32,3c,250,1312,2,30,11.4007143331589,2,3E,BOP,24.620613958615
RC3,2045,RC32,11,BOP,vivant,0.457540477931077,12.4672109569433,RC32,3c,250,1312,2,30,12.3955944418255,2,3E,BOP,50.4698885296915
RC3,2055,RC32,11,BOP,vivant,0.393210853544522,14.4672109569433,RC32,3c,250,1312,2,30,13.2105168043885,2,3E,BOP,80.6492167242419
RC3,2035,RC32,12,,vivant,0.881428319618675,10.353080290683,RC32,3c,250,1312,2,30,7.86621859065836,2,3E,EPX,19.5623202548986
RC3,2045,RC32,12,,vivant,0.775381695653591,12.753080290683,RC32,3c,250,1312,2,30,9.43588460832938,2,3E,EPX,45.2122602034317
RC3,2055,RC32,12,,vivant,0.682495932634627,15.153080290683,RC32,3c,250,1312,2,30,10.8292249602381,2,3E,EPX,79.8959028646772
RC3,2035,RC32,13,ERR,vivant,1.07153283431427,10.6216760481351,RC32,3c,250,1312,2,30,11.2107308671347,2,3E,ERR,22.4003716974728
RC3,2045,RC32,13,ERR,vivant,0.929417532254173,13.6216760481351,RC32,3c,250,1312,2,30,12.46403598324,2,3E,ERR,57.1982186057427
RC3,2055,RC32,13,ERR,vivant,0.824184483629636,16.5216760481351,RC32,3c,250,1312,2,30,13.4386393624969,2,3E,ERR,100.93218390149
RC3,2035,RC32,14,FRN,vivant,0.36490551514262,9.96623031997329,RC32,3c,250,1312,2,30,10.7965842055954,2,3E,FRN,18.837606344446
RC3,2045,RC32,14,FRN,vivant,0.285216740976352,11.6662303199733,RC32,3c,250,1312,2,30,11.7681893858096,2,3E,FRN,37.8832851773786
RC3,2055,RC32,14,FRN,vivant,0.227509037990222,13.2662303199733,RC32,3c,250,1312,2,30,12.5813580773982,2,3E,FRN,59.5107296256957
RC3,2035,RC32,15,PEU,vivant,0.133593214660216,10.6131075884318,RC32,3c,250,1312,2,30,11.5323767569948,2,3E,PEU,27.5703434773121
RC3,2045,RC32,15,PEU,vivant,0.078662669083683,13.6131075884318,RC32,3c,250,1312,2,30,13.1096205211158,2,3E,PEU,68.6714316843641
RC3,2055,RC32,15,PEU,vivant,0.0502737740124219,16.6131075884318,RC32,3c,250,1312,2,30,14.3782900333211,2,3E,PEU,123.49186380479
RC3,2035,RC32,16,SAB,vivant,2.66325874696782,10.3759891587618,RC32,3c,250,1312,2,30,9.07640317342014,2,3E,SAB,22.321312268583
RC3,2045,RC32,16,SAB,vivant,2.33695831956786,13.1759891587618,RC32,3c,250,1312,2,30,10.8627631541998,2,3E,SAB,55.4496058344718
RC3,2055,RC32,16,SAB,vivant,1.9988317660756,15.8759891587618,RC32,3c,250,1312,2,30,12.3971478760123,2,3E,SAB,98.9229599028346
RC3,2035,RC32,17,THO,vivant,1.5447572515338,10.5894631717443,RC32,3c,250,1312,2,30,6.60062224899773,2,3E,THO,17.4016108456872
RC3,2045,RC32,17,THO,vivant,1.42715521868836,13.0894631717443,RC32,3c,250,1312,2,30,7.58707324154808,2,3E,THO,38.0365143797614
RC3,2055,RC32,17,THO,vivant,1.32426339223679,15.6894631717443,RC32,3c,250,1312,2,30,8.48764319720823,2,3E,THO,66.1040640405556
RC3,2045,RC32,18,,vivant,0.336132407427654,10.3440199956278,RC32,3c,250,1312,2,30,10.1454558371809,2,3E,AUT,20.6301981962114
RC3,2055,RC32,18,,vivant,0.283585460588286,12.8440199956278,RC32,3c,250,1312,2,30,11.1015155121767,2,3E,AUT,47.4504182737997
RC3,2045,RC32,19,BOJ,vivant,0.4555750186372,10.6294536250927,RC32,3c,250,1312,2,30,10.2648766454909,2,3E,BOJ,23.3555858624163
RC3,2055,RC32,19,BOJ,vivant,0.377395773638561,12.6294536250927,RC32,3c,250,1312,2,30,11.0267835467748,2,3E,BOJ,44.8809677911993
RC3,2045,RC32,20,BOP,vivant,0.609117306702422,10.2982409925322,RC32,3c,250,1312,2,30,11.3651879905426,2,3E,BOP,23.8683354465547
RC3,2055,RC32,20,BOP,vivant,0.516431568768521,12.2982409925322,RC32,3c,250,1312,2,30,12.3212652647159,2,3E,BOP,48.1736368298463
RC3,2045,RC32,21,,vivant,0.900754115411223,10.2848794101752,RC32,3c,250,1312,2,30,7.81871536535556,2,3E,EPX,18.9605112159635
RC3,2055,RC32,21,,vivant,0.793651630998685,12.5848794101752,RC32,3c,250,1312,2,30,9.33198482055734,2,3E,EPX,43.1255430453228
RC3,2045,RC32,22,ERR,vivant,1.16909247605497,10.538856417899,RC32,3c,250,1312,2,30,11.1717102215675,2,3E,ERR,21.5819964574441
RC3,2055,RC32,22,ERR,vivant,1.0278432884389,13.338856417899,RC32,3c,250,1312,2,30,12.3577656932017,2,3E,ERR,53.4758167367779
RC3,2045,RC32,23,FRN,vivant,0.383581666290043,9.91908436214123,RC32,3c,250,1312,2,30,10.7678505451472,2,3E,FRN,18.3648073193321
RC3,2055,RC32,23,FRN,vivant,0.299060935784212,11.6190843621412,RC32,3c,250,1312,2,30,11.7428285346733,2,3E,FRN,37.3014770112581
RC3,2045,RC32,24,PEU,vivant,0.128894687204751,10.5307543101931,RC32,3c,250,1312,2,30,11.4837618756641,2,3E,PEU,26.6266825409499
RC3,2055,RC32,24,PEU,vivant,0.0749296043174601,13.4307543101931,RC32,3c,250,1312,2,30,13.0234645664998,2,3E,PEU,65.7895211256488
RC3,2045,RC32,25,SAB,vivant,3.27355192354064,10.3065414268064,RC32,3c,250,1312,2,30,9.02913264650568,2,3E,SAB,21.6475082664282
RC3,2055,RC32,25,SAB,vivant,2.8422572339355,13.0065414268064,RC32,3c,250,1312,2,30,10.7607714180746,2,3E,SAB,53.1056795604647
RC3,2045,RC32,26,THO,vivant,1.81387715678843,10.5083967783518,RC32,3c,250,1312,2,30,6.5663345391092,2,3E,THO,16.8331803882716
RC3,2055,RC32,26,THO,vivant,1.6788954228149,12.9083967783518,RC32,3c,250,1312,2,30,7.51991831327526,2,3E,THO,36.3360569688866
RC3,2055,RC32,27,,vivant,0.356417568826779,10.2735487582868,RC32,3c,250,1312,2,30,10.1155171730348,2,3E,AUT,19.9702116082131
RC3,2055,RC32,28,BOJ,vivant,0.401178780611838,10.542813145201,RC32,3c,250,1312,2,30,10.2289360498953,2,3E,BOJ,22.5194321225717
RC3,2055,RC32,29,BOP,vivant,0.671380461351223,10.2303630438873,RC32,3c,250,1312,2,30,11.3300294380817,2,3E,BOP,23.1337782482673
RC3,2055,RC32,30,,vivant,0.867840441067325,10.2177583683685,RC32,3c,250,1312,2,30,7.77179816066744,2,3E,EPX,18.374925498195
RC3,2055,RC32,31,ERR,vivant,1.17965178224676,10.4573480880637,RC32,3c,250,1312,2,30,11.1330431605013,2,3E,ERR,20.7837292894469
RC3,2055,RC32,32,FRN,vivant,0.392148845900875,9.87268487604806,RC32,3c,250,1312,2,30,10.7394707908896,2,3E,FRN,17.9023363240726
RC3,2055,RC32,33,PEU,vivant,0.126736669238123,10.4497049485071,RC32,3c,250,1312,2,30,11.4356058745769,2,3E,PEU,25.7072709051394
RC3,2055,RC32,34,SAB,vivant,3.79608921970375,10.2381932752099,RC32,3c,250,1312,2,30,8.98245762914093,2,3E,SAB,20.9911465956842
RC3,2055,RC32,35,THO,vivant,2.02063609129718,10.4286139259971,RC32,3c,250,1312,2,30,6.53243666951873,2,3E,THO,16.2797738718498
RE1,2025,RE12,1,EPB,vivant,1,15,RE12,3c,250,1312,2,30,10.9985559627571,2,3E,EPX,79.2322520892686
RE1,2035,RE12,1,EPB,vivant,0.915908920666575,16.6,RE12,3c,250,1312,2,30,11.8472248175698,2,3E,EPX,107.613227792325
RE1,2045,RE12,1,EPB,vivant,0.833732950142316,18,RE12,3c,250,1312,2,30,12.5395754459797,2,3E,EPX,135.934595246479
RE1,2055,RE12,1,EPB,vivant,0.754809760004538,19.2,RE12,3c,250,1312,2,30,13.0990519759319,2,3E,EPX,162.821343654905
RE1,2025,RE12,2,MEL,vivant,1,15,RE12,3c,250,1312,2,30,13.6347217477437,2,3E,MEL,93.7949364817998
RE1,2035,RE12,2,MEL,vivant,0.97061773481429,17.2,RE12,3c,250,1312,2,30,14.5906624110183,2,3E,MEL,136.393564168026
RE1,2045,RE12,2,MEL,vivant,0.930642565642884,19.2,RE12,3c,250,1312,2,30,15.3507262038984,2,3E,MEL,180.869037240135
RE1,2055,RE12,2,MEL,vivant,0.878651645277718,21.1,RE12,3c,250,1312,2,30,15.9901401259766,2,3E,MEL,227.986334145526
RE1,2025,RE12,3,PIG,vivant,1,15,RE12,3c,250,1312,2,30,12.4220170744759,2,3E,PIG,89.8306478115252
RE1,2035,RE12,3,PIG,vivant,0.927468940773731,16.6,RE12,3c,250,1312,2,30,13.0208880661812,2,3E,PIG,118.661306870942
RE1,2045,RE12,3,PIG,vivant,0.85819270062029,17.8,RE12,3c,250,1312,2,30,13.4202307955321,2,3E,PIG,142.436956928987
RE1,2055,RE12,3,PIG,vivant,0.789928664749634,18.7,RE12,3c,250,1312,2,30,13.6941956827134,2,3E,PIG,161.44270542788
RE1,2025,RE12,4,SAB,vivant,1,15,RE12,3c,250,1312,2,30,10.9964401030005,2,3E,SAB,77.0880048690383
RE1,2035,RE12,4,SAB,vivant,0.870274039366458,16.6,RE12,3c,250,1312,2,30,11.8281991255516,2,3E,SAB,104.17262515568
RE1,2045,RE12,4,SAB,vivant,0.761511865710651,18.1,RE12,3c,250,1312,2,30,12.5658823863716,2,3E,SAB,133.171618389666
RE1,2055,RE12,4,SAB,vivant,0.668343693010483,19.5,RE12,3c,250,1312,2,30,13.2213721655659,2,3E,SAB,163.419192691689
RE1,2035,RE12,5,,vivant,0.137820235015912,10.499052344203,RE12,3c,250,1312,2,30,9.89241789051099,2,3E,AUT,21.4112045146997
RE1,2045,RE12,5,,vivant,0.11793869076022,11.199052344203,RE12,3c,250,1312,2,30,10.1653509702517,2,3E,AUT,28.1364999414017
RE1,2055,RE12,5,,vivant,0.100127139388246,11.799052344203,RE12,3c,250,1312,2,30,10.3867140575584,2,3E,AUT,34.2995516643564
RE1,2035,RE12,6,,vivant,2.95354998090305,10.7146715933016,RE12,3c,250,1312,2,30,8.36565683395911,2,3E,EPX,23.5737329045262
RE1,2045,RE12,6,,vivant,2.76798382647025,12.3146715933016,RE12,3c,250,1312,2,30,9.41668554685956,2,3E,EPX,40.9686187562329
RE1,2055,RE12,6,,vivant,2.58086494269672,13.7146715933016,RE12,3c,250,1312,2,30,10.2677799731186,2,3E,EPX,59.4718713097294
RE1,2035,RE12,7,MEL,vivant,0.0229438695218026,11.0401840117707,RE12,3c,250,1312,2,30,11.5154359708264,2,3E,MEL,34.3228536594342
RE1,2045,RE12,7,MEL,vivant,0.0223766144799914,13.3401840117707,RE12,3c,250,1312,2,30,12.8161547057194,2,3E,MEL,66.1574100967098
RE1,2055,RE12,7,MEL,vivant,0.0216451880563258,15.4401840117707,RE12,3c,250,1312,2,30,13.8370671126522,2,3E,MEL,101.777663951386
RE1,2035,RE12,8,PIG,vivant,2.51771833352801,11.4133512071143,RE12,3c,250,1312,2,30,10.7505744529677,2,3E,PIG,37.556982971159
RE1,2045,RE12,8,PIG,vivant,2.31064985059848,12.7133512071143,RE12,3c,250,1312,2,30,11.4150632782999,2,3E,PIG,54.502027679028
RE1,2055,RE12,8,PIG,vivant,2.11885835610976,13.7133512071143,RE12,3c,250,1312,2,30,11.8791031283535,2,3E,PIG,69.0902147156427
RE1,2035,RE12,9,SAB,vivant,0.0496901777980086,11.4678698355123,RE12,3c,250,1312,2,30,8.96545606862632,2,3E,SAB,30.9589876658252
RE1,2045,RE12,9,SAB,vivant,0.0434056044017989,13.1678698355123,RE12,3c,250,1312,2,30,9.97955483251654,2,3E,SAB,50.8599048922701
RE1,2055,RE12,9,SAB,vivant,0.0380603876327266,14.6678698355123,RE12,3c,250,1312,2,30,10.8174612859223,2,3E,SAB,71.9576853183072
RE1,2045,RE12,10,,vivant,0.136852229416174,10.0997957464963,RE12,3c,250,1312,2,30,9.72912181324615,2,3E,AUT,17.7943149417566
RE1,2055,RE12,10,,vivant,0.115381072833884,10.6997957464963,RE12,3c,250,1312,2,30,9.97238306741279,2,3E,AUT,23.2894002492467
RE1,2045,RE12,11,,vivant,3.16593459727921,10.3579457191199,RE12,3c,250,1312,2,30,8.11893287386541,2,3E,EPX,20.2266753977018
RE1,2055,RE12,11,,vivant,2.97911592094091,11.7579457191199,RE12,3c,250,1312,2,30,9.06092908535489,2,3E,EPX,34.4686439311099
RE1,2045,RE12,12,MEL,vivant,0.0212791420769158,10.6920312977858,RE12,3c,250,1312,2,30,11.299190661964,2,3E,MEL,30.1549198414013
RE1,2055,RE12,12,MEL,vivant,0.0206767788918221,12.8920312977858,RE12,3c,250,1312,2,30,12.578890438774,2,3E,MEL,59.3657448271365
RE1,2045,RE12,13,PIG,vivant,1.95464715479111,10.6525341131672,RE12,3c,250,1312,2,30,10.3263341267753,2,3E,PIG,28.699883942137
RE1,2055,RE12,13,PIG,vivant,1.77596346426082,11.7525341131672,RE12,3c,250,1312,2,30,10.9310348512782,2,3E,PIG,41.7576300462299
RE1,2045,RE12,14,SAB,vivant,0.0554591928508224,10.9278148893292,RE12,3c,250,1312,2,30,8.62740419800228,2,3E,SAB,25.5024653361904
RE1,2055,RE12,14,SAB,vivant,0.0488080510942405,12.5278148893292,RE12,3c,250,1312,2,30,9.6062617848867,2,3E,SAB,42.8748851515746
RE1,2055,RE12,15,,vivant,0.135590584928586,9.950580222924,RE12,3c,250,1312,2,30,9.66658843797824,2,3E,AUT,16.4825966377875
RE1,2055,RE12,16,,vivant,3.35324940308901,10.2340813010579,RE12,3c,250,1312,2,30,8.0321510347205,2,3E,EPX,19.108935321352
RE1,2055,RE12,17,MEL,vivant,0.0200978963236424,10.586146134888,RE12,3c,250,1312,2,30,11.2323151958819,2,3E,MEL,28.9209261343033
RE1,2055,RE12,18,PIG,vivant,1.40285751894627,10.3662821325925,RE12,3c,250,1312,2,30,10.1594227083595,2,3E,PIG,25.569341796013
RE1,2055,RE12,19,SAB,vivant,0.062098858312929,10.737670848271,RE12,3c,250,1312,2,30,8.50642927490475,2,3E,SAB,23.6783742978112
RE2,2025,RE22,1,BOP,vivant,1,15,RE22,3c,250,1312,2,30,14.0695645093927,2,3E,BOP,94.056489081884
RE2,2035,RE22,1,BOP,vivant,0.892177076657008,16,RE22,3c,250,1312,2,30,14.4342577348271,2,3E,BOP,112.872904830325
RE2,2045,RE22,1,BOP,vivant,0.784491970159846,16.9,RE22,3c,250,1312,2,30,14.7425707091838,2,3E,BOP,131.108356479267
RE2,2055,RE22,1,BOP,vivant,0.685786825615904,17.6,RE22,3c,250,1312,2,30,14.9703293926628,2,3E,BOP,146.153236444339
RE2,2025,RE22,2,EPB,vivant,1,15,RE22,3c,250,1312,2,30,12.6174281460098,2,3E,EPX,90.8944093177377
RE2,2035,RE22,2,EPB,vivant,0.923914075535332,16.8,RE22,3c,250,1312,2,30,13.6330728191631,2,3E,EPX,127.169034416294
RE2,2045,RE22,2,EPB,vivant,0.841499588639768,18.5,RE22,3c,250,1312,2,30,14.5168780558908,2,3E,EPX,166.848528637259
RE2,2055,RE22,2,EPB,vivant,0.75648474569864,20,RE22,3c,250,1312,2,30,15.2425065199853,2,3E,EPX,206.266269313801
RE2,2025,RE22,3,ERR,vivant,1,15,RE22,3c,250,1312,2,30,13.4789191423961,2,3E,ERR,79.8276999652151
RE2,2035,RE22,3,ERR,vivant,0.914270745574612,16.3,RE22,3c,250,1312,2,30,13.9067827398104,2,3E,ERR,101.122063880897
RE2,2045,RE22,3,ERR,vivant,0.844119488486444,17.4,RE22,3c,250,1312,2,30,14.240017217404,2,3E,ERR,120.826065806127
RE2,2055,RE22,3,ERR,vivant,0.784510230036955,18.4,RE22,3c,250,1312,2,30,14.5222853119136,2,3E,ERR,140.096235154482
RE2,2025,RE22,4,MEL,vivant,1,15,RE22,3c,250,1312,2,30,16.1508537481664,2,3E,MEL,111.103719567052
RE2,2035,RE22,4,MEL,vivant,0.950229290078297,17.7,RE22,3c,250,1312,2,30,17.4539931212623,2,3E,MEL,173.489300261145
RE2,2045,RE22,4,MEL,vivant,0.886664172483094,20.3,RE22,3c,250,1312,2,30,18.5193654134962,2,3E,MEL,244.394332567437
RE2,2055,RE22,4,MEL,vivant,0.809559074073664,22.7,RE22,3c,250,1312,2,30,19.3665420421053,2,3E,MEL,318.786381669916
RE2,2025,RE22,5,PET,vivant,1,15,RE22,3c,250,1312,2,30,14.0941398831627,2,3E,PEU,94.7170083453187
RE2,2035,RE22,5,PET,vivant,0.872504807306086,16.5,RE22,3c,250,1312,2,30,14.7003643938495,2,3E,PEU,124.255544728898
RE2,2045,RE22,5,PET,vivant,0.754542455601495,17.9,RE22,3c,250,1312,2,30,15.2112229839811,2,3E,PEU,155.080734776847
RE2,2055,RE22,5,PET,vivant,0.653033539974271,19.3,RE22,3c,250,1312,2,30,15.6748100252476,2,3E,PEU,189.076133341782
RE2,2025,RE22,6,PIG,vivant,1,15,RE22,3c,250,1312,2,30,15.9572979992623,2,3E,PIG,115.396268416074
RE2,2035,RE22,6,PIG,vivant,0.953014301877836,16.2,RE22,3c,250,1312,2,30,16.5103093762952,2,3E,PIG,142.484365754903
RE2,2045,RE22,6,PIG,vivant,0.896759821755511,17.4,RE22,3c,250,1312,2,30,17.0137372446457,2,3E,PIG,171.922776666278
RE2,2055,RE22,6,PIG,vivant,0.841946864562323,18.5,RE22,3c,250,1312,2,30,17.4355431147102,2,3E,PIG,200.930614835113
RE2,2025,RE22,7,PIB,vivant,1,15,RE22,3c,250,1312,2,30,12.5259205708337,2,3E,PIN,91.6176730480737
RE2,2035,RE22,7,PIB,vivant,0.914627952415121,19.3,RE22,3c,250,1312,2,30,14.566577305002,2,3E,PIN,186.422340800691
RE2,2045,RE22,7,PIB,vivant,0.8370256639935,23.6,RE22,3c,250,1312,2,30,16.2370481544542,2,3E,PIN,313.815533621225
RE2,2055,RE22,7,PIB,vivant,0.766445540852699,27.8,RE22,3c,250,1312,2,30,17.5956693754953,2,3E,PIN,469.480094504177
RE2,2025,RE22,8,SAB,vivant,1,15,RE22,3c,250,1312,2,30,12.4277094312109,2,3E,SAB,87.1215880931113
RE2,2035,RE22,8,SAB,vivant,0.784475093012927,17.1,RE22,3c,250,1312,2,30,13.5739036688452,2,3E,SAB,127.495693610196
RE2,2045,RE22,8,SAB,vivant,0.599266399033169,19,RE22,3c,250,1312,2,30,14.5383358099573,2,3E,SAB,170.401944456445
RE2,2055,RE22,8,SAB,vivant,0.445281823675304,20.8,RE22,3c,250,1312,2,30,15.3967436254751,2,3E,SAB,216.682617373249
RE2,2025,RE22,9,SAL,vivant,1,15,RE22,3c,250,1312,2,30,14.0695645093927,2,3E,SAL,
RE2,2035,RE22,9,SAL,vivant,0.980141761616124,15.9,RE22,3c,250,1312,2,30,14.3988692528518,2,3E,SAL,
RE2,2045,RE22,9,SAL,vivant,0.955254895943509,16.6,RE22,3c,250,1312,2,30,14.6417930287696,2,3E,SAL,
RE2,2055,RE22,9,SAL,vivant,0.928666744639007,17.1,RE22,3c,250,1312,2,30,14.8086846707266,2,3E,SAL,
RE2,2035,RE22,10,,vivant,0.0354026784783986,10.2969887851814,RE22,3c,250,1312,2,30,10.7130301926969,2,3E,AUT,21.360653889887
RE2,2045,RE22,10,,vivant,0.0218704120114501,11.3969887851814,RE22,3c,250,1312,2,30,11.1780595670822,2,3E,AUT,32.8897723498739
RE2,2055,RE22,10,,vivant,0.0140585303741306,12.4969887851814,RE22,3c,250,1312,2,30,11.6022788935007,2,3E,AUT,45.775396249841
RE2,2035,RE22,11,BOP,vivant,0.3011196383633,10.3229661568441,RE22,3c,250,1312,2,30,11.973416501786,2,3E,BOP,25.4005737021411
RE2,2045,RE22,11,BOP,vivant,0.269074781759782,11.2229661568441,RE22,3c,250,1312,2,30,12.4363905671325,2,3E,BOP,36.2369803025099
RE2,2055,RE22,11,BOP,vivant,0.238822607268957,12.0229661568441,RE22,3c,250,1312,2,30,12.8212234790128,2,3E,BOP,46.7891282346565
RE2,2035,RE22,12,,vivant,8.28626818123157,10.5042798222023,RE22,3c,250,1312,2,30,9.64048115389521,2,3E,EPX,25.3030548826915
RE2,2045,RE22,12,,vivant,7.77548050713179,12.2042798222023,RE22,3c,250,1312,2,30,10.849424947019,2,3E,EPX,46.0134681206003
RE2,2055,RE22,12,,vivant,7.23439275503775,13.8042798222023,RE22,3c,250,1312,2,30,11.8918536372265,2,3E,EPX,70.0159445707345
RE2,2035,RE22,13,ERR,vivant,0.061038655731363,10.1824055917858,RE22,3c,250,1312,2,30,11.4779907956632,2,3E,ERR,18.9302457536591
RE2,2045,RE22,13,ERR,vivant,0.0539412242434084,11.5824055917858,RE22,3c,250,1312,2,30,12.1395931437483,2,3E,ERR,33.8172480144516
RE2,2055,RE22,13,ERR,vivant,0.0483016751323187,12.7824055917858,RE22,3c,250,1312,2,30,12.6499087461948,2,3E,ERR,48.3680115042012
RE2,2035,RE22,14,MEL,vivant,0.224556413697494,11.7527874101121,RE22,3c,250,1312,2,30,14.244695514824,2,3E,MEL,51.7536845326591
RE2,2045,RE22,14,MEL,vivant,0.214327853647417,14.0527874101121,RE22,3c,250,1312,2,30,15.6373977084153,2,3E,MEL,92.0110354442092
RE2,2055,RE22,14,MEL,vivant,0.201785787230566,16.3527874101121,RE22,3c,250,1312,2,30,16.8315343429684,2,3E,MEL,140.898764981252
RE2,2035,RE22,15,PEU,vivant,0.222858400537019,10.7987801576896,RE22,3c,250,1312,2,30,11.9929184774109,2,3E,PEU,30.6323416079963
RE2,2045,RE22,15,PEU,vivant,0.186755990378201,11.8987801576896,RE22,3c,250,1312,2,30,12.6096144186552,2,3E,PEU,44.8305332164893
RE2,2055,RE22,15,PEU,vivant,0.153631692414776,12.9987801576896,RE22,3c,250,1312,2,30,13.1759124885734,2,3E,PEU,60.8318766261416
RE2,2035,RE22,16,PIG,vivant,1.73875759272702,11.0129344998982,RE22,3c,250,1312,2,30,13.6882749085498,2,3E,PIG,42.6323643407755
RE2,2045,RE22,16,PIG,vivant,1.6264584995277,11.9129344998982,RE22,3c,250,1312,2,30,14.2667465271703,2,3E,PIG,56.7302009630534
RE2,2055,RE22,16,PIG,vivant,1.49666993830478,12.7129344998982,RE22,3c,250,1312,2,30,14.7460339631836,2,3E,PIG,70.3997363773521
RE2,2035,RE22,17,PIN,vivant,0.0507288733257634,11.5915064801546,RE22,3c,250,1312,2,30,10.5556656438281,2,3E,PIN,39.0066711513991
RE2,2045,RE22,17,PIN,vivant,0.0467739053268209,15.3915064801546,RE22,3c,250,1312,2,30,12.7301997238963,2,3E,PIN,98.9166389931671
RE2,2055,RE22,17,PIN,vivant,0.0431802692563466,19.1915064801546,RE22,3c,250,1312,2,30,14.5200953404738,2,3E,PIN,183.630845163698
RE2,2035,RE22,18,SAB,vivant,0.646504144505605,10.5316332670318,RE22,3c,250,1312,2,30,9.63532858296889,2,3E,SAB,25.0351451279871
RE2,2045,RE22,18,SAB,vivant,0.536274112884293,12.3316332670318,RE22,3c,250,1312,2,30,10.8262591016388,2,3E,SAB,46.2574513347152
RE2,2055,RE22,18,SAB,vivant,0.436698409882118,14.0316332670318,RE22,3c,250,1312,2,30,11.8669147088333,2,3E,SAB,70.9611495224622
RE2,2035,RE22,19,SAL,vivant,0.0149841349671651,10.3521415081345,RE22,3c,250,1312,2,30,11.9889607230885,2,3E,SAL,
RE2,2045,RE22,19,SAL,vivant,0.0147498196070743,11.6521415081345,RE22,3c,250,1312,2,30,12.6457927198377,2,3E,SAL,
RE2,2055,RE22,19,SAL,vivant,0.0144741041749765,12.6521415081345,RE22,3c,250,1312,2,30,13.1078643204662,2,3E,SAL,
RE2,2045,RE22,20,,vivant,0.0219592294468789,10.2216202000659,RE22,3c,250,1312,2,30,10.6795182697245,2,3E,AUT,20.6188599898336
RE2,2055,RE22,20,,vivant,0.0130392277147692,11.2216202000659,RE22,3c,250,1312,2,30,11.1068076416562,2,3E,AUT,30.9622994413727
RE2,2045,RE22,21,BOP,vivant,0.288089301723527,10.0547145594439,RE22,3c,250,1312,2,30,11.8287222553068,2,3E,BOP,22.3767978361651
RE2,2055,RE22,21,BOP,vivant,0.255552276135039,10.8547145594439,RE22,3c,250,1312,2,30,12.2509956004064,2,3E,BOP,31.6727122329605
RE2,2045,RE22,22,,vivant,7.85574306807018,10.222196915562,RE22,3c,250,1312,2,30,9.42872806447744,2,3E,EPX,22.3302199871921
RE2,2055,RE22,22,,vivant,7.34772454651746,11.822196915562,RE22,3c,250,1312,2,30,10.5873092158977,2,3E,EPX,40.9350633784122
RE2,2045,RE22,23,ERR,vivant,0.0576819002010576,10.0635102430179,RE22,3c,250,1312,2,30,11.4181118924686,2,3E,ERR,17.7657585607659
RE2,2055,RE22,23,ERR,vivant,0.0510420398879454,11.2635102430179,RE22,3c,250,1312,2,30,11.9955714902608,2,3E,ERR,30.2322282852644
RE2,2045,RE22,24,MEL,vivant,0.152711574906058,11.2014355361406,RE22,3c,250,1312,2,30,13.8759672678138,2,3E,MEL,43.3838480617453
RE2,2055,RE22,24,MEL,vivant,0.144808829806967,13.4014355361406,RE22,3c,250,1312,2,30,15.2650642693864,2,3E,MEL,79.73256184747
RE2,2045,RE22,25,PEU,vivant,0.176835618463743,10.5315858835559,RE22,3c,250,1312,2,30,11.8347983119942,2,3E,PEU,27.4492025412002
RE2,2055,RE22,25,PEU,vivant,0.144670723864699,11.5315858835559,RE22,3c,250,1312,2,30,12.4096565244937,2,3E,PEU,39.8932112205215
RE2,2045,RE22,26,PIG,vivant,0.983511916442459,10.4638281814311,RE22,3c,250,1312,2,30,13.313216970219,2,3E,PIG,34.6927918544912
RE2,2055,RE22,26,PIG,vivant,0.901569344038376,11.2638281814311,RE22,3c,250,1312,2,30,13.8539323930693,2,3E,PIG,46.4265926627384
RE2,2045,RE22,27,PIN,vivant,0.0369514978459651,11.0725572084444,RE22,3c,250,1312,2,30,10.2215148243271,2,3E,PIN,32.6697849969594
RE2,2055,RE22,27,PIN,vivant,0.0342760746209583,14.5725572084444,RE22,3c,250,1312,2,30,12.2981307728734,2,3E,PIN,83.9489540197899
RE2,2045,RE22,28,SAB,vivant,0.657988303872969,10.2635374272405,RE22,3c,250,1312,2,30,9.44915782076599,2,3E,SAB,22.2939871664644
RE2,2055,RE22,28,SAB,vivant,0.548985027915126,11.9635374272405,RE22,3c,250,1312,2,30,10.5906382131494,2,3E,SAB,41.5117224301398
RE2,2045,RE22,29,SAL,vivant,0.0138377569448923,10.1657308251061,RE22,3c,250,1312,2,30,11.88899551121,2,3E,SAL,
RE2,2055,RE22,29,SAL,vivant,0.0135991587263505,11.3657308251061,RE22,3c,250,1312,2,30,12.5068270246154,2,3E,SAL,
RE2,2055,RE22,30,,vivant,0.0149666918374806,10.2516310576529,RE22,3c,250,1312,2,30,10.6928890123823,2,3E,AUT,20.9135068054415
RE2,2055,RE22,31,BOP,vivant,0.274993393397677,9.96713071349929,RE22,3c,250,1312,2,30,11.7807745264074,2,3E,BOP,21.4096214663624
RE2,2055,RE22,32,,vivant,7.3130942437654,10.1353833732578,RE22,3c,250,1312,2,30,9.36288244766141,2,3E,EPX,21.4413331111483
RE2,2055,RE22,33,ERR,vivant,0.0548148041912929,10.0557714332093,RE22,3c,250,1312,2,30,11.4141929595785,2,3E,ERR,17.6904909237772
RE2,2055,RE22,34,MEL,vivant,0.102641933982781,11.0275021093528,RE22,3c,250,1312,2,30,13.7565363143568,2,3E,MEL,40.845333195336
RE2,2055,RE22,35,PEU,vivant,0.139774388279871,10.4688003705085,RE22,3c,250,1312,2,30,11.7971449184816,2,3E,PEU,26.7160481415963
RE2,2055,RE22,36,PIG,vivant,0.506299328928735,10.2654925440193,RE22,3c,250,1312,2,30,13.1733690047886,2,3E,PIG,31.9474656499653
RE2,2055,RE22,37,PIN,vivant,0.0271005383884362,10.9086026199899,RE22,3c,250,1312,2,30,10.1138275252077,2,3E,PIN,30.7566339481176
RE2,2055,RE22,38,SAB,vivant,0.666465311951803,10.1857691755497,RE22,3c,250,1312,2,30,9.3946979805393,2,3E,SAB,21.5187330880632
RE2,2055,RE22,39,SAL,vivant,0.0133122403495691,10.1258113267017,RE22,3c,250,1312,2,30,11.8673865203632,2,3E,SAL,
RE3,2025,RE32,1,BOP,vivant,1,15,RE32,3c,250,1312,2,30,12.4410607977103,2,3E,BOP,83.1697738978137
RE3,2035,RE32,1,BOP,vivant,0.754013640063631,15.8,RE32,3c,250,1312,2,30,12.7048745477506,2,3E,BOP,96.4048116581611
RE3,2045,RE32,1,BOP,vivant,0.578361321860004,16.5,RE32,3c,250,1312,2,30,12.924322402814,2,3E,BOP,108.692861301803
RE3,2055,RE32,1,BOP,vivant,0.452744020283262,17.2,RE32,3c,250,1312,2,30,13.1338261808378,2,3E,BOP,121.647363542675
RE3,2025,RE32,2,EPB,vivant,1,15,RE32,3c,250,1312,2,30,11.1225674624844,2,3E,EPX,80.1256157673404
RE3,2035,RE32,2,EPB,vivant,0.866751228508175,16.2,RE32,3c,250,1312,2,30,11.7681500665728,2,3E,EPX,101.214427092937
RE3,2045,RE32,2,EPB,vivant,0.745394764749353,17.3,RE32,3c,250,1312,2,30,12.3287186852007,2,3E,EPX,122.655804040068
RE3,2055,RE32,2,EPB,vivant,0.639608792048242,18.4,RE32,3c,250,1312,2,30,12.8616546844084,2,3E,EPX,146.130940317022
RE3,2025,RE32,3,MEL,vivant,1,15,RE32,3c,250,1312,2,30,13.3726954645677,2,3E,MEL,91.9924252870901
RE3,2035,RE32,3,MEL,vivant,0.967500834074927,16.9,RE32,3c,250,1312,2,30,14.1952117127257,2,3E,MEL,127.733551219148
RE3,2045,RE32,3,MEL,vivant,0.933099290675387,18.7,RE32,3c,250,1312,2,30,14.8872638433418,2,3E,MEL,166.098840799903
RE3,2055,RE32,3,MEL,vivant,0.896923676343985,20.4,RE32,3c,250,1312,2,30,15.4728375781897,2,3E,MEL,206.219715602707
RE3,2025,RE32,4,PIG,vivant,1,15,RE32,3c,250,1312,2,30,11.1056112802812,2,3E,PIG,80.3109712109883
RE3,2035,RE32,4,PIG,vivant,0.884500242752879,15.9,RE32,3c,250,1312,2,30,11.426086272991,2,3E,PIG,94.5309737060971
RE3,2045,RE32,4,PIG,vivant,0.774321411105797,16.7,RE32,3c,250,1312,2,30,11.6909812704422,2,3E,PIG,107.969266611459
RE3,2055,RE32,4,PIG,vivant,0.680782289248952,17.5,RE32,3c,250,1312,2,30,11.9382197029573,2,3E,PIG,122.143587479626
RE3,2025,RE32,5,SAB,vivant,1,15,RE32,3c,250,1312,2,30,11.2440652796762,2,3E,SAB,78.8239240070932
RE3,2035,RE32,5,SAB,vivant,0.720371999272458,16.3,RE32,3c,250,1312,2,30,11.9305093892222,2,3E,SAB,100.947433540432
RE3,2045,RE32,5,SAB,vivant,0.498553970235863,17.5,RE32,3c,250,1312,2,30,12.5359523271227,2,3E,SAB,123.721674848823
RE3,2055,RE32,5,SAB,vivant,0.334606821786568,18.7,RE32,3c,250,1312,2,30,13.11665884506,2,3E,SAB,148.776200224188
RE3,2035,RE32,6,BOP,vivant,0.114947866993851,10.5654053654773,RE32,3c,250,1312,2,30,10.6694224218022,2,3E,BOP,24.8752485413342
RE3,2045,RE32,6,BOP,vivant,0.0915864479302146,11.5654053654773,RE32,3c,250,1312,2,30,11.1221245138963,2,3E,BOP,35.8672005230167
RE3,2055,RE32,6,BOP,vivant,0.0727133336275822,12.4654053654773,RE32,3c,250,1312,2,30,11.500521666123,2,3E,BOP,46.8055362530183
RE3,2035,RE32,7,,vivant,2.85682816634678,10.3917072205241,RE32,3c,250,1312,2,30,8.25173907944339,2,3E,EPX,20.8108305878093
RE3,2045,RE32,7,,vivant,2.60311553292408,11.7917072205241,RE32,3c,250,1312,2,30,9.19711676061001,2,3E,EPX,35.2877262312877
RE3,2055,RE32,7,,vivant,2.35092315233596,13.0917072205241,RE32,3c,250,1312,2,30,10.0150278293439,2,3E,EPX,51.4627704286023
RE3,2035,RE32,8,,vivant,0.126676659689524,11.4070875984242,RE32,3c,250,1312,2,30,9.74334843770384,2,3E,FEU,28.7555387641799
RE3,2045,RE32,8,,vivant,0.0996173853206343,12.9070875984242,RE32,3c,250,1312,2,30,10.2450798510709,2,3E,FEU,44.4089157836661
RE3,2055,RE32,8,,vivant,0.0768265125426972,14.3070875984242,RE32,3c,250,1312,2,30,10.6620516599395,2,3E,FEU,61.1021252468158
RE3,2035,RE32,9,MEL,vivant,0.462063440281637,11.2315534543335,RE32,3c,250,1312,2,30,11.3958465853627,2,3E,MEL,35.9415360402011
RE3,2045,RE32,9,MEL,vivant,0.449012394352081,13.4315534543335,RE32,3c,250,1312,2,30,12.6115928335437,2,3E,MEL,66.2530476090363
RE3,2055,RE32,9,MEL,vivant,0.434836737533861,15.4315534543335,RE32,3c,250,1312,2,30,13.568547921735,2,3E,MEL,99.6747198702993
RE3,2035,RE32,10,PIG,vivant,0.0967399290022681,10.9031947813227,RE32,3c,250,1312,2,30,9.29401632184641,2,3E,PIG,27.9923351943955
RE3,2045,RE32,10,PIG,vivant,0.0870985950204633,11.9031947813227,RE32,3c,250,1312,2,30,9.79591947202147,2,3E,PIG,38.8591302967297
RE3,2055,RE32,10,PIG,vivant,0.0781593661117396,12.9031947813227,RE32,3c,250,1312,2,30,10.25690309565,2,3E,PIG,50.9609295428715
RE3,2035,RE32,11,,vivant,0.0611909687847718,12.0233470480761,RE32,3c,250,1312,2,30,7.53679515268447,2,3E,RES,25.9900074493708
RE3,2045,RE32,11,,vivant,0.0588039930532728,13.9233470480761,RE32,3c,250,1312,2,30,8.45622000357184,2,3E,RES,44.2971712094809
RE3,2055,RE32,11,,vivant,0.0562489612603545,15.7233470480761,RE32,3c,250,1312,2,30,9.25520471564139,2,3E,RES,65.7343174462972
RE3,2035,RE32,12,SAB,vivant,0.533831985335888,10.5283668978435,RE32,3c,250,1312,2,30,8.590475761238,2,3E,SAB,22.2952064078956
RE3,2045,RE32,12,SAB,vivant,0.443973521265186,12.0283668978435,RE32,3c,250,1312,2,30,9.53726354080463,2,3E,SAB,37.9719233075289
RE3,2055,RE32,12,SAB,vivant,0.357538897072571,13.4283668978435,RE32,3c,250,1312,2,30,10.367110324398,2,3E,SAB,55.560319591792
RE3,2045,RE32,13,BOP,vivant,0.107282128032891,10.3149425786018,RE32,3c,250,1312,2,30,10.5502292314579,2,3E,BOP,22.3084958015117
RE3,2055,RE32,13,BOP,vivant,0.0868244655878016,11.3149425786018,RE32,3c,250,1312,2,30,11.0120765642581,2,3E,BOP,33.0009138302251
RE3,2045,RE32,14,,vivant,3.03158906401739,10.1709324111087,RE32,3c,250,1312,2,30,8.09607827352856,2,3E,EPX,18.7995538736947
RE3,2055,RE32,14,,vivant,2.77594411666087,11.5709324111087,RE32,3c,250,1312,2,30,9.05265290632511,2,3E,EPX,32.8045912569524
RE3,2045,RE32,15,,vivant,0.122649036668784,11.0127669530382,RE32,3c,250,1312,2,30,9.6007377741568,2,3E,FEU,25.0124624743972
RE3,2055,RE32,15,,vivant,0.0976037128190676,12.5127669530382,RE32,3c,250,1312,2,30,10.1190718238098,2,3E,FEU,40.0735280627696
RE3,2045,RE32,16,MEL,vivant,0.446070428423881,10.8672345899949,RE32,3c,250,1312,2,30,11.1754776504945,2,3E,MEL,31.5722618210714
RE3,2055,RE32,16,MEL,vivant,0.433264758075409,13.0672345899949,RE32,3c,250,1312,2,30,12.4229404696405,2,3E,MEL,60.7661190709467
RE3,2045,RE32,17,PIG,vivant,0.0899593318578018,10.5949980182637,RE32,3c,250,1312,2,30,9.13047714431548,2,3E,PIG,24.8921449641297
RE3,2055,RE32,17,PIG,vivant,0.0810359087080164,11.5949980182637,RE32,3c,250,1312,2,30,9.64577208027703,2,3E,PIG,35.3782817371343
RE3,2045,RE32,18,,vivant,0.0602676599937527,11.523697145111,RE32,3c,250,1312,2,30,7.28062158914439,2,3E,RES,21.8827444108393
RE3,2055,RE32,18,,vivant,0.0579673145306873,13.423697145111,RE32,3c,250,1312,2,30,8.22243815474177,2,3E,RES,39.0619543720001
RE3,2045,RE32,19,SAB,vivant,0.52979649458994,10.2842346172182,RE32,3c,250,1312,2,30,8.43020591354793,2,3E,SAB,20.0446551698677
RE3,2055,RE32,19,SAB,vivant,0.444758265591445,11.7842346172182,RE32,3c,250,1312,2,30,9.38742565244346,2,3E,SAB,35.2004282831918
RE3,2055,RE32,20,BOP,vivant,0.0997403526013402,10.2167776528464,RE32,3c,250,1312,2,30,10.5028411458439,2,3E,BOP,21.3224590433652
RE3,2055,RE32,21,,vivant,3.163115017634,10.0844032183081,RE32,3c,250,1312,2,30,8.03455936903404,2,3E,EPX,18.0311259986188
RE3,2055,RE32,22,,vivant,0.117758541938441,10.8582192161827,RE32,3c,250,1312,2,30,9.54352121016022,2,3E,FEU,23.5866703794601
RE3,2055,RE32,23,MEL,vivant,0.425823164397569,10.7244455764443,RE32,3c,250,1312,2,30,11.087492176914,2,3E,MEL,29.9097823420613
RE3,2055,RE32,24,PIG,vivant,0.0828596102365613,10.4742051741804,RE32,3c,250,1312,2,30,9.06519032865623,2,3E,PIG,23.7090023396882
RE3,2055,RE32,25,,vivant,0.0591905009049607,11.3278672725773,RE32,3c,250,1312,2,30,7.17847430217203,2,3E,RES,20.3509682408106
RE3,2055,RE32,26,SAB,vivant,0.522882277339242,10.1885508332076,RE32,3c,250,1312,2,30,8.3668933533129,2,3E,SAB,19.185101135224
RP1,2025,RP12,1,BOP,vivant,1,15,RP12,3c,250,1312,2,30,14.4381586169973,2,3E,BOP,96.5205786871033
RP1,2035,RP12,1,BOP,vivant,0.905811170945631,16.8,RP12,3c,250,1312,2,30,15.0921433194404,2,3E,BOP,132.379854301524
RP1,2045,RP12,1,BOP,vivant,0.812954540673209,18.4,RP12,3c,250,1312,2,30,15.6131643100594,2,3E,BOP,168.538079594288
RP1,2055,RP12,1,BOP,vivant,0.726927892115115,19.8,RP12,3c,250,1312,2,30,16.0285820608266,2,3E,BOP,203.540711275263
RP1,2025,RP12,2,EPB,vivant,1,15,RP12,3c,250,1312,2,30,11.9628272779111,2,3E,EPX,86.1787447182502
RP1,2035,RP12,2,EPB,vivant,0.897468003065737,18,RP12,3c,250,1312,2,30,13.5692066612301,2,3E,EPX,147.096257226276
RP1,2045,RP12,2,EPB,vivant,0.799746952880523,20.8,RP12,3c,250,1312,2,30,14.8835886661376,2,3E,EPX,218.31854556498
RP1,2055,RP12,2,EPB,vivant,0.706612069265606,23.4,RP12,3c,250,1312,2,30,15.9706214430585,2,3E,EPX,296.901706965087
RP1,2025,RP12,3,ERR,vivant,1,15,RP12,3c,250,1312,2,30,13.5164424201294,2,3E,ERR,80.0499282407141
RP1,2035,RP12,3,ERR,vivant,0.927442824078683,17.6,RP12,3c,250,1312,2,30,14.3378219636616,2,3E,ERR,124.923347483302
RP1,2045,RP12,3,ERR,vivant,0.858932161184508,19.9,RP12,3c,250,1312,2,30,14.9540157228653,2,3E,ERR,171.92743467936
RP1,2055,RP12,3,ERR,vivant,0.795243087438597,22,RP12,3c,250,1312,2,30,15.4420499022418,2,3E,ERR,220.929727283104
RP1,2025,RP12,4,PET,vivant,1,15,RP12,3c,250,1312,2,30,14.3579241066386,2,3E,PEU,96.4897204585408
RP1,2035,RP12,4,PET,vivant,0.914695144998581,17.9,RP12,3c,250,1312,2,30,15.4913663119925,2,3E,PEU,157.93683866781
RP1,2045,RP12,4,PET,vivant,0.833003163873619,20.7,RP12,3c,250,1312,2,30,16.3896776366555,2,3E,PEU,230.382857882093
RP1,2055,RP12,4,PET,vivant,0.755806865356727,23.5,RP12,3c,250,1312,2,30,17.1316894695333,2,3E,PEU,315.769022211048
RP1,2025,RP12,5,PIB,vivant,1,15,RP12,3c,250,1312,2,30,12.3077573040813,2,3E,PIN,90.0219730968094
RP1,2035,RP12,5,PIB,vivant,0.955582062301208,19,RP12,3c,250,1312,2,30,14.2022142541084,2,3E,PIN,175.841418650998
RP1,2045,RP12,5,PIB,vivant,0.919700859082331,23.2,RP12,3c,250,1312,2,30,15.8449399842623,2,3E,PIN,295.925614526597
RP1,2055,RP12,5,PIB,vivant,0.889017590392932,27.5,RP12,3c,250,1312,2,30,17.2442955658111,2,3E,PIN,450.511941628193
RP1,2025,RP12,6,SAB,vivant,1,15,RP12,3c,250,1312,2,30,12.7918707081382,2,3E,SAB,89.6744566602053
RP1,2035,RP12,6,SAB,vivant,0.672305535227841,18.5,RP12,3c,250,1312,2,30,14.6808751371076,2,3E,SAB,162.848090446741
RP1,2045,RP12,6,SAB,vivant,0.382922516435888,21.6,RP12,3c,250,1312,2,30,16.1723468427142,2,3E,SAB,245.222726292331
RP1,2055,RP12,6,SAB,vivant,0.172523199285487,24.4,RP12,3c,250,1312,2,30,17.4012572627925,2,3E,SAB,333.779905981817
RP1,2035,RP12,7,BOP,vivant,1.42208672559068,10.1931471037112,RP12,3c,250,1312,2,30,12.2244827472638,2,3E,BOP,24.570161454909
RP1,2045,RP12,7,BOP,vivant,1.26069214316395,12.0931471037112,RP12,3c,250,1312,2,30,13.1955478205391,2,3E,BOP,49.0265154655811
RP1,2055,RP12,7,BOP,vivant,1.11107733730749,13.6931471037112,RP12,3c,250,1312,2,30,13.9111477689925,2,3E,BOP,73.6096838702433
RP1,2035,RP12,8,,vivant,1.6520576313535,10.1931471037112,RP12,3c,250,1312,2,30,8.8360048688755,2,3E,EPX,20.6947274628124
RP1,2045,RP12,8,,vivant,1.45750994896683,12.9931471037112,RP12,3c,250,1312,2,30,10.750994361395,2,3E,EPX,54.1523059696328
RP1,2055,RP12,8,,vivant,1.28790889896616,15.5931471037112,RP12,3c,250,1312,2,30,12.298702352321,2,3E,EPX,96.9719122445716
RP1,2035,RP12,9,ERR,vivant,1.77470977561932,10.1931471037112,RP12,3c,250,1312,2,30,11.5156390426718,2,3E,ERR,19.0896952165173
RP1,2045,RP12,9,ERR,vivant,1.60921138751048,12.6931471037112,RP12,3c,250,1312,2,30,12.6487726080667,2,3E,ERR,47.3589030063112
RP1,2055,RP12,9,ERR,vivant,1.46684244276352,14.8931471037112,RP12,3c,250,1312,2,30,13.4793984351272,2,3E,ERR,78.3899655632596
RP1,2035,RP12,10,,vivant,0.714957262929689,10.1931471037112,RP12,3c,250,1312,2,30,11.848700588796,2,3E,F_0,20.0232734742848
RP1,2045,RP12,10,,vivant,0.663224391939037,12.8931471037112,RP12,3c,250,1312,2,30,13.6234227749954,2,3E,F_0,54.1417566826558
RP1,2055,RP12,10,,vivant,0.621039078212567,15.2931471037112,RP12,3c,250,1312,2,30,15.0195376717045,2,3E,F_0,94.4905108911586
RP1,2035,RP12,11,,vivant,0.621546992673818,10.1931471037112,RP12,3c,250,1312,2,30,11.8586297491441,2,3E,F_1,24.0276311143581
RP1,2045,RP12,11,,vivant,0.577926823578894,13.0931471037112,RP12,3c,250,1312,2,30,13.4737389781808,2,3E,F_1,63.4746002492213
RP1,2055,RP12,11,,vivant,0.543096278626562,15.6931471037112,RP12,3c,250,1312,2,30,14.6502563333282,2,3E,F_1,109.931467156115
RP1,2035,RP12,12,PEU,vivant,1.64861838803306,10.1931471037112,RP12,3c,250,1312,2,30,11.8586297491441,2,3E,PEU,24.0276311143581
RP1,2045,RP12,12,PEU,vivant,1.47357483719379,12.6931471037112,RP12,3c,250,1312,2,30,13.2719009548739,2,3E,PEU,57.2749332790767
RP1,2055,RP12,12,PEU,vivant,1.31848172012511,15.0931471037112,RP12,3c,250,1312,2,30,14.3980556620818,2,3E,PEU,98.2509776685472
RP1,2035,RP12,13,PIN,vivant,1.52658480487962,10.1931471037112,RP12,3c,250,1312,2,30,9.44097881396053,2,3E,PIN,22.4476876690594
RP1,2045,RP12,13,PIN,vivant,1.42256270461867,13.3931471037112,RP12,3c,250,1312,2,30,11.4323901088705,2,3E,PIN,63.2375751515311
RP1,2055,RP12,13,PIN,vivant,1.34346332177099,16.6931471037112,RP12,3c,250,1312,2,30,13.1551238920767,2,3E,PIN,122.977536131126
RP1,2035,RP12,14,,vivant,0.616246657389496,10.1931471037112,RP12,3c,250,1312,2,30,7.1446979888771,2,3E,RES,13.4055551244611
RP1,2045,RP12,14,,vivant,0.557873295699526,14.0931471037112,RP12,3c,250,1312,2,30,9.18883217021239,2,3E,RES,49.6844303463845
RP1,2055,RP12,14,,vivant,0.510377458594963,17.7931471037112,RP12,3c,250,1312,2,30,10.8103387231135,2,3E,RES,102.279030320076
RP1,2035,RP12,15,SAB,vivant,1.83604345806251,10.1931471037112,RP12,3c,250,1312,2,30,9.71703012175739,2,3E,SAB,22.3204213461243
RP1,2045,RP12,15,SAB,vivant,1.39151063439082,13.5931471037112,RP12,3c,250,1312,2,30,11.9576681124442,2,3E,SAB,66.0916762987045
RP1,2055,RP12,15,SAB,vivant,0.981433149524626,16.6931471037112,RP12,3c,250,1312,2,30,13.736210919842,2,3E,SAB,122.463325868248
RP1,2045,RP12,16,BOP,vivant,1.09941343950872,10.0779805842147,RP12,3c,250,1312,2,30,12.1607052085963,2,3E,BOP,23.2457422821605
RP1,2055,RP12,16,BOP,vivant,0.95967619009204,11.7779805842147,RP12,3c,250,1312,2,30,13.0442954558996,2,3E,BOP,44.6216780121179
RP1,2045,RP12,17,,vivant,1.563360410688,10.0779805842147,RP12,3c,250,1312,2,30,8.75087392253993,2,3E,EPX,19.5881993009429
RP1,2055,RP12,17,,vivant,1.36227702965171,12.5779805842147,RP12,3c,250,1312,2,30,10.4846009811175,2,3E,EPX,48.3791775625542
RP1,2045,RP12,18,ERR,vivant,1.83193930103935,10.0779805842147,RP12,3c,250,1312,2,30,11.4575532569073,2,3E,ERR,17.9570114049941
RP1,2055,RP12,18,ERR,vivant,1.64478197236411,12.2779805842147,RP12,3c,250,1312,2,30,12.4759826377656,2,3E,ERR,42.1625227989184
RP1,2045,RP12,19,,vivant,1.38235425737593,10.0779805842147,RP12,3c,250,1312,2,30,11.7671840971863,2,3E,F_0,18.8126040797752
RP1,2055,RP12,19,,vivant,1.27141935295993,12.4779805842147,RP12,3c,250,1312,2,30,13.3660261793398,2,3E,F_0,48.1500876469844
RP1,2045,RP12,20,,vivant,1.04142741597122,10.0779805842147,RP12,3c,250,1312,2,30,11.7864767807934,2,3E,F_1,22.7177115204428
RP1,2055,RP12,20,,vivant,0.955170204595708,12.5779805842147,RP12,3c,250,1312,2,30,13.2126500614158,2,3E,F_1,55.5358942303761
RP1,2045,RP12,21,PEU,vivant,1.56909482861899,10.0779805842147,RP12,3c,250,1312,2,30,11.7864767807934,2,3E,PEU,22.7177115204428
RP1,2055,RP12,21,PEU,vivant,1.38229668796455,12.2779805842147,RP12,3c,250,1312,2,30,13.0558482296335,2,3E,PEU,51.1016881097153
RP1,2045,RP12,22,PIN,vivant,1.30288433697879,10.0779805842147,RP12,3c,250,1312,2,30,9.36218917472545,2,3E,PIN,21.2789778064202
RP1,2055,RP12,22,PIN,vivant,1.20326628278271,12.9779805842147,RP12,3c,250,1312,2,30,11.1937650299903,2,3E,PIN,57.0154959424419
RP1,2045,RP12,23,,vivant,1.07574691956798,10.0779805842147,RP12,3c,250,1312,2,30,7.07797519624522,2,3E,RES,12.6101759819139
RP1,2055,RP12,23,,vivant,0.978214717829882,13.5779805842147,RP12,3c,250,1312,2,30,8.94065653300293,2,3E,RES,43.8085840134486
RP1,2045,RP12,24,SAB,vivant,1.92435187344292,10.0779805842147,RP12,3c,250,1312,2,30,9.63466791558838,2,3E,SAB,21.1522323436312
RP1,2055,RP12,24,SAB,vivant,1.46781320899278,13.1779805842147,RP12,3c,250,1312,2,30,11.7020198321605,2,3E,SAB,59.7570313587973
RP1,2055,RP12,25,BOP,vivant,0.747971281820001,9.99654179296518,RP12,3c,250,1312,2,30,12.1152334136136,2,3E,BOP,22.3197418969175
RP1,2055,RP12,26,,vivant,1.34114494848958,9.99654179296518,RP12,3c,250,1312,2,30,8.69034586663408,2,3E,EPX,18.8182241558392
RP1,2055,RP12,27,ERR,vivant,1.80025327143281,9.99654179296518,RP12,3c,250,1312,2,30,11.4161265122328,2,3E,ERR,17.1646894284005
RP1,2055,RP12,28,,vivant,1.29268525417815,9.99654179296518,RP12,3c,250,1312,2,30,11.7092184981661,2,3E,F_0,17.9679308997703
RP1,2055,RP12,29,,vivant,0.7338851913137,9.99654179296518,RP12,3c,250,1312,2,30,11.7350393773238,2,3E,F_1,21.8028195600455
RP1,2055,RP12,30,PEU,vivant,1.31063362335949,9.99654179296518,RP12,3c,250,1312,2,30,11.7350393773238,2,3E,PEU,21.8028195600455
RP1,2055,RP12,31,PIN,vivant,0.971522088160565,9.99654179296518,RP12,3c,250,1312,2,30,9.3061429576071,2,3E,PIN,20.4646560583544
RP1,2055,RP12,32,,vivant,0.807160164064935,9.99654179296518,RP12,3c,250,1312,2,30,7.03054782867956,2,3E,RES,12.0567867113318
RP1,2055,RP12,33,SAB,vivant,1.95011735846417,9.99654179296518,RP12,3c,250,1312,2,30,9.5761399827201,2,3E,SAB,20.3381276819277
RS1,2025,RS12,1,BOJ,vivant,1,15,RS12,3c,250,1312,2,30,12.7706647561093,2,3E,BOJ,82.5234787428251
RS1,2035,RS12,1,BOJ,vivant,0.95414817694633,19.1,RS12,3c,250,1312,2,30,13.9488946018288,2,3E,BOJ,158.585705773195
RS1,2045,RS12,1,BOJ,vivant,0.915302542739383,22.9,RS12,3c,250,1312,2,30,14.8072238821126,2,3E,BOJ,249.47755074812
RS1,2055,RS12,1,BOJ,vivant,0.881214635258937,26.3,RS12,3c,250,1312,2,30,15.4324912933798,2,3E,BOJ,347.78629650676
RS1,2025,RS12,2,BOP,vivant,1,15,RS12,3c,250,1312,2,30,14.577933677609,2,3E,BOP,97.4549893757615
RS1,2035,RS12,2,BOP,vivant,0.929824762936778,18.2,RS12,3c,250,1312,2,30,15.7537938932417,2,3E,BOP,165.932615381326
RS1,2045,RS12,2,BOP,vivant,0.859543423881027,21.2,RS12,3c,250,1312,2,30,16.6764342176441,2,3E,BOP,245.63618076921
RS1,2055,RS12,2,BOP,vivant,0.791604542556293,23.9,RS12,3c,250,1312,2,30,17.389477198412,2,3E,BOP,330.5750353478
RS1,2025,RS12,3,EPB,vivant,1,15,RS12,3c,250,1312,2,30,11.9480687248715,2,3E,EPX,86.0724259070473
RS1,2035,RS12,3,EPB,vivant,0.938769281956256,19.1,RS12,3c,250,1312,2,30,14.1715296961374,2,3E,EPX,174.233457006398
RS1,2045,RS12,3,EPB,vivant,0.877477165315721,23.2,RS12,3c,250,1312,2,30,16.0494372301023,2,3E,EPX,293.327437404176
RS1,2055,RS12,3,EPB,vivant,0.813998577774509,27.2,RS12,3c,250,1312,2,30,17.6212679358681,2,3E,EPX,439.350453773938
RS1,2025,RS12,4,ERR,vivant,1,15,RS12,3c,250,1312,2,30,13.5890955161933,2,3E,ERR,80.4802097412459
RS1,2035,RS12,4,ERR,vivant,0.926200514231191,18.9,RS12,3c,250,1312,2,30,14.8442683722217,2,3E,ERR,152.143429795299
RS1,2045,RS12,4,ERR,vivant,0.871225272997143,22.6,RS12,3c,250,1312,2,30,15.7937727265517,2,3E,ERR,239.395122615551
RS1,2055,RS12,4,ERR,vivant,0.828074985837327,26,RS12,3c,250,1312,2,30,16.5097926778237,2,3E,ERR,336.5179274221
RS1,2025,RS12,5,FRN,vivant,1,15,RS12,3c,250,1312,2,30,14.5077663142648,2,3E,FRN,94.6263517001462
RS1,2035,RS12,5,FRN,vivant,0.584924789431014,18,RS12,3c,250,1312,2,30,15.8030479935782,2,3E,FRN,158.654076143704
RS1,2045,RS12,5,FRN,vivant,0.354018573791926,20.8,RS12,3c,250,1312,2,30,16.8318964675548,2,3E,FRN,232.675576862346
RS1,2055,RS12,5,FRN,vivant,0.195824632789616,23.3,RS12,3c,250,1312,2,30,17.6312176149727,2,3E,FRN,310.744991513229
RS1,2025,RS12,6,PET,vivant,1,15,RS12,3c,250,1312,2,30,15.3335626799846,2,3E,PEU,103.046315444804
RS1,2035,RS12,6,PET,vivant,0.923366355972238,19.5,RS12,3c,250,1312,2,30,17.221033755143,2,3E,PEU,212.498717010777
RS1,2045,RS12,6,PET,vivant,0.855314194266298,24.2,RS12,3c,250,1312,2,30,18.7209692461674,2,3E,PEU,367.064848589615
RS1,2055,RS12,6,PET,vivant,0.788405868124935,28.8,RS12,3c,250,1312,2,30,19.8471796521124,2,3E,PEU,558.705711297174
RS1,2025,RS12,7,SAB,vivant,1,15,RS12,3c,250,1312,2,30,13.087205060701,2,3E,SAB,91.744829962393
RS1,2035,RS12,7,SAB,vivant,0.904552519144505,19.2,RS12,3c,250,1312,2,30,15.36494313715,2,3E,SAB,183.999765365644
RS1,2045,RS12,7,SAB,vivant,0.796248074831166,23.5,RS12,3c,250,1312,2,30,17.3874205843683,2,3E,SAB,310.472584920142
RS1,2055,RS12,7,SAB,vivant,0.678139044804798,27.7,RS12,3c,250,1312,2,30,19.1339218585087,2,3E,SAB,464.833409767342
RS1,2025,RS12,8,THO,vivant,1,15,RS12,3c,250,1312,2,30,9.01402822951763,2,3E,THO,63.2861302457659
RS1,2035,RS12,8,THO,vivant,0.97367329862315,18.6,RS12,3c,250,1312,2,30,10.2081873784635,2,3E,THO,115.163964045752
RS1,2045,RS12,8,THO,vivant,0.947682695345826,22.2,RS12,3c,250,1312,2,30,11.2354401568486,2,3E,THO,181.53789256846
RS1,2055,RS12,8,THO,vivant,0.921633053387444,25.7,RS12,3c,250,1312,2,30,12.1082443238178,2,3E,THO,259.749552980303
RS1,2035,RS12,9,BOJ,vivant,0.0718155451995629,10.5123814560661,RS12,3c,250,1312,2,30,11.0379017063961,2,3E,BOJ,24.0152617678371
RS1,2045,RS12,9,BOJ,vivant,0.0677038544962676,14.5123814560661,RS12,3c,250,1312,2,30,12.6084112132975,2,3E,BOJ,74.9518601899477
RS1,2055,RS12,9,BOJ,vivant,0.0643916308086305,18.2123814560661,RS12,3c,250,1312,2,30,13.7189437643119,2,3E,BOJ,140.208131321734
RS1,2035,RS12,10,BOP,vivant,0.880379712418884,10.7313596104115,RS12,3c,250,1312,2,30,12.5787726238253,2,3E,BOP,31.1530391458117
RS1,2045,RS12,10,BOP,vivant,0.814934911683499,13.7313596104115,RS12,3c,250,1312,2,30,14.0433794056704,2,3E,BOP,74.862072838139
RS1,2055,RS12,10,BOP,vivant,0.751391964810952,16.5313596104115,RS12,3c,250,1312,2,30,15.1687751379546,2,3E,BOP,128.137827335772
RS1,2035,RS12,11,,vivant,1.344661929937,10.8214425066974,RS12,3c,250,1312,2,30,9.20867577008835,2,3E,EPX,26.8587844962712
RS1,2045,RS12,11,,vivant,1.24425881921503,14.5214425066974,RS12,3c,250,1312,2,30,11.6613085025636,2,3E,EPX,77.7591559098044
RS1,2055,RS12,11,,vivant,1.15341092368509,18.1214425066974,RS12,3c,250,1312,2,30,13.6757465988565,2,3E,EPX,150.403302317603
RS1,2035,RS12,12,ERR,vivant,0.37929061116568,10.740899315444,RS12,3c,250,1312,2,30,11.7871848915066,2,3E,ERR,24.6818127584445
RS1,2045,RS12,12,ERR,vivant,0.34333408463408,14.340899315444,RS12,3c,250,1312,2,30,13.3443436908101,2,3E,ERR,70.3604521938134
RS1,2055,RS12,12,ERR,vivant,0.317718573586981,17.740899315444,RS12,3c,250,1312,2,30,14.5022421063942,2,3E,ERR,128.703779641189
RS1,2035,RS12,13,FRN,vivant,0.0315328033122408,10.277210003867,RS12,3c,250,1312,2,30,11.9143275209249,2,3E,FRN,23.8964582133447
RS1,2045,RS12,13,FRN,vivant,0.0223099802412926,13.177210003867,RS12,3c,250,1312,2,30,13.600072549255,2,3E,FRN,63.138674803196
RS1,2055,RS12,13,FRN,vivant,0.0165775758255406,15.877210003867,RS12,3c,250,1312,2,30,14.9100372167322,2,3E,FRN,111.750510341774
RS1,2035,RS12,14,,vivant,0.0614120363461945,11.8370922018275,RS12,3c,250,1312,2,30,13.347546346048,2,3E,F_0,40.6314504339461
RS1,2045,RS12,14,,vivant,0.0334951312047289,15.4370922018275,RS12,3c,250,1312,2,30,15.5256892411704,2,3E,F_0,99.9808395217035
RS1,2055,RS12,14,,vivant,0.0217575921726028,19.1370922018275,RS12,3c,250,1312,2,30,17.4481374563204,2,3E,F_0,185.882021951984
RS1,2035,RS12,15,,vivant,0.295206183801053,10.4024035247055,RS12,3c,250,1312,2,30,12.7353128130281,2,3E,F_1,28.10561592435
RS1,2045,RS12,15,,vivant,0.129469897376222,12.7024035247055,RS12,3c,250,1312,2,30,14.1390833272939,2,3E,F_1,61.1452788139537
RS1,2055,RS12,15,,vivant,0.0547055166449711,14.7024035247055,RS12,3c,250,1312,2,30,15.1889323321517,2,3E,F_1,97.0998310510336
RS1,2035,RS12,16,PEU,vivant,0.175430361561096,12.2935435078158,RS12,3c,250,1312,2,30,13.9062171217344,2,3E,PEU,54.6370877576633
RS1,2045,RS12,16,PEU,vivant,0.156147004254682,16.3935435078158,RS12,3c,250,1312,2,30,15.9752373715558,2,3E,PEU,132.99482164309
RS1,2055,RS12,16,PEU,vivant,0.140083714219867,20.4935435078158,RS12,3c,250,1312,2,30,17.5729938671933,2,3E,PEU,241.707022884845
RS1,2035,RS12,17,,vivant,0.162863297200417,11.5319103162899,RS12,3c,250,1312,2,30,8.147375019219,2,3E,RES,24.5464599454857
RS1,2045,RS12,17,,vivant,0.149317796250415,15.1319103162899,RS12,3c,250,1312,2,30,9.99475360163465,2,3E,RES,64.6773712387055
RS1,2055,RS12,17,,vivant,0.137862521201693,18.9319103162899,RS12,3c,250,1312,2,30,11.6549728508532,2,3E,RES,126.574905375899
RS1,2035,RS12,18,SAB,vivant,2.53584521827672,10.9247307975663,RS12,3c,250,1312,2,30,10.4825563955455,2,3E,SAB,30.9568404804025
RS1,2045,RS12,18,SAB,vivant,2.33359727293351,14.7247307975663,RS12,3c,250,1312,2,30,12.9250434959067,2,3E,SAB,86.76546074434
RS1,2055,RS12,18,SAB,vivant,2.0982605279034,18.5247307975663,RS12,3c,250,1312,2,30,15.0212826540023,2,3E,SAB,167.08699418516
RS1,2035,RS12,19,THO,vivant,1.31787128144859,10.5783111763127,RS12,3c,250,1312,2,30,7.23723011960808,2,3E,THO,19.0073533364936
RS1,2045,RS12,19,THO,vivant,1.26250194772185,13.7783111763127,RS12,3c,250,1312,2,30,8.56205170544351,2,3E,THO,48.9510024840943
RS1,2055,RS12,19,THO,vivant,1.21738106924592,16.9783111763127,RS12,3c,250,1312,2,30,9.69360466619452,2,3E,THO,90.0017572610604
RS1,2045,RS12,20,BOJ,vivant,0.0704833084145177,10.508478763562,RS12,3c,250,1312,2,30,11.0361202592057,2,3E,BOJ,23.9748530447132
RS1,2055,RS12,20,BOJ,vivant,0.0663594723673687,14.208478763562,RS12,3c,250,1312,2,30,12.5045103277152,2,3E,BOJ,70.3873253831127
RS1,2045,RS12,21,BOP,vivant,0.867415104732142,10.6515550172269,RS12,3c,250,1312,2,30,12.5352542563883,2,3E,BOP,30.1682668687127
RS1,2055,RS12,21,BOP,vivant,0.799466309905145,13.4515550172269,RS12,3c,250,1312,2,30,13.9193806902079,2,3E,BOP,70.2162382681326
RS1,2045,RS12,22,,vivant,1.2738200240812,10.7337894740319,RS12,3c,250,1312,2,30,9.14492590693752,2,3E,EPX,25.9310539727464
RS1,2055,RS12,22,,vivant,1.16976870384681,14.1337894740319,RS12,3c,250,1312,2,30,11.424329890195,2,3E,EPX,71.3217392033612
RS1,2045,RS12,23,ERR,vivant,0.356082123596413,10.6873452502649,RS12,3c,250,1312,2,30,11.7606968247958,2,3E,ERR,24.1193317986987
RS1,2055,RS12,23,ERR,vivant,0.32275885222449,14.0873452502649,RS12,3c,250,1312,2,30,13.2472637865858,2,3E,ERR,66.6164690945437
RS1,2045,RS12,24,FRN,vivant,0.0271158966626949,10.2774280136968,RS12,3c,250,1312,2,30,11.9144674487767,2,3E,FRN,23.8989331576445
RS1,2055,RS12,24,FRN,vivant,0.0207005380113508,12.9774280136968,RS12,3c,250,1312,2,30,13.4941232468171,2,3E,FRN,60.0163027209164
RS1,2045,RS12,25,,vivant,0.0585166415167623,11.5926537940634,RS12,3c,250,1312,2,30,13.1856343357613,2,3E,F_0,37.3936471152875
RS1,2055,RS12,25,,vivant,0.0313097759847101,14.9926537940634,RS12,3c,250,1312,2,30,15.2753613797304,2,3E,F_0,91.4183508397765
RS1,2045,RS12,26,,vivant,0.250630163135455,10.3827315322891,RS12,3c,250,1312,2,30,12.7222481417235,2,3E,F_1,27.8596747991548
RS1,2055,RS12,26,,vivant,0.103841273115581,12.4827315322891,RS12,3c,250,1312,2,30,14.014798594408,2,3E,F_1,57.6136949468201
RS1,2045,RS12,27,PEU,vivant,0.14018834129673,11.8587260574829,RS12,3c,250,1312,2,30,13.6510795917123,2,3E,PEU,48.0216437487851
RS1,2055,RS12,27,PEU,vivant,0.12133695496378,15.6587260574829,RS12,3c,250,1312,2,30,15.6439822758948,2,3E,PEU,116.768769273153
RS1,2045,RS12,28,,vivant,0.141296071628889,11.4044665553149,RS12,3c,250,1312,2,30,8.07606870008949,2,3E,RES,23.4330675125077
RS1,2055,RS12,28,,vivant,0.130001099872702,14.7044665553149,RS12,3c,250,1312,2,30,9.79086379871122,2,3E,RES,59.0041220220573
RS1,2045,RS12,29,SAB,vivant,2.58946606688975,10.8333012272806,RS12,3c,250,1312,2,30,10.4184728521902,2,3E,SAB,29.9023042839863
RS1,2055,RS12,29,SAB,vivant,2.37439013399314,14.3333012272806,RS12,3c,250,1312,2,30,12.6913525648674,2,3E,SAB,79.9071590930321
RS1,2045,RS12,30,THO,vivant,1.33046029411955,10.5308855418948,RS12,3c,250,1312,2,30,7.2158356565508,2,3E,THO,18.6437695610088
RS1,2055,RS12,30,THO,vivant,1.26748604080113,13.5308855418948,RS12,3c,250,1312,2,30,8.46721022578569,2,3E,THO,46.2464335232002
RS1,2055,RS12,31,BOJ,vivant,0.0684455180580175,10.5032829554446,RS12,3c,250,1312,2,30,11.0337476587371,2,3E,BOJ,23.9210819564576
RS1,2055,RS12,32,BOP,vivant,0.826904503655679,10.5510199770866,RS12,3c,250,1312,2,30,12.4800480586412,2,3E,BOP,28.9402575534075
RS1,2055,RS12,33,,vivant,1.15486313740736,10.6236374978021,RS12,3c,250,1312,2,30,9.06440299931836,2,3E,EPX,24.7828066805167
RS1,2055,RS12,34,ERR,vivant,0.318197159097167,10.6185321492312,RS12,3c,250,1312,2,30,11.7264952062051,2,3E,ERR,23.4013761855689
RS1,2055,RS12,35,FRN,vivant,0.0252505029081275,10.2777192610805,RS12,3c,250,1312,2,30,11.9146543801048,2,3E,FRN,23.9022396341906
RS1,2055,RS12,36,,vivant,0.0541156510647684,11.2998748242304,RS12,3c,250,1312,2,30,12.9889835461556,2,3E,F_0,33.640238263626
RS1,2055,RS12,37,,vivant,0.184036737483947,10.3569193573549,RS12,3c,250,1312,2,30,12.7050758423086,2,3E,F_1,27.5378832605451
RS1,2055,RS12,38,PEU,vivant,0.102356668339862,11.3688672996268,RS12,3c,250,1312,2,30,13.3539416575822,2,3E,PEU,40.9414263356191
RS1,2055,RS12,39,,vivant,0.115404171997587,11.2446023153045,RS12,3c,250,1312,2,30,7.98599037625805,2,3E,RES,22.0648130164786
RS1,2055,RS12,40,SAB,vivant,2.60453788717642,10.7182887882557,RS12,3c,250,1312,2,30,10.3374584888528,2,3E,SAB,28.5943120863606
RS1,2055,RS12,41,THO,vivant,1.30220238149036,10.4699061967605,RS12,3c,250,1312,2,30,7.18824300339686,2,3E,THO,18.1796145519051
RS2,2025,RS22,1,BOP,vivant,1,15,RS22,3c,250,1312,2,30,14.703590400811,2,3E,BOP,98.2950175234715
RS2,2035,RS22,1,BOP,vivant,0.832512392884987,16.1,RS22,3c,250,1312,2,30,15.1220806164554,2,3E,BOP,120.017845273066
RS2,2045,RS22,1,BOP,vivant,0.671687149012952,17.1,RS22,3c,250,1312,2,30,15.4776021890257,2,3E,BOP,141.442539787737
RS2,2055,RS22,1,BOP,vivant,0.541058265915332,18.1,RS22,3c,250,1312,2,30,15.8115352541127,2,3E,BOP,164.486577714478
RS2,2025,RS22,2,EPB,vivant,1,15,RS22,3c,250,1312,2,30,12.4323878512976,2,3E,EPX,89.5614016641007
RS2,2035,RS22,2,EPB,vivant,0.882025029330602,17.7,RS22,3c,250,1312,2,30,13.9243024885377,2,3E,EPX,145.579834820178
RS2,2045,RS22,2,EPB,vivant,0.757465397444421,20.1,RS22,3c,250,1312,2,30,15.1058058633415,2,3E,EPX,206.533765425243
RS2,2055,RS22,2,EPB,vivant,0.636265563637482,22.2,RS22,3c,250,1312,2,30,16.0443916954289,2,3E,EPX,268.535737164509
RS2,2025,RS22,3,ERR,vivant,1,15,RS22,3c,250,1312,2,30,13.5369361364398,2,3E,ERR,80.1713004530937
RS2,2035,RS22,3,ERR,vivant,0.897693253645208,16.2,RS22,3c,250,1312,2,30,13.9386192909105,2,3E,ERR,99.8619512701767
RS2,2045,RS22,3,ERR,vivant,0.795860686286993,17.4,RS22,3c,250,1312,2,30,14.3088631864419,2,3E,ERR,121.410221531395
RS2,2055,RS22,3,ERR,vivant,0.707773294416125,18.5,RS22,3c,250,1312,2,30,14.6234098520569,2,3E,ERR,142.816667257207
RS2,2025,RS22,4,MEL,vivant,1,15,RS22,3c,250,1312,2,30,16.627070190319,2,3E,MEL,114.379671344409
RS2,2035,RS22,4,MEL,vivant,0.889326880026384,18.4,RS22,3c,250,1312,2,30,18.2852406252442,2,3E,MEL,197.247055308088
RS2,2045,RS22,4,MEL,vivant,0.76002961497023,21.8,RS22,3c,250,1312,2,30,19.6386398681754,2,3E,MEL,298.676992978864
RS2,2055,RS22,4,MEL,vivant,0.62589479509045,25.1,RS22,3c,250,1312,2,30,20.7232336488661,2,3E,MEL,413.56285451753
RS2,2025,RS22,5,PET,vivant,1,15,RS22,3c,250,1312,2,30,15.017069673535,2,3E,PEU,100.91938389867
RS2,2035,RS22,5,PET,vivant,0.823125365873073,16.8,RS22,3c,250,1312,2,30,15.7822386434401,2,3E,PEU,139.130011840475
RS2,2045,RS22,5,PET,vivant,0.657227662449293,18.6,RS22,3c,250,1312,2,30,16.4592291769205,2,3E,PEU,182.912198058298
RS2,2055,RS22,5,PET,vivant,0.525741659744799,20.4,RS22,3c,250,1312,2,30,17.0598217417045,2,3E,PEU,232.32899284305
RS2,2025,RS22,6,PIG,vivant,1,15,RS22,3c,250,1312,2,30,16.3093767696383,2,3E,PIG,117.942349606749
RS2,2035,RS22,6,PIG,vivant,0.962193136273541,17.6,RS22,3c,250,1312,2,30,17.4849467451599,2,3E,PIG,181.112683590145
RS2,2045,RS22,6,PIG,vivant,0.920050709260915,20.1,RS22,3c,250,1312,2,30,18.4170109876886,2,3E,PIG,252.362596565593
RS2,2055,RS22,6,PIG,vivant,0.882609956632998,22.4,RS22,3c,250,1312,2,30,19.1313661739404,2,3E,PIG,326.523521508529
RS2,2025,RS22,7,PIB,vivant,1,15,RS22,3c,250,1312,2,30,12.8718605590335,2,3E,PIN,94.1479634609747
RS2,2035,RS22,7,PIB,vivant,0.872179222888217,18.5,RS22,3c,250,1312,2,30,14.6014157631281,2,3E,PIN,170.809786196154
RS2,2045,RS22,7,PIB,vivant,0.780224238702624,21.9,RS22,3c,250,1312,2,30,16.0311940380887,2,3E,PIN,266.475682513721
RS2,2055,RS22,7,PIB,vivant,0.710916799238588,25.2,RS22,3c,250,1312,2,30,17.2306240576947,2,3E,PIN,379.37575304809
RS2,2025,RS22,8,PRP,vivant,1,15,RS22,3c,250,1312,2,30,14.703590400811,2,3E,PRP,
RS2,2035,RS22,8,PRP,vivant,0.311030691332304,15,RS22,3c,250,1312,2,30,14.703590400811,2,3E,PRP,
RS2,2045,RS22,8,PRP,vivant,0.0910195141361522,15,RS22,3c,250,1312,2,30,14.703590400811,2,3E,PRP,
RS2,2055,RS22,8,PRP,vivant,0.0284182873284975,15.1,RS22,3c,250,1312,2,30,14.7428992179623,2,3E,PRP,
RS2,2025,RS22,9,SAB,vivant,1,15,RS22,3c,250,1312,2,30,13.2296420593379,2,3E,SAB,92.7433516604703
RS2,2035,RS22,9,SAB,vivant,0.779560285933767,17.3,RS22,3c,250,1312,2,30,14.5206617308553,2,3E,SAB,139.835711199666
RS2,2045,RS22,9,SAB,vivant,0.571711689480689,19.4,RS22,3c,250,1312,2,30,15.6084664401198,2,3E,SAB,190.914664973405
RS2,2055,RS22,9,SAB,vivant,0.402918420460672,21.4,RS22,3c,250,1312,2,30,16.5754615135489,2,3E,SAB,246.777680882379
RS2,2025,RS22,10,SAL,vivant,1,15,RS22,3c,250,1312,2,30,14.703590400811,2,3E,SAL,
RS2,2035,RS22,10,SAL,vivant,0.669947479044946,15.9,RS22,3c,250,1312,2,30,15.0482088803219,2,3E,SAL,
RS2,2045,RS22,10,SAL,vivant,0.422937403432641,16.8,RS22,3c,250,1312,2,30,15.373300954617,2,3E,SAL,
RS2,2055,RS22,10,SAL,vivant,0.272595381111827,17.7,RS22,3c,250,1312,2,30,15.680432135095,2,3E,SAL,
RS2,2025,RS22,11,THO,vivant,1,15,RS22,3c,250,1312,2,30,8.60670484797633,2,3E,THO,60.4263743275455
RS2,2035,RS22,11,THO,vivant,0.984054109945729,17.2,RS22,3c,250,1312,2,30,9.32357721573315,2,3E,THO,89.0415944304661
RS2,2045,RS22,11,THO,vivant,0.958063458239437,19.3,RS22,3c,250,1312,2,30,9.94443006463397,2,3E,THO,121.146518236015
RS2,2055,RS22,11,THO,vivant,0.926786365389504,21.4,RS22,3c,250,1312,2,30,10.5121197511339,2,3E,THO,157.918371522051
RS2,2035,RS22,12,,vivant,0.241025561606648,10.6325770078704,RS22,3c,250,1312,2,30,11.0322322208113,2,3E,AUT,25.1309363664878
RS2,2045,RS22,12,,vivant,0.175285033077881,11.8325770078704,RS22,3c,250,1312,2,30,11.5333594300274,2,3E,AUT,38.4361122113351
RS2,2055,RS22,12,,vivant,0.130005921018815,13.0325770078704,RS22,3c,250,1312,2,30,11.9881216503795,2,3E,AUT,53.4132379300706
RS2,2035,RS22,13,BOP,vivant,1.08483162984964,10.3719167165953,RS22,3c,250,1312,2,30,12.543043175713,2,3E,BOP,27.1385069341243
RS2,2045,RS22,13,BOP,vivant,0.921625961293002,11.4719167165953,RS22,3c,250,1312,2,30,13.1259746833187,2,3E,BOP,41.2073750965587
RS2,2055,RS22,13,BOP,vivant,0.775058797836152,12.5719167165953,RS22,3c,250,1312,2,30,13.6614806754666,2,3E,BOP,57.0040670395766
RS2,2035,RS22,14,,vivant,3.26440385895256,10.7167342384701,RS22,3c,250,1312,2,30,9.61990489049596,2,3E,EPX,27.1264123931284
RS2,2045,RS22,14,,vivant,2.97574879797121,13.3167342384701,RS22,3c,250,1312,2,30,11.3998575134257,2,3E,EPX,61.2440054918831
RS2,2055,RS22,14,,vivant,2.65009667733898,15.6167342384701,RS22,3c,250,1312,2,30,12.7899976256015,2,3E,EPX,101.196874148911
RS2,2035,RS22,15,ERR,vivant,0.677387836292331,10.3802133329349,RS22,3c,250,1312,2,30,11.6144433050863,2,3E,ERR,20.9705064896404
RS2,2045,RS22,15,ERR,vivant,0.598542702549297,11.7802133329349,RS22,3c,250,1312,2,30,12.2711191043248,2,3E,ERR,36.2297981311374
RS2,2055,RS22,15,ERR,vivant,0.528469800664877,13.0802133329349,RS22,3c,250,1312,2,30,12.8189578791556,2,3E,ERR,52.4466101176935
RS2,2035,RS22,16,MEL,vivant,0.38593295978249,11.2308012877257,RS22,3c,250,1312,2,30,14.3088271198114,2,3E,MEL,45.1190436696958
RS2,2045,RS22,16,MEL,vivant,0.351925340803077,14.1308012877257,RS22,3c,250,1312,2,30,16.143223545891,2,3E,MEL,96.2856257383548
RS2,2055,RS22,16,MEL,vivant,0.30982629703324,17.0308012877257,RS22,3c,250,1312,2,30,17.6587931189069,2,3E,MEL,161.583273219888
RS2,2035,RS22,17,PEU,vivant,1.05225498450961,10.7067745643912,RS22,3c,250,1312,2,30,12.7379355401627,2,3E,PEU,31.5008142850039
RS2,2045,RS22,17,PEU,vivant,0.83518602652577,12.2067745643912,RS22,3c,250,1312,2,30,13.618517487151,2,3E,PEU,52.3787687751026
RS2,2055,RS22,17,PEU,vivant,0.652884674217191,13.7067745643912,RS22,3c,250,1312,2,30,14.4046637032107,2,3E,PEU,76.8466040692582
RS2,2035,RS22,18,PIG,vivant,0.686947163269076,10.7879803386717,RS22,3c,250,1312,2,30,13.8218569906475,2,3E,PIG,40.1475330044447
RS2,2045,RS22,18,PIG,vivant,0.646072354164676,12.8879803386717,RS22,3c,250,1312,2,30,15.1658413931061,2,3E,PIG,75.1141096366069
RS2,2055,RS22,18,PIG,vivant,0.602822582033802,14.8879803386717,RS22,3c,250,1312,2,30,16.2533089022431,2,3E,PIG,115.478155092106
RS2,2035,RS22,19,PIN,vivant,0.354751017239992,12.4754173549316,RS22,3c,250,1312,2,30,11.4190530438366,2,3E,PIN,52.2473718338212
RS2,2045,RS22,19,PIN,vivant,0.305144239663407,15.6754173549316,RS22,3c,250,1312,2,30,13.2291992159453,2,3E,PIN,107.239585393981
RS2,2055,RS22,19,PIN,vivant,0.270483565335415,18.7754173549316,RS22,3c,250,1312,2,30,14.7256135108125,2,3E,PIN,177.777665345452
RS2,2035,RS22,20,PRP,vivant,0.620481817364476,10.0780435477368,RS22,3c,250,1312,2,30,12.3783707914059,2,3E,PRP,
RS2,2045,RS22,20,PRP,vivant,0.275303118789949,10.9780435477368,RS22,3c,250,1312,2,30,12.8705243685667,2,3E,PRP,
RS2,2055,RS22,20,PRP,vivant,0.116533922158791,11.6780435477368,RS22,3c,250,1312,2,30,13.2297356624771,2,3E,PRP,
RS2,2035,RS22,21,SAB,vivant,3.26619280963489,10.4867285463757,RS22,3c,250,1312,2,30,10.3080940964635,2,3E,SAB,26.3688998490424
RS2,2045,RS22,21,SAB,vivant,2.77386961740403,12.5867285463757,RS22,3c,250,1312,2,30,11.7406346465758,2,3E,SAB,53.076563399056
RS2,2055,RS22,21,SAB,vivant,2.26237812863303,14.5867285463757,RS22,3c,250,1312,2,30,12.9851666384794,2,3E,SAB,85.2506396028413
RS2,2035,RS22,22,SAL,vivant,0.355963894501782,10.2511841547719,RS22,3c,250,1312,2,30,12.4758721872827,2,3E,SAL,
RS2,2045,RS22,22,SAL,vivant,0.208621022057243,10.9511841547719,RS22,3c,250,1312,2,30,12.8563460785022,2,3E,SAL,
RS2,2055,RS22,22,SAL,vivant,0.123601867817396,11.5511841547719,RS22,3c,250,1312,2,30,13.1660708726366,2,3E,SAL,
RS2,2035,RS22,23,THO,vivant,0.4029826763454,10.6442196431319,RS22,3c,250,1312,2,30,6.93345937932389,2,3E,THO,18.6209855905357
RS2,2045,RS22,23,THO,vivant,0.397105189716348,12.5442196431319,RS22,3c,250,1312,2,30,7.71057056562232,2,3E,THO,34.4797459151811
RS2,2055,RS22,23,THO,vivant,0.388334645727374,14.4442196431319,RS22,3c,250,1312,2,30,8.41343242509199,2,3E,THO,54.0052158848834
RS2,2045,RS22,24,,vivant,0.141215830071693,10.4567985879633,RS22,3c,250,1312,2,30,10.9544827198606,2,3E,AUT,23.3179251857477
RS2,2055,RS22,24,,vivant,0.10054350883146,11.6567985879633,RS22,3c,250,1312,2,30,11.4630197928335,2,3E,AUT,36.3842727063174
RS2,2045,RS22,25,BOP,vivant,0.920429020385926,10.2260346437543,RS22,3c,250,1312,2,30,12.4617959921614,2,3E,BOP,25.3983669198849
RS2,2055,RS22,25,BOP,vivant,0.776132627829365,11.3260346437543,RS22,3c,250,1312,2,30,13.0515386774182,2,3E,BOP,39.2437585778926
RS2,2045,RS22,26,,vivant,3.22970593300292,10.5313034324561,RS22,3c,250,1312,2,30,9.48328244531162,2,3E,EPX,25.1249068017912
RS2,2055,RS22,26,,vivant,2.93267484259644,12.9313034324561,RS22,3c,250,1312,2,30,11.1509631873622,2,3E,EPX,55.4588355078942
RS2,2045,RS22,27,ERR,vivant,0.58022887421473,10.2333796823897,RS22,3c,250,1312,2,30,11.5410515171802,2,3E,ERR,19.4976602128905
RS2,2055,RS22,27,ERR,vivant,0.50849029106235,11.6333796823897,RS22,3c,250,1312,2,30,12.2056886060773,2,3E,ERR,34.5239267054202
RS2,2045,RS22,28,MEL,vivant,0.119895000361784,10.9864097292142,RS22,3c,250,1312,2,30,14.1365061176901,2,3E,MEL,41.4502274333637
RS2,2055,RS22,28,MEL,vivant,0.108248912732305,13.6864097292142,RS22,3c,250,1312,2,30,15.8850347873401,2,3E,MEL,87.5265078930068
RS2,2045,RS22,29,PEU,vivant,0.637715302747313,10.5224860799463,RS22,3c,250,1312,2,30,12.6224325356703,2,3E,PEU,29.1757342502982
RS2,2055,RS22,29,PEU,vivant,0.492790141084793,12.0224860799463,RS22,3c,250,1312,2,30,13.515728238716,2,3E,PEU,49.6232218010581
RS2,2045,RS22,30,PIG,vivant,0.26834318363853,10.5943779844395,RS22,3c,250,1312,2,30,13.6859027680004,2,3E,PIG,37.3036548997172
RS2,2055,RS22,30,PIG,vivant,0.246689146091765,12.3943779844395,RS22,3c,250,1312,2,30,14.8701184040263,2,3E,PIG,66.2135799292093
RS2,2045,RS22,31,PIN,vivant,0.126549731491758,12.0882749626538,RS22,3c,250,1312,2,30,11.1781707279075,2,3E,PIN,46.7828496607864
RS2,2055,RS22,31,PIN,vivant,0.109398703215487,15.0882749626538,RS22,3c,250,1312,2,30,12.9192619503292,2,3E,PIN,95.813286462375
RS2,2045,RS22,32,PRP,vivant,0.259543999878042,9.96586716212053,RS22,3c,250,1312,2,30,12.3144487074947,2,3E,PRP,
RS2,2055,RS22,32,PRP,vivant,0.115676731306751,10.8658671621205,RS22,3c,250,1312,2,30,12.8111091157986,2,3E,PRP,
RS2,2045,RS22,33,SAB,vivant,3.74548551731505,10.327678168176,RS22,3c,250,1312,2,30,10.1935986884986,2,3E,SAB,24.6307383382241
RS2,2055,RS22,33,SAB,vivant,3.17684893593836,12.327678168176,RS22,3c,250,1312,2,30,11.5713784687371,2,3E,SAB,49.396881671704
RS2,2045,RS22,34,SAL,vivant,0.147849716050391,10.1191494637197,RS22,3c,250,1312,2,30,12.4016454942467,2,3E,SAL,
RS2,2055,RS22,34,SAL,vivant,0.0830727160641931,10.7191494637197,RS22,3c,250,1312,2,30,12.732594318232,2,3E,SAL,
RS2,2045,RS22,35,THO,vivant,0.244945093465746,10.467105874972,RS22,3c,250,1312,2,30,6.85674676170994,2,3E,THO,17.3240483297914
RS2,2055,RS22,35,THO,vivant,0.240352634713726,12.267105874972,RS22,3c,250,1312,2,30,7.60216186894297,2,3E,THO,31.9416113550421
RS2,2055,RS22,36,,vivant,0.0740866463372457,10.3589096055157,RS22,3c,250,1312,2,30,10.9106710792344,2,3E,AUT,22.3230153553992
RS2,2055,RS22,37,BOP,vivant,0.760155623843037,10.1447945934951,RS22,3c,250,1312,2,30,12.4161259837775,2,3E,BOP,24.4417966237591
RS2,2055,RS22,38,,vivant,3.11071850901397,10.4280391470862,RS22,3c,250,1312,2,30,9.40659480318044,2,3E,EPX,24.0345646226235
RS2,2055,RS22,39,ERR,vivant,0.448913636296128,10.15160970944,RS22,3c,250,1312,2,30,11.4997806377991,2,3E,ERR,18.687677154044
RS2,2055,RS22,40,MEL,vivant,0.0326234729583813,10.8503108782055,RS22,3c,250,1312,2,30,14.0392005207312,2,3E,MEL,39.4499377873977
RS2,2055,RS22,41,PEU,vivant,0.335269573015136,10.4198579403336,RS22,3c,250,1312,2,30,12.5573669944057,2,3E,PEU,27.9032104275966
RS2,2055,RS22,42,PIG,vivant,0.0916954892378839,10.4865630577536,RS22,3c,250,1312,2,30,13.6092301722348,2,3E,PIG,35.7474530522617
RS2,2055,RS22,43,PIN,vivant,0.0337758434563533,11.8726798124504,RS22,3c,250,1312,2,30,11.0417415595438,2,3E,PIN,43.848026371577
RS2,2055,RS22,44,PRP,vivant,0.0850524887373984,9.90339742181666,RS22,3c,250,1312,2,30,12.2785907469413,2,3E,PRP,
RS2,2055,RS22,45,SAB,vivant,4.15327315808045,10.2391048399592,RS22,3c,250,1312,2,30,10.12944232369,2,3E,SAB,23.6797186760244
RS2,2055,RS22,46,SAL,vivant,0.0468824020850602,10.0456208612797,RS22,3c,250,1312,2,30,12.3599565173746,2,3E,SAL,
RS2,2055,RS22,47,THO,vivant,0.112385849332351,10.3684732524248,RS22,3c,250,1312,2,30,6.81368797536444,2,3E,THO,16.6149301226934
RS3,2025,RS32,1,BOP,vivant,1,15,RS32,3c,250,1312,2,30,13.5685272833953,2,3E,BOP,90.7070035775399
RS3,2035,RS32,1,BOP,vivant,0.823400280405532,16.5,RS32,3c,250,1312,2,30,14.0969812376824,2,3E,BOP,118.554859487869
RS3,2045,RS32,1,BOP,vivant,0.672832785910074,17.8,RS32,3c,250,1312,2,30,14.515726466826,2,3E,BOP,145.40399697364
RS3,2055,RS32,1,BOP,vivant,0.546456880357748,19,RS32,3c,250,1312,2,30,14.8735051536576,2,3E,BOP,172.461037030484
RS3,2025,RS32,2,EPB,vivant,1,15,RS32,3c,250,1312,2,30,11.812806021776,2,3E,EPX,85.098009935876
RS3,2035,RS32,2,EPB,vivant,0.878667148291817,17.6,RS32,3c,250,1312,2,30,13.2226536862252,2,3E,EPX,136.559730983212
RS3,2045,RS32,2,EPB,vivant,0.762981695643197,20,RS32,3c,250,1312,2,30,14.3858396884057,2,3E,EPX,194.673591222234
RS3,2055,RS32,2,EPB,vivant,0.655815757114907,22.1,RS32,3c,250,1312,2,30,15.3104129428863,2,3E,EPX,253.937285670201
RS3,2025,RS32,3,ERR,vivant,1,15,RS32,3c,250,1312,2,30,12.5821660824977,2,3E,ERR,74.5167597145767
RS3,2035,RS32,3,ERR,vivant,0.798143372523677,17.4,RS32,3c,250,1312,2,30,13.3088511208678,2,3E,ERR,112.925152883142
RS3,2045,RS32,3,ERR,vivant,0.625362998101182,19.6,RS32,3c,250,1312,2,30,13.8803414475562,2,3E,ERR,154.303262819373
RS3,2055,RS32,3,ERR,vivant,0.482286308151051,21.6,RS32,3c,250,1312,2,30,14.334415566137,2,3E,ERR,197.12431460849
RS3,2025,RS32,4,MEL,vivant,1,15,RS32,3c,250,1312,2,30,15.1736475035187,2,3E,MEL,104.38139700396
RS3,2035,RS32,4,MEL,vivant,0.958407438307063,18.9,RS32,3c,250,1312,2,30,16.9415186636233,2,3E,MEL,193.233563967668
RS3,2045,RS32,4,MEL,vivant,0.91264212838497,23,RS32,3c,250,1312,2,30,18.4075524952893,2,3E,MEL,310.817313788083
RS3,2055,RS32,4,MEL,vivant,0.863551610610761,27.2,RS32,3c,250,1312,2,30,19.5925741412954,2,3E,MEL,454.38782148682
RS3,2025,RS32,5,SAB,vivant,1,15,RS32,3c,250,1312,2,30,12.5080936727024,2,3E,SAB,87.685103261788
RS3,2035,RS32,5,SAB,vivant,0.724912143109798,17.6,RS32,3c,250,1312,2,30,13.9208760290054,2,3E,SAB,139.064555532714
RS3,2045,RS32,5,SAB,vivant,0.510270326793336,20.1,RS32,3c,250,1312,2,30,15.1617145050484,2,3E,SAB,199.252871076763
RS3,2055,RS32,5,SAB,vivant,0.349699252452233,22.5,RS32,3c,250,1312,2,30,16.2620400903634,2,3E,SAB,267.033933024657
RS3,2025,RS32,6,SAL,vivant,1,15,RS32,3c,250,1312,2,30,13.5685272833953,2,3E,SAL,
RS3,2035,RS32,6,SAL,vivant,0.690406206302856,17.3,RS32,3c,250,1312,2,30,14.3586918996348,2,3E,SAL,
RS3,2045,RS32,6,SAL,vivant,0.46320555420497,19.7,RS32,3c,250,1312,2,30,15.070543977095,2,3E,SAL,
RS3,2055,RS32,6,SAL,vivant,0.301759947211187,22.2,RS32,3c,250,1312,2,30,15.7115623194449,2,3E,SAL,
RS3,2025,RS32,7,THO,vivant,1,15,RS32,3c,250,1312,2,30,8.37001303082994,2,3E,THO,58.7645968417616
RS3,2035,RS32,7,THO,vivant,0.936154848541051,17.4,RS32,3c,250,1312,2,30,9.13813427508354,2,3E,THO,89.4780295388197
RS3,2045,RS32,7,THO,vivant,0.871657379773299,19.6,RS32,3c,250,1312,2,30,9.77340831288254,2,3E,THO,122.905593603048
RS3,2055,RS32,7,THO,vivant,0.807850865244773,21.7,RS32,3c,250,1312,2,30,10.3273558773186,2,3E,THO,159.503846513983
RS3,2035,RS32,8,,vivant,0.401608949701946,11.1914102806089,RS32,3c,250,1312,2,30,10.3347006433492,2,3E,AUT,28.5359870753744
RS3,2045,RS32,8,,vivant,0.31362275475686,12.9914102806089,RS32,3c,250,1312,2,30,10.9862907720018,2,3E,AUT,48.5130006886142
RS3,2055,RS32,8,,vivant,0.239491282106152,14.5914102806089,RS32,3c,250,1312,2,30,11.4939649508101,2,3E,AUT,69.2801490084211
RS3,2035,RS32,9,BOP,vivant,0.753490990548968,10.5325195153989,RS32,3c,250,1312,2,30,11.6259659293198,2,3E,BOP,26.7725067246886
RS3,2045,RS32,9,BOP,vivant,0.653529525023481,12.1325195153989,RS32,3c,250,1312,2,30,12.3956737759406,2,3E,BOP,46.5152389986048
RS3,2055,RS32,9,BOP,vivant,0.560173194145867,13.5325195153989,RS32,3c,250,1312,2,30,12.9977735269486,2,3E,BOP,66.6380348586089
RS3,2035,RS32,10,,vivant,2.88753532624272,10.5971671514644,RS32,3c,250,1312,2,30,8.97920953033289,2,3E,EPX,24.3315566928738
RS3,2045,RS32,10,,vivant,2.62541635074709,13.1971671514644,RS32,3c,250,1312,2,30,10.7280414491059,2,3E,EPX,56.2986693541482
RS3,2055,RS32,10,,vivant,2.35341466420354,15.5971671514644,RS32,3c,250,1312,2,30,12.1518344203007,2,3E,EPX,95.8707483308859
RS3,2035,RS32,11,ERR,vivant,0.0339929448287718,10.835791696996,RS32,3c,250,1312,2,30,10.9812569226475,2,3E,ERR,23.8358937083107
RS3,2045,RS32,11,ERR,vivant,0.0287202931849165,13.235791696996,RS32,3c,250,1312,2,30,11.9644922354838,2,3E,ERR,50.6443392241042
RS3,2055,RS32,11,ERR,vivant,0.0237273033770294,15.435791696996,RS32,3c,250,1312,2,30,12.7231557312137,2,3E,ERR,80.9769053289741
RS3,2035,RS32,12,MEL,vivant,0.329979476963162,10.984889436549,RS32,3c,250,1312,2,30,12.8268202237573,2,3E,MEL,37.5924926445208
RS3,2045,RS32,12,MEL,vivant,0.31956534365058,14.484889436549,RS32,3c,250,1312,2,30,14.9064155733456,2,3E,MEL,94.4013820103697
RS3,2055,RS32,12,MEL,vivant,0.307487821455921,17.984889436549,RS32,3c,250,1312,2,30,16.5635015329344,2,3E,MEL,170.306624248623
RS3,2035,RS32,13,SAB,vivant,3.46358850966844,10.6207754828288,RS32,3c,250,1312,2,30,9.76474828334262,2,3E,SAB,26.1525105315633
RS3,2045,RS32,13,SAB,vivant,2.73257253321564,13.0207754828288,RS32,3c,250,1312,2,30,11.3323074243924,2,3E,SAB,56.0870215001935
RS3,2055,RS32,13,SAB,vivant,2.08756916931369,15.3207754828288,RS32,3c,250,1312,2,30,12.6899870527446,2,3E,SAB,93.4122333003269
RS3,2035,RS32,14,SAL,vivant,0.22494415100452,10.8451803623553,RS32,3c,250,1312,2,30,11.7839946414559,2,3E,SAL,
RS3,2045,RS32,14,SAL,vivant,0.17049912632772,12.6451803623553,RS32,3c,250,1312,2,30,12.6232554176161,2,3E,SAL,
RS3,2055,RS32,14,SAL,vivant,0.125923313319138,14.5451803623553,RS32,3c,250,1312,2,30,13.3976899907209,2,3E,SAL,
RS3,2035,RS32,15,THO,vivant,0.0955527306660692,10.8121866097971,RS32,3c,250,1312,2,30,6.79243477666948,2,3E,THO,19.2744615798568
RS3,2045,RS32,15,THO,vivant,0.0909614290476167,13.0121866097971,RS32,3c,250,1312,2,30,7.66356653974994,2,3E,THO,37.8254229917072
RS3,2055,RS32,15,THO,vivant,0.0860794570693136,15.1121866097971,RS32,3c,250,1312,2,30,8.40786909499975,2,3E,THO,60.0671151771241
RS3,2045,RS32,16,,vivant,0.39006316676577,10.9875469233011,RS32,3c,250,1312,2,30,10.254725518242,2,3E,AUT,26.4916913629877
RS3,2055,RS32,16,,vivant,0.307661616118366,12.6875469233011,RS32,3c,250,1312,2,30,10.8827076632802,2,3E,AUT,44.8932422952256
RS3,2045,RS32,17,BOP,vivant,0.715587221089417,10.3928825247396,RS32,3c,250,1312,2,30,11.5541019051758,2,3E,BOP,25.208058393642
RS3,2055,RS32,17,BOP,vivant,0.623940869467007,11.8928825247396,RS32,3c,250,1312,2,30,12.2862977258807,2,3E,BOP,43.3412695978927
RS3,2045,RS32,18,,vivant,2.77754412634359,10.4512285354127,RS32,3c,250,1312,2,30,8.87378312509725,2,3E,EPX,22.8608051314957
RS3,2055,RS32,18,,vivant,2.53442572502745,12.9512285354127,RS32,3c,250,1312,2,30,10.572438204394,2,3E,EPX,52.7976478694943
RS3,2045,RS32,19,ERR,vivant,0.028676703651715,10.6665927950792,RS32,3c,250,1312,2,30,10.9045956147277,2,3E,ERR,22.1817366398894
RS3,2055,RS32,19,ERR,vivant,0.024387064033996,12.9665927950792,RS32,3c,250,1312,2,30,11.8630359848496,2,3E,ERR,47.3179125746212
RS3,2045,RS32,20,MEL,vivant,0.282050312608372,10.8011570086024,RS32,3c,250,1312,2,30,12.7030507614623,2,3E,MEL,35.137057287833
RS3,2055,RS32,20,MEL,vivant,0.273494078618419,14.1011570086024,RS32,3c,250,1312,2,30,14.701493627406,2,3E,MEL,87.2367341873552
RS3,2045,RS32,21,SAB,vivant,3.59886680929841,10.4725356092299,RS32,3c,250,1312,2,30,9.66208847831901,2,3E,SAB,24.5937785195722
RS3,2055,RS32,21,SAB,vivant,2.86470163113208,12.7725356092299,RS32,3c,250,1312,2,30,11.1778542378199,2,3E,SAB,52.5717070298691
RS3,2045,RS32,22,SAL,vivant,0.172883988695132,10.6750662861857,RS32,3c,250,1312,2,30,11.6985016064044,2,3E,SAL,
RS3,2055,RS32,22,SAL,vivant,0.132452799763416,12.3750662861857,RS32,3c,250,1312,2,30,12.5044139802658,2,3E,SAL,
RS3,2045,RS32,23,THO,vivant,0.0937166815408689,10.6452886491975,RS32,3c,250,1312,2,30,6.72199301343412,2,3E,THO,18.0595353761556
RS3,2055,RS32,23,THO,vivant,0.0893831037967138,12.7452886491975,RS32,3c,250,1312,2,30,7.56321551516838,2,3E,THO,35.3193983932341
RS3,2055,RS32,24,,vivant,0.3561998492649,10.8931799805635,RS32,3c,250,1312,2,30,10.2172414976231,2,3E,AUT,25.5600569046091
RS3,2055,RS32,25,BOP,vivant,0.659264817184834,10.3282455243703,RS32,3c,250,1312,2,30,11.5205612264916,2,3E,BOP,24.4922808570661
RS3,2055,RS32,26,,vivant,2.60447680624745,10.3836745560903,RS32,3c,250,1312,2,30,8.82470064126031,2,3E,EPX,22.1913507975113
RS3,2055,RS32,27,ERR,vivant,0.0240357176670538,10.5882717897779,RS32,3c,250,1312,2,30,10.8687445217328,2,3E,ERR,21.4261919075228
RS3,2055,RS32,28,MEL,vivant,0.228326392403549,10.7161085342907,RS32,3c,250,1312,2,30,12.645197681791,2,3E,MEL,34.0180062319424
RS3,2055,RS32,29,SAB,vivant,3.62047801075082,10.403916393653,RS32,3c,250,1312,2,30,9.61431858463893,2,3E,SAB,23.8833797574364
RS3,2055,RS32,30,SAL,vivant,0.126664138416855,10.5963216530317,RS32,3c,250,1312,2,30,11.6585342049136,2,3E,SAL,
RS3,2055,RS32,31,THO,vivant,0.0916686536339797,10.5680327337701,RS32,3c,250,1312,2,30,6.68916178855829,2,3E,THO,17.5061397101212
RS5,2025,RS52,1,BOG,vivant,1,15,RS52,3c,250,1312,2,30,14.4902689354048,2,3E,BOG,93.9675875367599
RS5,2035,RS52,1,BOG,vivant,0.449744422835382,16.7,RS52,3c,250,1312,2,30,14.9706501383688,2,3E,BOG,125.785481084698
RS5,2045,RS52,1,BOG,vivant,0.152201070560074,18.3,RS52,3c,250,1312,2,30,15.3823563116079,2,3E,BOG,159.444322319032
RS5,2055,RS52,1,BOG,vivant,0.0397476283648139,19.7,RS52,3c,250,1312,2,30,15.715509266201,2,3E,BOG,191.934449521948
RS5,2025,RS52,2,BOP,vivant,1,15,RS52,3c,250,1312,2,30,14.9843598334776,2,3E,BOP,100.171990123477
RS5,2035,RS52,2,BOP,vivant,0.55177211044978,17.7,RS52,3c,250,1312,2,30,15.9807780014751,2,3E,BOP,158.043715289989
RS5,2045,RS52,2,BOP,vivant,0.344967287567127,20.1,RS52,3c,250,1312,2,30,16.7378270330549,2,3E,BOP,219.651599678343
RS5,2055,RS52,2,BOP,vivant,0.229711333177014,22.2,RS52,3c,250,1312,2,30,17.3188784315926,2,3E,BOP,281.58360383918
RS5,2025,RS52,3,EPB,vivant,1,15,RS52,3c,250,1312,2,30,12.5087967978098,2,3E,EPX,90.1118423703556
RS5,2035,RS52,3,EPB,vivant,0.942960874978028,18.6,RS52,3c,250,1312,2,30,14.4700671731934,2,3E,EPX,168.223430911554
RS5,2045,RS52,3,EPB,vivant,0.890534819921684,22.1,RS52,3c,250,1312,2,30,16.1006090838946,2,3E,EPX,267.043415723209
RS5,2055,RS52,3,EPB,vivant,0.843640543289423,25.4,RS52,3c,250,1312,2,30,17.4375575836409,2,3E,EPX,380.846605639368
RS5,2025,RS52,4,ERR,vivant,1,15,RS52,3c,250,1312,2,30,13.9060780937836,2,3E,ERR,82.3575108683435
RS5,2035,RS52,4,ERR,vivant,0.875121104839608,18.4,RS52,3c,250,1312,2,30,14.9954931544761,2,3E,ERR,144.661263024731
RS5,2045,RS52,4,ERR,vivant,0.778512730273405,21.6,RS52,3c,250,1312,2,30,15.8248665917438,2,3E,ERR,217.620730072705
RS5,2055,RS52,4,ERR,vivant,0.701052203995167,24.5,RS52,3c,250,1312,2,30,16.4486816355203,2,3E,ERR,295.948955335137
RS5,2025,RS52,5,PET,vivant,1,15,RS52,3c,250,1312,2,30,15.1245561232657,2,3E,PEU,101.641726307682
RS5,2035,RS52,5,PET,vivant,0.723192791430151,19,RS52,3c,250,1312,2,30,16.7248707766405,2,3E,PEU,194.872746376583
RS5,2045,RS52,5,PET,vivant,0.522590262834133,22.9,RS52,3c,250,1312,2,30,17.9281448142772,2,3E,PEU,312.855420397795
RS5,2055,RS52,5,PET,vivant,0.376389029903258,26.5,RS52,3c,250,1312,2,30,18.7996796079142,2,3E,PEU,445.557455014004
RS5,2025,RS52,6,SAB,vivant,1,15,RS52,3c,250,1312,2,30,13.5160235418318,2,3E,SAB,94.7509629337646
RS5,2035,RS52,6,SAB,vivant,0.901975964229796,19.1,RS52,3c,250,1312,2,30,15.7689194011834,2,3E,SAB,186.828008863035
RS5,2045,RS52,6,SAB,vivant,0.792988218937121,23,RS52,3c,250,1312,2,30,17.637030799614,2,3E,SAB,302.183767726699
RS5,2055,RS52,6,SAB,vivant,0.674706457945066,26.5,RS52,3c,250,1312,2,30,19.1372979744255,2,3E,SAB,428.491819287126
RS5,2035,RS52,7,BOG,vivant,0.73766396417951,10.573331321091,RS52,3c,250,1312,2,30,12.9494222491286,2,3E,BOG,28.9921110394973
RS5,2045,RS52,7,BOG,vivant,0.39676130975693,11.973331321091,RS52,3c,250,1312,2,30,13.4926792686204,2,3E,BOG,46.8900506071807
RS5,2055,RS52,7,BOG,vivant,0.182857124016044,13.073331321091,RS52,3c,250,1312,2,30,13.8798627496464,2,3E,BOG,62.6307956685424
RS5,2035,RS52,8,BOP,vivant,0.657028514830522,10.6151506980056,RS52,3c,250,1312,2,30,12.9195670598071,2,3E,BOP,30.6820231565149
RS5,2045,RS52,8,BOP,vivant,0.358248243815164,12.9151506980056,RS52,3c,250,1312,2,30,14.0838438789274,2,3E,BOP,63.4875133330235
RS5,2055,RS52,8,BOP,vivant,0.219739920225313,14.9151506980056,RS52,3c,250,1312,2,30,14.9501496104212,2,3E,BOP,98.5451865565038
RS5,2035,RS52,9,,vivant,3.41984348443726,11.4071600454946,RS52,3c,250,1312,2,30,10.1809811058208,2,3E,EPX,35.2988247167752
RS5,2045,RS52,9,,vivant,3.14431980213641,14.3071600454946,RS52,3c,250,1312,2,30,12.0918689159587,2,3E,EPX,77.7766569923337
RS5,2055,RS52,9,,vivant,2.89892565713808,17.0071600454946,RS52,3c,250,1312,2,30,13.6420126268413,2,3E,EPX,130.739127021969
RS5,2035,RS52,10,ERR,vivant,2.35444341470773,11.376109636152,RS52,3c,250,1312,2,30,12.4196465619846,2,3E,ERR,32.4590897937944
RS5,2045,RS52,10,ERR,vivant,2.01538340440666,14.176109636152,RS52,3c,250,1312,2,30,13.601969497379,2,3E,ERR,69.5569045125462
RS5,2055,RS52,10,ERR,vivant,1.7578948994171,16.776109636152,RS52,3c,250,1312,2,30,14.5057539008321,2,3E,ERR,112.977306866075
RS5,2035,RS52,11,,vivant,0.700584303132629,11.4170371515276,RS52,3c,250,1312,2,30,11.4162784434053,2,3E,FEU,33.7935581740941
RS5,2045,RS52,11,,vivant,0.375372822123622,14.0170371515276,RS52,3c,250,1312,2,30,12.3888777510782,2,3E,FEU,67.3059167834983
RS5,2055,RS52,11,,vivant,0.2364772369004,16.4170371515276,RS52,3c,250,1312,2,30,13.1344025175321,2,3E,FEU,105.648688494106
RS5,2035,RS52,12,PEU,vivant,1.03776488563093,11.8366390370062,RS52,3c,250,1312,2,30,13.5029446692907,2,3E,PEU,47.2219633725539
RS5,2045,RS52,12,PEU,vivant,0.728666069547827,15.0366390370062,RS52,3c,250,1312,2,30,15.1412743110731,2,3E,PEU,102.370124555806
RS5,2055,RS52,12,PEU,vivant,0.515340482341246,18.0366390370062,RS52,3c,250,1312,2,30,16.3776020317937,2,3E,PEU,169.866280725182
RS5,2035,RS52,13,,vivant,0.450165267323881,12.2544416322476,RS52,3c,250,1312,2,30,8.50896610567031,2,3E,RES,31.1170836267746
RS5,2045,RS52,13,,vivant,0.428433066423432,15.7544416322476,RS52,3c,250,1312,2,30,10.2172082625214,2,3E,RES,72.9112684186751
RS5,2055,RS52,13,,vivant,0.411032005397785,19.2544416322476,RS52,3c,250,1312,2,30,11.6798891080855,2,3E,RES,131.627661863033
RS5,2035,RS52,14,SAB,vivant,6.79013433957146,11.4378779446119,RS52,3c,250,1312,2,30,11.2340661076372,2,3E,SAB,38.4792876482907
RS5,2045,RS52,14,SAB,vivant,6.11062780763467,14.7378779446119,RS52,3c,250,1312,2,30,13.3596637140919,2,3E,SAB,89.8716964911924
RS5,2055,RS52,14,SAB,vivant,5.38627826284434,17.8378779446119,RS52,3c,250,1312,2,30,15.1109724358974,2,3E,SAB,155.304636280735
RS5,2045,RS52,15,BOG,vivant,0.432103815848825,10.317330598805,RS52,3c,250,1312,2,30,12.8430081579233,2,3E,BOG,25.9664092689855
RS5,2055,RS52,15,BOG,vivant,0.209426929347472,11.417330598805,RS52,3c,250,1312,2,30,13.2842930672488,2,3E,BOG,39.5029555072328
RS5,2045,RS52,16,BOP,vivant,0.514076430614787,10.35188359202,RS52,3c,250,1312,2,30,12.7725516676423,2,3E,BOP,27.414258190312
RS5,2055,RS52,16,BOP,vivant,0.308538741557232,12.25188359202,RS52,3c,250,1312,2,30,13.7684848177728,2,3E,BOP,53.2243377489999
RS5,2045,RS52,17,,vivant,2.30155388604805,11.0062762594643,RS52,3c,250,1312,2,30,9.89340180930049,2,3E,EPX,30.5586107151787
RS5,2055,RS52,17,,vivant,2.06116918931342,13.4062762594643,RS52,3c,250,1312,2,30,11.5281118481671,2,3E,EPX,63.0137150540399
RS5,2045,RS52,18,ERR,vivant,1.97054349724392,10.9806210569602,RS52,3c,250,1312,2,30,12.2310167112725,2,3E,ERR,27.9872663560942
RS5,2055,RS52,18,ERR,vivant,1.6844824724237,13.3806210569602,RS52,3c,250,1312,2,30,13.2908578634493,2,3E,ERR,58.0240617512142
RS5,2045,RS52,19,,vivant,0.60787042298753,11.0144371552719,RS52,3c,250,1312,2,30,11.2468924811812,2,3E,FEU,29.3174539402396
RS5,2055,RS52,19,,vivant,0.351182983128276,13.2144371552719,RS52,3c,250,1312,2,30,12.1091409643251,2,3E,FEU,56.0910705975572
RS5,2045,RS52,20,PEU,vivant,0.761035245397627,11.3611305345528,RS52,3c,250,1312,2,30,13.2247031520165,2,3E,PEU,40.4520355566833
RS5,2055,RS52,20,PEU,vivant,0.51342916866766,14.0611305345528,RS52,3c,250,1312,2,30,14.6811879779638,2,3E,PEU,83.7532524815393
RS5,2045,RS52,21,,vivant,0.36995046657992,11.7063372617612,RS52,3c,250,1312,2,30,8.21464122635696,2,3E,RES,26.0092794154255
RS5,2055,RS52,21,,vivant,0.350245264491027,14.7063372617612,RS52,3c,250,1312,2,30,9.73435410297969,2,3E,RES,58.6823103131765
RS5,2045,RS52,22,SAB,vivant,6.46689741701179,11.0316567275173,RS52,3c,250,1312,2,30,10.9496814966818,2,3E,SAB,33.4042403054209
RS5,2055,RS52,22,SAB,vivant,5.61068386909232,13.8316567275173,RS52,3c,250,1312,2,30,12.8059430092913,2,3E,SAB,73.9191381678
RS5,2055,RS52,23,BOG,vivant,0.221886343258003,10.169880059275,RS52,3c,250,1312,2,30,12.7806181277431,2,3E,BOG,24.2571094522211
RS5,2055,RS52,24,BOP,vivant,0.375866673819482,10.2002477822792,RS52,3c,250,1312,2,30,12.6864337587888,2,3E,BOP,25.575797744159
RS5,2055,RS52,25,,vivant,1.35193258511347,10.7753764010141,RS52,3c,250,1312,2,30,9.7249219934311,2,3E,EPX,27.9495493271768
RS5,2055,RS52,26,ERR,vivant,1.50682486122326,10.7528287138018,RS52,3c,250,1312,2,30,12.119578736488,2,3E,ERR,25.4943876985475
RS5,2055,RS52,27,,vivant,0.460444923672605,10.7825487991276,RS52,3c,250,1312,2,30,11.1467198219556,2,3E,FEU,26.822909592729
RS5,2055,RS52,28,PEU,vivant,0.494654152373074,11.0872485524562,RS52,3c,250,1312,2,30,13.0597541741954,2,3E,PEU,36.7142676971366
RS5,2055,RS52,29,,vivant,0.288732556257786,11.3906417261187,RS52,3c,250,1312,2,30,8.04142392200919,2,3E,RES,23.2358194973775
RS5,2055,RS52,30,SAB,vivant,5.63225031898206,10.7976826312951,RS52,3c,250,1312,2,30,10.783323770334,2,3E,SAB,30.601479303793
RT1,2025,RT12,1,BOJ,vivant,1,15,RT12,3c,250,1312,2,30,13.4154011517153,2,3E,BOJ,86.6897372151626
RT1,2035,RT12,1,BOJ,vivant,0.894771050803922,17.7,RT12,3c,250,1312,2,30,14.2400091035846,2,3E,BOJ,136.403678526937
RT1,2045,RT12,1,BOJ,vivant,0.802730082671602,20.2,RT12,3c,250,1312,2,30,14.884556433144,2,3E,BOJ,191.432812223445
RT1,2055,RT12,1,BOJ,vivant,0.721868653038622,22.5,RT12,3c,250,1312,2,30,15.3956345237794,2,3E,BOJ,249.845009939555
RT1,2025,RT12,2,ERR,vivant,1,15,RT12,3c,250,1312,2,30,14.3991844742245,2,3E,ERR,85.2778895554562
RT1,2035,RT12,2,ERR,vivant,0.887073280445389,17.8,RT12,3c,250,1312,2,30,15.3534225469071,2,3E,ERR,137.305529543256
RT1,2045,RT12,2,ERR,vivant,0.791021804935117,20.4,RT12,3c,250,1312,2,30,16.1001675122062,2,3E,ERR,195.499383606043
RT1,2055,RT12,2,ERR,vivant,0.707689167218053,22.9,RT12,3c,250,1312,2,30,16.7163578950274,2,3E,ERR,260.622116570608
RT1,2025,RT12,3,ERS,vivant,1,15,RT12,3c,250,1312,2,30,12.8606746818205,2,3E,ERS,79.0629952348325
RT1,2035,RT12,3,ERS,vivant,0.600171759307267,17.1,RT12,3c,250,1312,2,30,13.5469706843772,2,3E,ERS,114.337291526413
RT1,2045,RT12,3,ERS,vivant,0.349211652260834,19.3,RT12,3c,250,1312,2,30,14.1635820915822,2,3E,ERS,157.41944812262
RT1,2055,RT12,3,ERS,vivant,0.199340454101963,21.5,RT12,3c,250,1312,2,30,14.6920560948937,2,3E,ERS,206.823710076141
RT1,2025,RT12,4,HEG,vivant,1,15,RT12,3c,250,1312,2,30,13.8326158279789,2,3E,HEG,92.9387146051202
RT1,2035,RT12,4,HEG,vivant,0.836534422028761,18.6,RT12,3c,250,1312,2,30,15.2959209975088,2,3E,HEG,169.948983361421
RT1,2045,RT12,4,HEG,vivant,0.67807042259384,22.3,RT12,3c,250,1312,2,30,16.4946805336492,2,3E,HEG,271.994137760826
RT1,2055,RT12,4,HEG,vivant,0.522406035185213,25.9,RT12,3c,250,1312,2,30,17.4299469420107,2,3E,HEG,393.807048787951
RT1,2025,RT12,5,PRU,vivant,1,15,RT12,3c,250,1312,2,30,10.7279286570199,2,3E,PRU,67.9386154497042
RT1,2035,RT12,5,PRU,vivant,0.982012001272672,19,RT12,3c,250,1312,2,30,12.5170648766256,2,3E,PRU,137.013192193898
RT1,2045,RT12,5,PRU,vivant,0.966144815552449,23,RT12,3c,250,1312,2,30,14.0385705314415,2,3E,PRU,231.011619861534
RT1,2055,RT12,5,PRU,vivant,0.951124781088534,26.9,RT12,3c,250,1312,2,30,15.3213556572917,2,3E,PRU,347.824151474188
RT1,2025,RT12,6,SAB,vivant,1,15,RT12,3c,250,1312,2,30,13.7991936233302,2,3E,SAB,96.7360614217165
RT1,2035,RT12,6,SAB,vivant,0.943652207221466,20,RT12,3c,250,1312,2,30,16.5357950917322,2,3E,SAB,215.138843007291
RT1,2045,RT12,6,SAB,vivant,0.870222453381467,24.7,RT12,3c,250,1312,2,30,18.7236828055261,2,3E,SAB,367.544620762753
RT1,2055,RT12,6,SAB,vivant,0.769470320266442,28.9,RT12,3c,250,1312,2,30,20.4455867257961,2,3E,SAB,536.581825955232
RT1,2035,RT12,7,BOJ,vivant,1.27022242759856,11.559482655308,RT12,3c,250,1312,2,30,12.1080826692622,2,3E,BOJ,37.3764773314975
RT1,2045,RT12,7,BOJ,vivant,1.07757995767753,14.159482655308,RT12,3c,250,1312,2,30,13.1259176053963,2,3E,BOJ,73.2235982167444
RT1,2055,RT12,7,BOJ,vivant,0.928985559180966,16.559482655308,RT12,3c,250,1312,2,30,13.9097802401629,2,3E,BOJ,114.188465964624
RT1,2035,RT12,8,ERR,vivant,2.01703749116787,11.7635850446731,RT12,3c,250,1312,2,30,13.040509680927,2,3E,ERR,38.3177617593402
RT1,2045,RT12,8,ERR,vivant,1.69515331454844,14.3635850446731,RT12,3c,250,1312,2,30,14.156268701797,2,3E,ERR,74.9527626077811
RT1,2055,RT12,8,ERR,vivant,1.45172799492837,16.7635850446731,RT12,3c,250,1312,2,30,15.0203374898989,2,3E,ERR,116.778418397282
RT1,2035,RT12,9,ERS,vivant,0.264602210634861,11.7932612360538,RT12,3c,250,1312,2,30,11.5812299445266,2,3E,ERS,35.9334710818756
RT1,2045,RT12,9,ERS,vivant,0.137678885791782,13.6932612360538,RT12,3c,250,1312,2,30,12.3769006304907,2,3E,ERS,59.9493548842084
RT1,2055,RT12,9,ERS,vivant,0.0695363285730121,15.6932612360538,RT12,3c,250,1312,2,30,13.0989086647856,2,3E,ERS,90.0817436670974
RT1,2035,RT12,10,,vivant,1.58212088450902,11.9892904265426,RT12,3c,250,1312,2,30,12.2906509733764,2,3E,FEU,42.7123898978474
RT1,2045,RT12,10,,vivant,1.0940905070852,15.0892904265426,RT12,3c,250,1312,2,30,13.4451588063346,2,3E,FEU,88.1755895003151
RT1,2055,RT12,10,,vivant,0.766692191200182,17.8892904265426,RT12,3c,250,1312,2,30,14.292476472383,2,3E,FEU,140.264694358832
RT1,2035,RT12,11,HEG,vivant,0.266171538284327,12.3035337888158,RT12,3c,250,1312,2,30,12.4863066077732,2,3E,HEG,49.1650752460038
RT1,2045,RT12,11,HEG,vivant,0.2186570020364,15.6035337888158,RT12,3c,250,1312,2,30,14.102079202153,2,3E,HEG,104.34380718987
RT1,2055,RT12,11,HEG,vivant,0.175859052498524,19.0035337888158,RT12,3c,250,1312,2,30,15.4402249642803,2,3E,HEG,179.941441167943
RT1,2035,RT12,12,PRU,vivant,3.1292903708944,11.9867532406661,RT12,3c,250,1312,2,30,9.15029957792658,2,3E,PRU,31.2538752422654
RT1,2045,RT12,12,PRU,vivant,3.05259421129673,15.4867532406661,RT12,3c,250,1312,2,30,10.9625887182737,2,3E,PRU,75.0678479759752
RT1,2055,RT12,12,PRU,vivant,2.98812384120681,18.8867532406661,RT12,3c,250,1312,2,30,12.4704320282087,2,3E,PRU,134.721886847016
RT1,2035,RT12,13,,vivant,0.920541081863269,11.4197633119664,RT12,3c,250,1312,2,30,8.8265610493897,2,3E,RES,25.7282087725897
RT1,2045,RT12,13,,vivant,0.875624024676036,14.2197633119664,RT12,3c,250,1312,2,30,10.3407652557504,2,3E,RES,57.2232123021107
RT1,2055,RT12,13,,vivant,0.838840052590858,16.8197633119664,RT12,3c,250,1312,2,30,11.5799177550687,2,3E,RES,96.3755876875318
RT1,2035,RT12,14,SAB,vivant,4.82884586122115,11.7664959775465,RT12,3c,250,1312,2,30,11.7181830500843,2,3E,SAB,43.7440262707228
RT1,2045,RT12,14,SAB,vivant,4.54570301007282,15.8664959775465,RT12,3c,250,1312,2,30,14.3106071372598,2,3E,SAB,114.038380433167
RT1,2055,RT12,14,SAB,vivant,4.24323369923942,19.5664959775465,RT12,3c,250,1312,2,30,16.3172326640503,2,3E,SAB,203.085635548486
RT1,2045,RT12,15,BOJ,vivant,1.04349242055407,10.7362564254754,RT12,3c,250,1312,2,30,11.7401951963368,2,3E,BOJ,27.7845790154457
RT1,2055,RT12,15,BOJ,vivant,0.853000098722574,13.1362564254754,RT12,3c,250,1312,2,30,12.7489921629074,2,3E,BOJ,58.0842489065956
RT1,2045,RT12,16,ERR,vivant,1.68973234577843,10.9648156466494,RT12,3c,250,1312,2,30,12.6512238587952,2,3E,ERR,28.7859128526202
RT1,2055,RT12,16,ERR,vivant,1.3653943109715,13.3648156466494,RT12,3c,250,1312,2,30,13.7525306063074,2,3E,ERR,59.83956165967
RT1,2045,RT12,17,ERS,vivant,0.240282772816393,10.9990127373227,RT12,3c,250,1312,2,30,11.2112589163187,2,3E,ERS,27.1797204547241
RT1,2055,RT12,17,ERS,vivant,0.109466419253758,12.8990127373227,RT12,3c,250,1312,2,30,12.0585704747314,2,3E,ERS,49.3736697299896
RT1,2045,RT12,18,,vivant,2.13314844953255,11.2309413864806,RT12,3c,250,1312,2,30,11.9642270931237,2,3E,FEU,33.450457233
RT1,2055,RT12,18,,vivant,1.36336434087203,13.9309413864806,RT12,3c,250,1312,2,30,13.0441555690627,2,3E,FEU,69.7236465188936
RT1,2045,RT12,19,HEG,vivant,0.272146385636753,11.6241204404249,RT12,3c,250,1312,2,30,12.1054649279688,2,3E,HEG,39.9358198179944
RT1,2055,RT12,19,HEG,vivant,0.216517372079753,14.8241204404249,RT12,3c,250,1312,2,30,13.7520609048675,2,3E,HEG,89.7273892202313
RT1,2045,RT12,20,PRU,vivant,2.93932546926873,11.2278732238142,RT12,3c,250,1312,2,30,8.71485507440878,2,3E,PRU,23.9527522084742
RT1,2055,RT12,20,PRU,vivant,2.85086125613181,14.2278732238142,RT12,3c,250,1312,2,30,10.3448616105386,2,3E,PRU,57.3301255228655
RT1,2045,RT12,21,,vivant,1.1955132355791,10.5865958463157,RT12,3c,250,1312,2,30,8.33336245000129,2,3E,RES,18.3602974921364
RT1,2055,RT12,21,,vivant,1.12394670802444,12.8865958463157,RT12,3c,250,1312,2,30,9.6455809967434,2,3E,RES,40.898525222384
RT1,2045,RT12,22,SAB,vivant,4.75487820809327,10.9681593000904,RT12,3c,250,1312,2,30,11.155739178341,2,3E,SAB,33.3861813129921
RT1,2055,RT12,22,SAB,vivant,4.4374676249795,14.3681593000904,RT12,3c,250,1312,2,30,13.414889158649,2,3E,SAB,84.9567821252554
RT1,2055,RT12,23,BOJ,vivant,0.764819172534293,10.3505951611942,RT12,3c,250,1312,2,30,11.5589965696565,2,3E,BOJ,23.5685375109558
RT1,2055,RT12,24,ERR,vivant,1.26835214779861,10.5740695216593,RT12,3c,250,1312,2,30,12.4515016250785,2,3E,ERR,24.4048550535972
RT1,2055,RT12,25,ERS,vivant,0.215210025985448,10.608139037049,RT12,3c,250,1312,2,30,11.0200962719055,2,3E,ERS,23.1413673889772
RT1,2055,RT12,26,,vivant,1.40227260972574,10.8432775588756,RT12,3c,250,1312,2,30,11.7894440150123,2,3E,FEU,28.9855835029316
RT1,2055,RT12,27,HEG,vivant,0.276876785825134,11.2569217055209,RT12,3c,250,1312,2,30,11.8917465467367,2,3E,HEG,35.2396182826309
RT1,2055,RT12,28,PRU,vivant,2.59734634591944,10.8401220569986,RT12,3c,250,1312,2,30,8.48571507881662,2,3E,PRU,20.5090087452172
RT1,2055,RT12,29,,vivant,0.692531743190858,10.2084986217267,RT12,3c,250,1312,2,30,8.10231786406011,2,3E,RES,15.3048670419329
RT1,2055,RT12,30,SAB,vivant,4.28302462620927,10.5773936595142,RT12,3c,250,1312,2,30,10.8723581199069,2,3E,SAB,28.6953449530478
