num_trt;estimate
0;0.221360879
0;-0.046907116
0;0.053103741
0;-0.046116757
0;0.040131797
0;0.088066082
0;-0.046415135
0;0.040537804
0;0.040822344
0;0.083763764
0;-0.045995994
0;0.040018119
0;0.040629729
0;0.04094598
0;0.065249529
0;-0.051676999
0;0.040744712
0;0.040474015
0;0.040534672
0;0.040458882
0;0.048651646
0;-0.051555144
0;0.041580605
0;0.040325163
0;0.04042855
0;0.040252689
0;0.040917757
0;0.613103299
0;-0.053324759
0;0.04071571
0;0.040510955
0;0.040531652
0;0.040492305
0;0.040953359
0;0.04099073
0;0.099907979
0;-0.044538342
0;0.04408517
0;0.040237483
0;0.041178648
0;0.040141207
0;0.040714741
0;0.041910202
0;0.040586647
0;0.480593783
0;-0.037227234
0;0.04428392
0;0.039695138
0;0.040400338
0;0.039515089
0;0.040280336
0;0.041725114
0;0.040094826
0;0.046651065
0;0.433923997
0;-0.035406164
0;0.039620358
0;0.039552296
0;0.039025247
0;0.039461729
0;0.039761572
0;0.03979562
0;0.039771483
0;0.039038248
0;0.039609687
0;0.172159061
0;-0.046571819
0;0.040039918
0;0.040702439
0;0.041080658
0;0.040805678
0;0.04049722
0;0.04027348
0;0.040530498
0;0.040217874
0;0.039511665
0;0.039357131
0;0.052739039
0;-0.000786567
0;-0.000684019
0;0.000120282
0;0.000131493
0;0.000153451
0;1.86957E-05
0;-0.00013524
0;3.38502E-05
0;-0.000511114
0;-0.000685252
0;-7.89514E-05
0;0.000169692
0;9.74292E-05
0;-0.000529918
0;-0.000121758
0;-0.002432033
0;0.000176796
0;0.000134406
0;2.4117E-05
0;-4.96297E-05
0;2.61496E-05
0;-0.00011228
0;-0.000244933
0;-0.000129379
0;0.000153274
0;4.51177E-05
0;0.000606393
0;-0.000768433
0;-0.000160776
0;7.78421E-05
0;-0.002464242
0;9.53621E-05
0;3.40787E-05
0;-4.2607E-05
0;4.42261E-05
0;-0.000228744
0;-0.000335748
0;-5.97459E-05
0;0.00010593
0;4.29975E-05
0;2.51111E-05
0;0.000284515
0;-0.000562543
0;-0.000142592
0;9.09661E-05
0;0.000133685
0;-0.000894089
0;2.37581E-05
0;-5.1087E-05
0;2.88843E-05
0;-0.000168444
0;-0.000285532
0;-9.43194E-05
0;0.00012783
0;4.36476E-05
0;3.00806E-05
0;2.39158E-05
0;0.000222257
0;-0.000583983
0;-0.000215075
0;0.000103462
0;0.000141514
0;0.00013043
0;-0.000284847
0;-8.24994E-05
0;2.64749E-05
0;-0.000273401
0;-0.000411771
0;-9.61584E-05
0;0.000146483
0;5.6901E-05
0;3.62725E-05
0;3.05206E-05
0;3.32135E-05
0;6.73634E-05
0;-0.000556684
0;-0.000313315
0;0.000110504
0;0.000133531
0;0.00014186
0;9.10702E-06
0;-0.017526355
0;1.9761E-05
0;-0.000422919
0;-0.000579115
0;-8.4303E-05
0;0.000157906
0;7.22658E-05
0;4.18585E-05
0;3.78787E-05
0;3.96249E-05
0;5.11659E-05
0;0.001025799
0;-0.000563663
0;-0.000197764
0;0.000103214
0;0.000146184
0;0.000129875
0;1.93739E-05
0;-7.6677E-05
0;-0.002390827
0;-0.000244012
0;-0.000380064
0;-0.00010089
0;0.000146261
0;5.44233E-05
0;3.57705E-05
0;2.9334E-05
0;3.24007E-05
0;4.05801E-05
0;4.91625E-05
0;0.000255946
0;-0.00024759
0;-0.000432726
0;9.88688E-05
0;9.3186E-05
0;0.000132646
0;-2.00615E-05
0;-0.000187708
0;-7.30056E-06
0;-0.021003779
0;-0.000761295
0;-4.68981E-05
0;0.000145594
0;8.54775E-05
0;4.39701E-05
0;4.33094E-05
0;4.34187E-05
0;5.78603E-05
0;7.51933E-05
0;5.50361E-05
0;0.001388558
0;-0.00067767
0;-0.000424143
0;0.000120529
0;0.000122082
0;0.000156106
0;6.96309E-06
0;-0.000165713
0;2.32294E-05
0;-0.000600587
0;-0.012592532
0;-6.84762E-05
0;0.00017189
0;9.02866E-05
0;4.78378E-05
0;4.67415E-05
0;4.68861E-05
0;6.17688E-05
0;7.9344E-05
0;5.88916E-05
0;9.51946E-05
0;0.000565191
0;-0.001043275
0;-0.000208337
0;0.000134408
0;0.000188479
0;0.000165374
0;4.79595E-05
0;-6.22674E-05
0;5.84163E-05
0;-0.000261005
0;-0.000435696
0;-0.003833977
0;0.000186107
0;6.43801E-05
0;4.29875E-05
0;3.55291E-05
0;3.8911E-05
0;4.83107E-05
0;5.79595E-05
0;4.699E-05
0;6.37409E-05
0;6.91794E-05
0;0.00036222
0;-0.001450918
0;-5.87673E-05
0;0.000219428
0;0.000388682
0;0.000265379
0;8.77436E-05
0;-3.69002E-06
0;8.87887E-05
0;5.0386E-05
0;-0.000202133
0;-0.000295553
0;0.000899256
0;6.59478E-05
0;6.28054E-05
0;3.94566E-05
0;5.10421E-05
0;5.85486E-05
0;6.30195E-05
0;5.87633E-05
0;5.90628E-05
0;6.73068E-05
0;7.24662E-05
0;0.000369605
0;-0.002241934
0;0.001484759
0;0.001775476
0;0.001823289
0;0.001802278
0;0.001691299
0;0.00159843
0;0.001697038
0;0.001447785
0;0.001310931
0;0.001563468
0;0.00181925
0;5.32411E-05
0;3.59461E-05
0;2.88538E-05
0;3.22649E-05
0;4.01584E-05
0;4.82791E-05
0;3.91075E-05
0;5.35219E-05
0;5.7431E-05
0;4.66936E-05
0;5.99821E-05
0;0.000189772
0;-5.95651E-05
0;-1.07976E-05
0;2.68721E-05
0;5.20739E-05
0;3.35708E-05
0;3.38611E-06
0;-8.7297E-06
0;2.0102E-06
0;9.19447E-06
0;-2.1038E-05
0;-3.99067E-05
0;3.89287E-05
0;8.45546E-06
0;8.5772E-06
0;4.87285E-06
0;6.78823E-06
0;7.76698E-06
0;8.30604E-06
0;7.84205E-06
0;7.82982E-06
0;8.66597E-06
0;9.40812E-06
0;1.67375E-05
0;8.03177E-06
0;2.39099E-06
0;6.82271E-05
0;1.86006E-05
0;-2.88084E-05
0;-5.38917E-05
0;-3.61208E-05
0;-3.27915E-06
0;1.19164E-05
0;-2.17707E-06
0;1.89516E-06
0;3.51042E-05
0;4.0845E-05
0;-4.17258E-05
0;-1.00404E-05
0;-9.39192E-06
0;-5.68391E-06
0;-7.59501E-06
0;-8.83937E-06
0;-9.69651E-06
0;-8.86191E-06
0;-9.51783E-06
0;-1.04272E-05
0;-1.0598E-05
0;-1.78445E-05
0;-9.02378E-06
0;-2.53457E-06
0;2.7093E-06
0;-0.026901869
0;0.001073347
0;0.000760804
0;0.000670064
0;0.000707214
0;0.001720028
0;0.001764137
0;0.001975054
0;0.000607378
0;-0.000330445
0;-0.000490922
0;0.000765091
0;7.40468E-05
0;3.4183E-05
0;8.98972E-05
0;4.86881E-05
0;4.68807E-05
0;4.01646E-05
0;4.33803E-05
0;-3.42153E-06
0;5.67207E-05
0;0.000107122
0;0.000128864
0;4.35276E-05
0;-3.78003E-06
0;3.22372E-06
0;0.004059802
1;0.018023155
1;-0.004981995
1;0.005667302
1;-0.004775909
1;0.004549725
1;0.007120704
1;-0.004831983
1;0.004550264
1;0.004558851
1;0.007359798
1;-0.004790311
1;0.004549057
1;0.004559626
1;0.00455749
1;0.006228833
1;-0.005006762
1;0.004551626
1;0.004542499
1;0.004545053
1;0.004543458
1;0.005006573
1;-0.004559942
1;0.004534221
1;0.004522044
1;0.004524877
1;0.004523386
1;0.004539343
1;0.009633376
1;-0.005056134
1;0.004555026
1;0.004549382
1;0.004550339
1;0.004548601
1;0.004554377
1;0.004535803
1;0.00705095
1;-0.004170098
1;0.004526346
1;0.004536144
1;0.004532923
1;0.004534118
1;0.004523202
1;0.004532496
1;0.004524159
1;0.014917539
1;-0.004554329
1;0.004536455
1;0.00453223
1;0.004532909
1;0.004532191
1;0.004537902
1;0.004540705
1;0.004537186
1;0.004535443
1;0.032677731
1;-0.004557411
1;0.004535371
1;0.004528299
1;0.004530203
1;0.004529482
1;0.004538547
1;0.004543096
1;0.004536195
1;0.004533813
1;0.004538831
1;0.024767642
1;-0.005014145
1;0.004560607
1;0.004601752
1;0.004600154
1;0.004609139
1;0.004547691
1;0.004487765
1;0.004553641
1;0.004529397
1;0.004515558
1;0.004513247
1;0.007436924
1;0.000165695
1;-8.16959E-05
1;-2.59083E-05
1;-1.40002E-05
1;-9.09652E-06
1;-1.89545E-06
1;6.87465E-06
1;-1.98807E-05
1;-1.11242E-05
1;-3.41158E-06
1;8.42621E-06
1;0.000102443
1;0.000192145
1;0.000134023
1;-1.35873E-05
1;-0.00013363
1;-9.63873E-06
1;-4.62346E-06
1;-1.40787E-06
1;3.68576E-06
1;-1.76615E-05
1;-1.04338E-05
1;-4.2846E-06
1;6.4806E-06
1;0.000112641
1;0.000175312
1;0.000207681
1;0.000135848
1;-1.32852E-05
1;-1.88964E-05
1;-4.96187E-05
1;-3.21072E-06
1;-1.66313E-06
1;2.50047E-06
1;-1.75152E-05
1;-9.97822E-06
1;-4.68841E-06
1;5.80691E-06
1;0.000117563
1;0.000174262
1;0.000166695
1;0.00020167
1;0.00013314
1;-1.31257E-05
1;-1.84658E-05
1;-7.97777E-06
1;-7.02141E-06
1;-1.61072E-06
1;2.19611E-06
1;-1.73907E-05
1;-9.98509E-06
1;-4.80662E-06
1;5.64948E-06
1;0.000119376
1;0.000174475
1;0.000166986
1;0.000166442
1;0.000186908
1;0.000149829
1;-1.44805E-05
1;-2.20255E-05
1;-1.08745E-05
1;-5.81481E-06
1;-2.22401E-05
1;4.42661E-06
1;-1.86121E-05
1;-1.04851E-05
1;-4.13728E-06
1;6.96846E-06
1;0.000111128
1;0.000179107
1;0.000170815
1;0.00017003
1;0.000170304
1;0.00017893
1;0.0001586
1;-1.46707E-05
1;-2.15306E-05
1;-1.04672E-05
1;-5.26759E-06
1;-2.16202E-06
1;-0.000147887
1;-1.89547E-05
1;-1.01703E-05
1;-4.38917E-06
1;6.67709E-06
1;0.000114411
1;0.000180261
1;0.000172057
1;0.00017133
1;0.000171622
1;0.000175598
1;0.000218388
1;0.000139169
1;-1.37003E-05
1;-1.99113E-05
1;-9.07651E-06
1;-3.87843E-06
1;-1.64554E-06
1;3.02838E-06
1;-9.90067E-05
1;-1.0298E-05
1;-4.60844E-06
1;6.18418E-06
1;0.00011758
1;0.000177818
1;0.000169969
1;0.000169332
1;0.000169646
1;0.000173399
1;0.0001747
1;0.000200537
1;0.000141109
1;-1.43606E-05
1;-2.25868E-05
1;-1.1252E-05
1;-6.27238E-06
1;-1.39884E-06
1;4.95248E-06
1;-1.83867E-05
1;-0.000582174
1;-3.96021E-06
1;7.27812E-06
1;0.000109473
1;0.000179707
1;0.000171273
1;0.000170432
1;0.000170695
1;0.000174849
1;0.000176059
1;0.00017383
1;0.000278883
1;0.000184268
1;-1.68511E-05
1;-2.74549E-05
1;-1.52931E-05
1;-1.03603E-05
1;-2.3843E-06
1;7.61737E-06
1;-2.0885E-05
1;-1.10443E-05
1;-0.001387622
1;8.89315E-06
1;0.00010019
1;0.000187548
1;0.000178012
1;0.00017688
1;0.000177073
1;0.000181923
1;0.000183069
1;0.000180518
1;0.000182551
1;0.000297774
1;0.000148379
1;-1.51282E-05
1;-2.47821E-05
1;-1.29848E-05
1;-8.08455E-06
1;-1.39296E-06
1;6.33623E-06
1;-1.90698E-05
1;-1.13568E-05
1;-3.56356E-06
1;-0.001136059
1;0.000105
1;0.000183189
1;0.000174241
1;0.00017325
1;0.000173479
1;0.000177964
1;0.00017913
1;0.000176761
1;0.000178547
1;0.000186172
1;0.000306167
1;0.00010194
1;-1.13835E-05
1;-1.60473E-05
1;-6.24205E-06
1;-1.32733E-06
1;-8.08914E-07
1;1.42128E-06
1;-1.53594E-05
1;-9.81627E-06
1;-4.73431E-06
1;4.97029E-06
1;0.000201926
1;0.000163552
1;0.000156754
1;0.000156311
1;0.000156647
1;0.000159804
1;0.000161064
1;0.00015929
1;0.000160156
1;0.000165919
1;0.00016268
1;0.000195689
1;-4.47694E-05
1;0.000178054
1;0.000170649
1;0.000181746
1;0.000186807
1;0.000190654
1;0.000196673
1;0.000173923
1;0.000181932
1;0.000188222
1;0.000199271
1;0.000303965
1;0.000178573
1;0.000170346
1;0.000169578
1;0.000169856
1;0.00017387
1;0.000175112
1;0.000172932
1;0.000174353
1;0.00018137
1;0.000177442
1;0.000159395
1;0.00021909
1;1.11455E-05
1;-3.506E-09
1;-3.41785E-07
1;3.16908E-07
1;8.64503E-07
1;-2.76385E-07
1;-7.09337E-07
1;-1.30677E-06
1;-5.44975E-07
1;-7.12418E-07
1;-2.8423E-08
1;1.39271E-05
1;1.38679E-05
1;1.36385E-05
1;1.36869E-05
1;1.37392E-05
1;1.38548E-05
1;1.40094E-05
1;1.39123E-05
1;1.38468E-05
1;1.41621E-05
1;1.39685E-05
1;1.2959E-05
1;1.38296E-05
1;1.20564E-06
1;1.21031E-05
1;-9.23826E-07
1;-1.25388E-06
1;1.21723E-07
1;6.60246E-07
1;-2.81386E-07
1;-5.56097E-07
1;-1.38665E-06
1;-5.87929E-07
1;-6.67823E-07
1;6.3551E-08
1;1.3406E-05
1;1.437E-05
1;1.26938E-05
1;1.39773E-05
1;1.40257E-05
1;1.41778E-05
1;1.43274E-05
1;1.42147E-05
1;1.41769E-05
1;1.45409E-05
1;1.43219E-05
1;1.32177E-05
1;1.41497E-05
1;1.21418E-06
1;1.29442E-06
1;1.22441E-05
1;-9.4636E-07
1;-6.68728E-07
1;-4.26074E-06
1;5.85531E-07
1;-2.76814E-07
1;-4.9751E-07
1;-1.40263E-06
1;-6.04047E-07
1;-6.47924E-07
1;9.6634E-08
1;1.31503E-05
1;1.44218E-05
1;1.39795E-05
1;1.27441E-05
1;1.40519E-05
1;1.42162E-05
1;1.4363E-05
1;1.42455E-05
1;1.42179E-05
1;1.45971E-05
1;1.43704E-05
1;1.32385E-05
1;1.41873E-05
1;1.21169E-06
1;1.22673E-06
1;1.30531E-06
1;1.26405E-05
1;-9.56786E-07
1;-6.7241E-07
1;4.4684E-08
1;-2.71778E-06
1;-2.91442E-07
1;-4.97147E-07
1;-1.41368E-06
1;-5.88863E-07
1;-6.4605E-07
1;9.4949E-08
1;1.30817E-05
1;1.43639E-05
1;1.39228E-05
1;1.39484E-05
1;1.33205E-05
1;1.41589E-05
1;1.43054E-05
1;1.41879E-05
1;1.41602E-05
1;1.4539E-05
1;1.43123E-05
1;1.31841E-05
1;1.41301E-05
1;1.20686E-06
1;1.22184E-06
1;1.22051E-06
1;1.26358E-06
1;1.17334E-05
1;-8.82754E-07
1;-4.67564E-07
1;2.14704E-07
1;7.57281E-07
1;-1.81803E-07
1;-6.30659E-07
1;-1.35003E-06
1;-5.62865E-07
1;-6.88905E-07
1;1.8183E-08
1;1.36386E-05
1;1.41731E-05
1;1.37766E-05
1;1.38165E-05
1;1.38667E-05
1;1.38859E-05
1;1.41527E-05
1;1.40477E-05
1;1.39964E-05
1;1.43363E-05
1;1.41298E-05
1;1.30732E-05
1;1.39741E-05
1;1.20686E-06
1;1.21979E-06
1;1.21774E-06
1;1.21289E-06
1;1.21603E-06
1;1.14159E-05
1;-8.6872E-07
1;-4.52992E-07
1;2.26485E-07
1;7.66986E-07
1;-2.72944E-07
1;-1.23107E-06
1;-1.33356E-06
1;-5.66362E-07
1;-6.88106E-07
1;1.5207E-08
1;1.36249E-05
1;1.41143E-05
1;1.37215E-05
1;1.37619E-05
1;1.38122E-05
1;1.39442E-05
1;1.31083E-05
1;1.39919E-05
1;1.39397E-05
1;1.42761E-05
1;1.40718E-05
1;1.30226E-05
1;1.39178E-05
1;1.2026E-06
1;1.21538E-06
1;1.2133E-06
1;1.20846E-06
1;1.20751E-06
1;1.23761E-06
1;1.24472E-05
1;-9.33708E-07
1;-5.98153E-07
1;1.05022E-07
1;6.40701E-07
1;-2.93287E-07
1;-5.47216E-07
1;-2.95155E-06
1;-5.74821E-07
1;-6.62062E-07
1;6.5944E-08
1;1.32802E-05
1;1.42892E-05
1;1.38646E-05
1;1.38956E-05
1;1.39435E-05
1;1.40964E-05
1;1.4245E-05
1;1.32305E-05
1;1.40954E-05
1;1.446E-05
1;1.42405E-05
1;1.31391E-05
1;1.40683E-05
1;1.20656E-06
1;1.22078E-06
1;1.21918E-06
1;1.21434E-06
1;1.2122E-06
1;1.2078E-06
1;1.26095E-06
1;1.18699E-05
1;-8.84286E-07
1;-4.55798E-07
1;2.23529E-07
1;7.68009E-07
1;-2.89006E-07
1;-6.41665E-07
1;-1.3538E-06
1;5.15519E-06
1;-6.92964E-07
1;1.2044E-08
1;1.36847E-05
1;1.4172E-05
1;1.37781E-05
1;1.38191E-05
1;1.38697E-05
1;1.40018E-05
1;1.41544E-05
1;1.40499E-05
1;1.14271E-05
1;1.43347E-05
1;1.4129E-05
1;1.30764E-05
1;1.39753E-05
1;1.20797E-06
1;1.22076E-06
1;1.21865E-06
1;1.2138E-06
1;1.21288E-06
1;1.20854E-06
1;1.21316E-06
1;1.30162E-06
1;1.07397E-05
1;-8.10726E-07
1;-2.94262E-07
1;3.55837E-07
1;9.03649E-07
1;-2.67396E-07
1;-7.35107E-07
1;-1.28243E-06
1;-5.42746E-07
1;1.45201E-05
1;-4.4286E-08
1;1.40092E-05
1;1.39219E-05
1;1.35648E-05
1;1.3616E-05
1;1.3669E-05
1;1.37776E-05
1;1.39328E-05
1;1.38389E-05
1;1.37686E-05
1;1.25481E-05
1;1.38859E-05
1;1.28952E-05
1;1.3753E-05
1;1.19877E-06
1;1.20992E-06
1;1.20729E-06
1;1.20246E-06
1;1.20285E-06
1;1.19863E-06
1;1.2023E-06
1;1.20397E-06
1;1.22045E-06
1;1.15093E-05
1;-8.51663E-07
1;-3.6732E-07
1;2.94311E-07
1;8.42013E-07
1;-2.86682E-07
1;-6.9695E-07
1;-1.32437E-06
1;-5.40864E-07
1;-7.09033E-07
1;1.48509E-05
1;1.38731E-05
1;1.40404E-05
1;1.36669E-05
1;1.3714E-05
1;1.37659E-05
1;1.38848E-05
1;1.40392E-05
1;1.39404E-05
1;1.38773E-05
1;1.41976E-05
1;1.16025E-05
1;1.29827E-05
1;1.38593E-05
1;1.20374E-06
1;1.2156E-06
1;1.21319E-06
1;1.20836E-06
1;1.20818E-06
1;1.2039E-06
1;1.20799E-06
1;1.20927E-06
1;1.19992E-06
1;1.26023E-06
1;1.33085E-05
1;-1.02229E-06
1;-1.16349E-06
1;-4.57939E-07
1;-4.3819E-08
1;-2.71836E-07
1;-2.9996E-08
1;-1.37708E-06
1;-5.71422E-07
1;-4.19508E-07
1;3.03577E-07
1;-7.35338E-06
1;1.26581E-05
1;1.21564E-05
1;1.21365E-05
1;1.21651E-05
1;1.23901E-05
1;1.24978E-05
1;1.23625E-05
1;1.2408E-05
1;1.284E-05
1;1.25902E-05
1;1.3728E-05
1;1.23593E-05
1;1.01681E-06
1;1.03543E-06
1;1.03641E-06
1;1.03235E-06
1;1.02496E-06
1;1.02096E-06
1;1.02937E-06
1;1.02539E-06
1;1.012E-06
1;1.01863E-06
1;1.39651E-06
1;1.25786E-05
1;-1.51218E-06
1;-1.10255E-06
1;-4.1827E-07
1;1.24449E-07
1;-9.07772E-07
1;-1.2417E-06
1;-1.98E-06
1;-1.17934E-06
1;-1.30567E-06
1;-5.95981E-07
1;1.29881E-05
1;1.4197E-05
1;1.37969E-05
1;1.3836E-05
1;1.3886E-05
1;1.40223E-05
1;1.41741E-05
1;1.40679E-05
1;1.40181E-05
1;1.43613E-05
1;1.41529E-05
1;1.30905E-05
1;1.2794E-05
1;1.20783E-06
1;1.22091E-06
1;1.2189E-06
1;1.21405E-06
1;1.21288E-06
1;1.20854E-06
1;1.21332E-06
1;1.21391E-06
1;1.20378E-06
1;1.20916E-06
1;1.02629E-06
1;1.25874E-06
1;-0.00023386
1;2.00342E-05
1;3.42124E-05
1;2.07849E-05
1;1.5934E-05
1;3.36532E-06
1;-1.14214E-05
1;2.40308E-05
1;1.15969E-05
1;2.22619E-06
1;-1.12226E-05
1;-8.79757E-05
1;-0.00019924
1;-0.00018814
1;-0.00018659
1;-0.000186687
1;-0.000192525
1;-0.000193577
1;-0.000190578
1;-0.000193316
1;-0.000202854
1;-0.000197568
1;-0.000174648
1;-0.000191891
1;-1.46566E-05
1;-1.51046E-05
1;-1.51823E-05
1;-1.5123E-05
1;-1.48657E-05
1;-1.48005E-05
1;-1.50239E-05
1;-1.48611E-05
1;-1.45549E-05
1;-1.46989E-05
1;-1.34911E-05
1;-1.48951E-05
1;0.000216939
1;-1.02293E-05
1;7.74156E-07
1;2.09918E-07
1;-4.23582E-07
1;-9.72929E-07
1;2.59159E-07
1;7.84201E-07
1;1.24711E-06
1;5.32433E-07
1;7.32393E-07
1;7.4328E-08
1;-1.41641E-05
1;-1.37763E-05
1;-1.34389E-05
1;-1.34955E-05
1;-1.35497E-05
1;-1.36458E-05
1;-1.38024E-05
1;-1.3714E-05
1;-1.36347E-05
1;-1.39231E-05
1;-1.3744E-05
1;-1.27868E-05
1;-1.36222E-05
1;-1.19277E-06
1;-1.20305E-06
1;-1.20014E-06
1;-1.19533E-06
1;-1.19641E-06
1;-1.19225E-06
1;-1.19543E-06
1;-1.19757E-06
1;-1.18927E-06
1;-1.19383E-06
1;-1.00398E-06
1;-1.19729E-06
1;1.43794E-05
1;1.18375E-06
1;-0.002009122
1;6.23331E-05
1;2.07844E-05
1;3.2998E-05
1;2.63076E-05
1;7.19251E-05
1;1.31057E-05
1;7.40708E-05
1;-5.95948E-05
1;5.18684E-06
1;9.13529E-06
1;4.78332E-05
1;6.21473E-06
1;7.21269E-06
1;5.88144E-06
1;6.08112E-06
1;5.9504E-06
1;4.35687E-06
1;6.28655E-06
1;7.7411E-06
1;4.4377E-06
1;8.20527E-06
1;8.62486E-06
1;6.089E-06
1;-2.61988E-07
1;-2.36469E-07
1;-2.05218E-07
1;-2.72195E-07
1;-2.66055E-07
1;-2.29258E-07
1;-2.92262E-07
1;-2.95073E-07
1;-2.33013E-07
1;-3.02082E-07
1;-2.49621E-07
1;-2.90566E-07
1;-1.58632E-06
1;2.1482E-07
1;0.000311038
2;0.052335589
2;-0.025223463
2;0.031022532
2;-0.024302008
2;0.02447364
2;0.068454142
2;-0.024718176
2;0.024484771
2;0.024476838
2;0.047665406
2;-0.024582827
2;0.024481151
2;0.024477695
2;0.024479256
2;0.04389018
2;-0.025706672
2;0.024511211
2;0.024470581
2;0.024488931
2;0.024482963
2;0.027676914
2;-0.025104728
2;0.02449511
2;0.024474391
2;0.024483749
2;0.024480705
2;0.024505975
2;0.066682732
2;-0.025916887
2;0.024516833
2;0.02446925
2;0.024490741
2;0.024483751
2;0.024541786
2;0.024510702
2;0.045115778
2;-0.023861204
2;0.024461849
2;0.024482263
2;0.024473043
2;0.024476042
2;0.024451144
2;0.02446448
2;0.024446487
2;0.179062243
2;-0.024059195
2;0.024467145
2;0.02448101
2;0.024474748
2;0.024476784
2;0.024459874
2;0.024468932
2;0.024456711
2;0.024487643
2;0.075443175
2;-0.02527569
2;0.024499683
2;0.024473309
2;0.024485221
2;0.024481347
2;0.024513513
2;0.024496284
2;0.02451953
2;0.024460692
2;0.024466359
2;0.126458081
2;-0.024892389
2;0.024489431
2;0.024475735
2;0.024481921
2;0.024479909
2;0.024496612
2;0.024487666
2;0.024499737
2;0.024469184
2;0.024472127
2;0.024490207
2;0.038216873
2;-5.88551E-05
2;0.002014189
2;-3.72579E-07
2;5.06676E-07
2;2.2072E-07
2;2.59511E-06
2;1.32336E-06
2;3.03924E-06
2;-1.30388E-06
2;-8.85579E-07
2;1.68456E-06
2;8.74742E-07
2;0.002852142
2;-0.000193725
2;5.18163E-06
2;0.013607662
2;1.66776E-06
2;7.26513E-07
2;8.54197E-06
2;4.35592E-06
2;1.00038E-05
2;-4.29181E-06
2;-2.91494E-06
2;5.54483E-06
2;2.87927E-06
2;4.09291E-07
2;0.010334626
2;3.42154E-05
2;-9.15172E-07
2;2.16599E-07
2;0.007129789
2;-1.28316E-07
2;-1.50867E-06
2;-7.69336E-07
2;-1.76686E-06
2;7.58013E-07
2;5.14832E-07
2;-9.79319E-07
2;-5.08532E-07
2;-7.2288E-08
2;-2.37941E-07
2;0.006265471
2;-6.53718E-05
2;1.74852E-06
2;-4.13832E-07
2;5.62777E-07
2;0.00633164
2;2.88245E-06
2;1.46989E-06
2;3.37576E-06
2;-1.44826E-06
2;-9.83635E-07
2;1.87108E-06
2;9.71598E-07
2;1.38114E-07
2;4.54609E-07
2;-8.0292E-08
2;0.005341097
2;-4.9042E-05
2;1.31174E-06
2;-3.10458E-07
2;4.22197E-07
2;1.83919E-07
2;0.000962987
2;1.10271E-06
2;2.5325E-06
2;-1.08648E-06
2;-7.37925E-07
2;1.40369E-06
2;7.28895E-07
2;1.03613E-07
2;3.41049E-07
2;-6.0236E-08
2;1.15086E-07
2;0.000965441
2;-9.02733E-05
2;2.41457E-06
2;-5.71469E-07
2;7.77151E-07
2;3.38545E-07
2;3.98044E-06
2;0.012204579
2;4.66166E-06
2;-1.99993E-06
2;-1.35832E-06
2;2.58381E-06
2;1.3417E-06
2;1.90724E-07
2;6.27779E-07
2;-1.10877E-07
2;2.11842E-07
2;1.58924E-07
2;0.011027754
2;-2.80103E-05
2;7.492E-07
2;-1.77317E-07
2;2.41137E-07
2;1.05045E-07
2;1.23506E-06
2;6.29812E-07
2;0.006493588
2;-6.20543E-07
2;-4.21464E-07
2;8.01713E-07
2;4.16307E-07
2;5.9178E-08
2;1.94789E-07
2;-3.4403E-08
2;6.5731E-08
2;4.9311E-08
2;9.0769E-08
2;0.005102105
2;-0.000338335
2;9.04955E-06
2;-2.14181E-06
2;2.91268E-06
2;1.26883E-06
2;1.49183E-05
2;7.60747E-06
2;1.74714E-05
2;0.050374404
2;-5.09085E-06
2;9.68386E-06
2;5.02855E-06
2;7.14813E-07
2;2.35285E-06
2;-4.15557E-07
2;7.9396E-07
2;5.95631E-07
2;1.0964E-06
2;3.40193E-07
2;0.076726035
2;-0.000146536
2;3.91945E-06
2;-9.27638E-07
2;1.26151E-06
2;5.49544E-07
2;6.46126E-06
2;3.29487E-06
2;7.56704E-06
2;-3.24638E-06
2;0.016741055
2;4.19418E-06
2;2.17792E-06
2;3.09593E-07
2;1.01904E-06
2;-1.79982E-07
2;3.43872E-07
2;2.57974E-07
2;4.7486E-07
2;1.47341E-07
2;1.77973E-06
2;0.026066652
2;-2.63049E-05
2;7.03586E-07
2;-1.66522E-07
2;2.26456E-07
2;9.8649E-08
2;1.15987E-06
2;5.91467E-07
2;1.35837E-06
2;-5.82762E-07
2;-3.95804E-07
2;0.027627874
2;3.90961E-07
2;5.5575E-08
2;1.8293E-07
2;-3.2309E-08
2;6.1729E-08
2;4.6309E-08
2;8.5243E-08
2;2.6449E-08
2;3.19481E-07
2;1.38371E-07
2;0.050232937
2;-9.08254E-05
2;2.42934E-06
2;-5.74965E-07
2;7.81904E-07
2;3.40616E-07
2;4.00479E-06
2;2.04221E-06
2;4.69017E-06
2;-2.01216E-06
2;-1.36663E-06
2;2.59962E-06
2;0.004272281
2;1.9189E-07
2;6.31619E-07
2;-1.11556E-07
2;2.13137E-07
2;1.59896E-07
2;2.94326E-07
2;9.1324E-08
2;1.1031E-06
2;4.77765E-07
2;8.5764E-08
2;0.002150726
2;0.007609259
2;-0.007740684
2;-0.00774515
2;-0.007743133
2;-0.007743789
2;-0.007738341
2;-0.007741259
2;-0.007737322
2;-0.007747287
2;-0.007746327
2;-0.007740431
2;-0.007742289
2;2.85296E-07
2;9.3907E-07
2;-1.65857E-07
2;3.16886E-07
2;2.37728E-07
2;4.37594E-07
2;1.35778E-07
2;1.64006E-06
2;7.10325E-07
2;1.27511E-07
2;4.40271E-07
2;0.00668002
2;4.8235E-06
2;0.000126602
2;3.0535E-08
2;-4.1525E-08
2;-1.8089E-08
2;-2.12684E-07
2;-1.08457E-07
2;-2.49082E-07
2;1.0686E-07
2;7.2578E-08
2;-1.38059E-07
2;-7.169E-08
2;0.000247253
2;-3.3544E-08
2;5.924E-09
2;-1.1319E-08
2;-8.492E-09
2;-1.5631E-08
2;-4.85E-09
2;-5.8583E-08
2;-2.5373E-08
2;-4.555E-09
2;-1.5726E-08
2;-2.3382E-08
2;2.33396E-05
2;-7.20122E-06
2;1.92613E-07
2;0.000850944
2;6.1994E-08
2;2.7006E-08
2;3.17525E-07
2;1.6192E-07
2;3.71866E-07
2;-1.59537E-07
2;-1.08355E-07
2;2.06114E-07
2;1.07029E-07
2;1.5214E-08
2;0.000821618
2;-8.845E-09
2;1.6899E-08
2;1.2678E-08
2;2.3336E-08
2;7.241E-09
2;8.7461E-08
2;3.788E-08
2;6.8E-09
2;2.3479E-08
2;3.4907E-08
2;-1.247E-09
2;7.07537E-05
2;1.3725E-05
2;-3.67107E-07
2;8.6885E-08
2;0.000443543
2;-5.1472E-08
2;-6.0518E-07
2;-3.08608E-07
2;-7.08751E-07
2;3.04066E-07
2;2.06517E-07
2;-3.92839E-07
2;-2.0399E-07
2;-2.8997E-08
2;-9.5447E-08
2;0.000506957
2;-3.2208E-08
2;-2.4163E-08
2;-4.4477E-08
2;-1.38E-08
2;-1.66694E-07
2;-7.2197E-08
2;-1.296E-08
2;-4.4749E-08
2;-6.6531E-08
2;2.376E-09
2;-3.548E-09
2;4.45026E-05
2;1.81224E-06
2;-4.8473E-08
2;1.1472E-08
2;-1.5601E-08
2;0.000406095
2;-7.9907E-08
2;-4.0748E-08
2;-9.3583E-08
2;4.0149E-08
2;2.7268E-08
2;-5.187E-08
2;-2.6935E-08
2;-3.829E-09
2;-1.2603E-08
2;2.226E-09
2;0.00043602
2;-3.19E-09
2;-5.873E-09
2;-1.822E-09
2;-2.201E-08
2;-9.533E-09
2;-1.711E-09
2;-5.909E-09
2;-8.785E-09
2;3.14E-10
2;-4.68E-10
2;8.93E-10
2;3.89767E-05
2;4.31393E-06
2;-1.15386E-07
2;2.7309E-08
2;-3.7138E-08
2;-1.6178E-08
2;5.90655E-05
2;-9.6999E-08
2;-2.22769E-07
2;9.5571E-08
2;6.4911E-08
2;-1.23474E-07
2;-6.4116E-08
2;-9.114E-09
2;-0.00000003
2;5.299E-09
2;-1.0123E-08
2;7.85553E-05
2;-1.398E-08
2;-4.338E-09
2;-5.2394E-08
2;-2.2692E-08
2;-4.074E-09
2;-1.4065E-08
2;-2.0912E-08
2;7.47E-10
2;-1.115E-09
2;2.125E-09
2;2.81E-10
2;6.9316E-06
2;-7.76864E-07
2;2.0779E-08
2;-4.918E-09
2;6.688E-09
2;2.913E-09
2;3.4254E-08
2;0.000731948
2;4.0117E-08
2;-1.7211E-08
2;-1.1689E-08
2;2.2236E-08
2;1.1546E-08
2;1.641E-09
2;5.402E-09
2;-9.54E-10
2;1.823E-09
2;1.368E-09
2;0.000875945
2;7.81E-10
2;9.435E-09
2;4.087E-09
2;7.34E-10
2;2.533E-09
2;3.766E-09
2;-1.35E-10
2;2.01E-10
2;-3.83E-10
2;-5.05385E-11
2;-1.2E-10
2;7.47355E-05
2;7.22898E-06
2;-1.93356E-07
2;4.5763E-08
2;-6.2233E-08
2;-2.711E-08
2;-3.18749E-07
2;-1.62544E-07
2;0.000408403
2;1.60152E-07
2;1.08773E-07
2;-2.06909E-07
2;-1.07442E-07
2;-1.5273E-08
2;-5.0272E-08
2;8.879E-09
2;-1.6964E-08
2;-1.2726E-08
2;-2.3426E-08
2;0.000408475
2;-8.7798E-08
2;-3.8026E-08
2;-6.826E-09
2;-2.3569E-08
2;-3.5042E-08
2;1.252E-09
2;-1.869E-09
2;3.562E-09
2;4.7E-10
2;1.119E-09
2;-2.02E-10
2;3.56684E-05
2;-1.45326E-05
2;3.8871E-07
2;-9.1998E-08
2;1.2511E-07
2;5.4501E-08
2;6.40791E-07
2;3.26767E-07
2;7.50457E-07
2;0.003163759
2;-2.18669E-07
2;4.15955E-07
2;2.15994E-07
2;3.0704E-08
2;1.01063E-07
2;-1.785E-08
2;3.4103E-08
2;2.5584E-08
2;4.7094E-08
2;1.4612E-08
2;0.00637485
2;7.6445E-08
2;1.3723E-08
2;4.7382E-08
2;7.0446E-08
2;-2.516E-09
2;3.757E-09
2;-7.16E-09
2;-9.45E-10
2;-2.251E-09
2;4.05E-10
2;-3.771E-09
2;0.000572079
2;-7.40299E-06
2;1.9801E-07
2;-4.6864E-08
2;6.3731E-08
2;2.7763E-08
2;3.26422E-07
2;1.66457E-07
2;3.82286E-07
2;-1.64007E-07
2;0.001048195
2;2.11889E-07
2;1.10028E-07
2;1.5641E-08
2;5.1482E-08
2;-9.093E-09
2;1.7372E-08
2;1.3033E-08
2;2.399E-08
2;7.444E-09
2;8.9912E-08
2;0.002162656
2;6.99E-09
2;2.4137E-08
2;3.5886E-08
2;-1.282E-09
2;1.914E-09
2;-3.647E-09
2;-4.82E-10
2;-1.146E-09
2;2.06E-10
2;-1.921E-09
2;3.862E-09
2;0.00019591
2;7.63925E-06
2;-2.0433E-07
2;4.836E-08
2;-6.5765E-08
2;-2.8649E-08
2;-3.36839E-07
2;-1.71769E-07
2;-3.94486E-07
2;1.69241E-07
2;1.14946E-07
2;0.001565124
2;-1.13539E-07
2;-1.614E-08
2;-5.3125E-08
2;9.383E-09
2;-1.7927E-08
2;-1.3449E-08
2;-2.4755E-08
2;-7.681E-09
2;-9.2781E-08
2;-4.0184E-08
2;0.00398131
2;-2.4907E-08
2;-3.7031E-08
2;1.323E-09
2;-1.975E-09
2;3.764E-09
2;4.97E-10
2;1.183E-09
2;-2.13E-10
2;1.982E-09
2;-3.985E-09
2;-2.03E-09
2;0.000331621
2;3.08903E-06
2;-8.2623E-08
2;1.9555E-08
2;-2.6593E-08
2;-1.1585E-08
2;-1.36205E-07
2;-6.9457E-08
2;-1.59516E-07
2;6.8435E-08
2;4.648E-08
2;-8.8415E-08
2;0.000265169
2;-6.526E-09
2;-2.1482E-08
2;3.794E-09
2;-7.249E-09
2;-5.438E-09
2;-1.001E-08
2;-3.106E-09
2;-3.7517E-08
2;-1.6249E-08
2;-2.917E-09
2;0.000156726
2;-1.4974E-08
2;5.35E-10
2;-7.99E-10
2;1.522E-09
2;2.01E-10
2;4.78E-10
2;-8.61448E-11
2;8.02E-10
2;-1.611E-09
2;-8.21E-10
2;8.47E-10
2;1.23379E-05
2;0.000496185
2;-0.000496438
2;-0.000496446
2;-0.000496443
2;-0.000496444
2;-0.000496433
2;-0.000496439
2;-0.000496431
2;-0.000496451
2;-0.000496449
2;-0.000496437
2;-0.000496441
2;5.49E-10
2;1.808E-09
2;-3.19E-10
2;6.1E-10
2;4.58E-10
2;8.42E-10
2;2.61E-10
2;3.158E-09
2;1.368E-09
2;2.45E-10
2;8.48E-10
2;0.000563188
2;-4.50155E-11
2;6.72057E-11
2;-1.28E-10
2;-1.69128E-11
2;-4.026E-11
2;7.25012E-12
2;-6.74648E-11
2;1.36E-10
2;6.90887E-11
2;-7.12937E-11
2;-2.88285E-11
2;5.27816E-05
2;4.69201E-06
2;-0.002454202
2;2.9702E-08
2;-4.0393E-08
2;-1.7596E-08
2;-2.06886E-07
2;-1.055E-07
2;-2.42292E-07
2;1.03947E-07
2;7.06E-08
2;-1.34295E-07
2;-6.9736E-08
2;-0.002988211
2;-3.2629E-08
2;5.763E-09
2;-1.1011E-08
2;-8.26E-09
2;-1.5205E-08
2;-4.718E-09
2;-5.6986E-08
2;-2.4681E-08
2;-4.431E-09
2;-1.5298E-08
2;-2.2744E-08
2;-0.000255838
2;-1.213E-09
2;2.312E-09
2;3.05E-10
2;7.27E-10
2;-1.31E-10
2;1.218E-09
2;-2.448E-09
2;-1.247E-09
2;1.287E-09
2;5.2E-10
2;-4.37884E-11
2;0.003161004
2;0.000127056
2;-3.3984E-06
2;-0.019409784
2;-1.09381E-06
2;-4.76487E-07
2;-5.60229E-06
2;-2.85685E-06
2;-6.56107E-06
2;2.81481E-06
2;1.91178E-06
2;-3.6366E-06
2;-1.88838E-06
2;-2.68435E-07
2;-0.012129621
2;1.56055E-07
2;-2.98158E-07
2;-2.23679E-07
2;-4.11732E-07
2;-1.27754E-07
2;-1.54313E-06
2;-6.68345E-07
2;-1.19976E-07
2;-4.14251E-07
2;-6.15894E-07
2;0.000000022
2;-0.000933874
2;6.2599E-08
2;8.266E-09
2;1.9676E-08
2;-3.543E-09
2;3.2971E-08
2;-6.6283E-08
2;-3.3765E-08
2;3.4842E-08
2;1.4089E-08
2;-1.186E-09
2;2.14E-08
2;0.015047034
2;-9.84311E-05
2;2.63277E-06
2;-6.23112E-07
2;-0.009781602
2;3.69139E-07
2;4.34015E-06
2;2.21323E-06
2;5.08292E-06
2;-2.18066E-06
2;-1.48107E-06
2;2.81731E-06
2;1.46295E-06
2;2.07959E-07
2;6.84511E-07
2;-0.007081233
2;2.30985E-07
2;1.73286E-07
2;3.18973E-07
2;9.8972E-08
2;1.19548E-06
2;5.17773E-07
2;9.2946E-08
2;3.20924E-07
2;4.77139E-07
2;-1.7043E-08
2;2.5445E-08
2;-0.000557744
2;-6.403E-09
2;-1.5243E-08
2;2.745E-09
2;-2.5543E-08
2;5.135E-08
2;2.6158E-08
2;-2.6993E-08
2;-1.0915E-08
2;9.19E-10
2;-1.6579E-08
2;-4.4894E-07
2;0.008329418
2;-2.8229E-05
2;7.55052E-07
2;-1.78702E-07
2;2.4302E-07
2;-0.00877718
2;1.24471E-06
2;6.34731E-07
2;1.45773E-06
2;-6.2539E-07
2;-4.24756E-07
2;8.07975E-07
2;4.19558E-07
2;5.9641E-08
2;1.96311E-07
2;-3.4672E-08
2;-0.00613865
2;4.9697E-08
2;9.1478E-08
2;2.8384E-08
2;3.4285E-07
2;1.48492E-07
2;2.6656E-08
2;9.2038E-08
2;1.36838E-07
2;-4.888E-09
2;7.297E-09
2;-1.3908E-08
2;-0.000487196
2;-4.372E-09
2;7.87E-10
2;-7.325E-09
2;1.4727E-08
2;7.502E-09
2;-7.741E-09
2;-3.13E-09
2;2.63E-10
2;-4.755E-09
2;-1.28751E-07
2;9.9745E-08
2;0.007402332
2;-1.22705E-05
2;3.28202E-07
2;-7.7677E-08
2;1.05635E-07
2;4.6017E-08
2;-0.001237363
2;2.75902E-07
2;6.33639E-07
2;-2.71841E-07
2;-1.84631E-07
2;3.51207E-07
2;1.82372E-07
2;2.5924E-08
2;8.5331E-08
2;-1.5071E-08
2;2.8795E-08
2;-0.001049999
2;3.9763E-08
2;1.2338E-08
2;1.49028E-07
2;6.4546E-08
2;1.1587E-08
2;4.0006E-08
2;5.948E-08
2;-2.125E-09
2;3.172E-09
2;-6.046E-09
2;-7.98E-10
2;-8.37863E-05
2;3.42E-10
2;-3.184E-09
2;6.401E-09
2;3.261E-09
2;-3.365E-09
2;-1.361E-09
2;1.15E-10
2;-2.067E-09
2;-5.5965E-08
2;4.3357E-08
2;1.2434E-08
2;0.001166671
2;4.39843E-05
2;-1.17646E-06
2;2.7844E-07
2;-3.78656E-07
2;-1.64951E-07
2;-1.93941E-06
2;-0.015302012
2;-2.27133E-06
2;9.74435E-07
2;6.61823E-07
2;-1.25893E-06
2;-6.53724E-07
2;-9.2927E-08
2;-3.05876E-07
2;5.4023E-08
2;-1.03217E-07
2;-7.7433E-08
2;-0.011923764
2;-4.4226E-08
2;-5.34203E-07
2;-2.31369E-07
2;-4.1533E-08
2;-1.43406E-07
2;-2.13211E-07
2;7.616E-09
2;-1.137E-08
2;2.1671E-08
2;2.861E-09
2;6.811E-09
2;-0.000929697
2;1.1414E-08
2;-2.2946E-08
2;-1.1689E-08
2;1.2062E-08
2;4.877E-09
2;-4.1E-10
2;7.408E-09
2;2.00611E-07
2;-1.55415E-07
2;-4.4571E-08
2;-1.9374E-08
2;0.013120387
2;-2.6435E-05
2;7.07067E-07
2;-1.67345E-07
2;2.27576E-07
2;9.9137E-08
2;1.16561E-06
2;5.94393E-07
2;-0.008836194
2;-5.85645E-07
2;-3.97762E-07
2;7.56627E-07
2;3.92895E-07
2;5.585E-08
2;1.83835E-07
2;-3.2469E-08
2;6.2034E-08
2;4.6538E-08
2;8.5665E-08
2;-0.005842539
2;3.21062E-07
2;1.39055E-07
2;2.4962E-08
2;8.6189E-08
2;1.28142E-07
2;-4.577E-09
2;6.834E-09
2;-1.3024E-08
2;-1.72E-09
2;-4.094E-09
2;7.37E-10
2;-0.000455114
2;1.3791E-08
2;7.025E-09
2;-7.249E-09
2;-2.931E-09
2;2.47E-10
2;-4.452E-09
2;-1.20569E-07
2;9.3406E-08
2;2.6788E-08
2;1.1644E-08
2;-4.1739E-08
2;0.006936809
2;0.000297987
2;-7.97035E-06
2;1.88639E-06
2;-2.56533E-06
2;-1.11752E-06
2;-1.31392E-05
2;-6.70024E-06
2;-1.53878E-05
2;-0.067069385
2;4.48374E-06
2;-8.52901E-06
2;-4.42887E-06
2;-6.29568E-07
2;-2.07226E-06
2;0.000000366
2;-6.99277E-07
2;-5.24599E-07
2;-9.65646E-07
2;-2.99623E-07
2;-0.082166954
2;-1.56749E-06
2;-2.81382E-07
2;-9.71552E-07
2;-1.44447E-06
2;5.1597E-08
2;-7.7031E-08
2;1.46815E-07
2;1.9385E-08
2;4.6146E-08
2;-8.31E-09
2;7.7328E-08
2;-0.00671656
2;-7.9189E-08
2;8.1716E-08
2;3.3043E-08
2;-2.781E-09
2;5.019E-08
2;1.3591E-06
2;-1.05291E-06
2;-3.01964E-07
2;-1.31256E-07
2;4.70497E-07
2;-2.82774E-07
2;0.089785667
2;6.90112E-05
2;-1.84587E-06
2;4.36871E-07
2;-5.94108E-07
2;-2.58808E-07
2;-3.04293E-06
2;-1.55172E-06
2;-3.5637E-06
2;1.52888E-06
2;-0.020133014
2;-1.97525E-06
2;-1.02569E-06
2;-1.45803E-07
2;-4.79918E-07
2;8.4762E-08
2;-1.61947E-07
2;-1.21493E-07
2;-2.23635E-07
2;-6.939E-08
2;-8.38162E-07
2;-0.027180345
2;-6.5166E-08
2;-2.25003E-07
2;-3.34527E-07
2;1.1949E-08
2;-1.784E-08
2;3.4001E-08
2;4.489E-09
2;1.0687E-08
2;-1.925E-09
2;1.7908E-08
2;-3.6002E-08
2;-0.00223239
2;1.8925E-08
2;7.652E-09
2;-6.44E-10
2;1.1624E-08
2;3.14757E-07
2;-2.43845E-07
2;-6.9932E-08
2;-3.0398E-08
2;1.08963E-07
2;-6.5488E-08
2;7.38207E-07
2;0.028581777
2;-4.91866E-05
2;1.31561E-06
2;-3.11373E-07
2;4.23441E-07
2;1.84461E-07
2;2.1688E-06
2;1.10596E-06
2;2.53997E-06
2;-1.08969E-06
2;-7.401E-07
2;-0.034919993
2;7.31043E-07
2;1.03918E-07
2;3.42054E-07
2;-6.0413E-08
2;1.15425E-07
2;8.6592E-08
2;1.59392E-07
2;4.9457E-08
2;5.97386E-07
2;2.58734E-07
2;-0.052209387
2;1.60367E-07
2;2.38429E-07
2;-8.517E-09
2;1.2715E-08
2;-2.4234E-08
2;-3.2E-09
2;-7.617E-09
2;1.372E-09
2;-1.2764E-08
2;2.566E-08
2;1.3071E-08
2;-0.004093319
2;-5.454E-09
2;4.59E-10
2;-8.285E-09
2;-2.24338E-07
2;1.73796E-07
2;4.9843E-08
2;2.1666E-08
2;-7.7662E-08
2;4.6675E-08
2;-5.26145E-07
2;-1.21851E-07
2;0.054803899
2;-1.87364E-05
2;5.01148E-07
2;-1.18609E-07
2;1.61299E-07
2;7.0266E-08
2;8.26147E-07
2;4.21288E-07
2;9.67535E-07
2;-4.15088E-07
2;-2.81922E-07
2;5.36275E-07
2;-0.008166487
2;3.9585E-08
2;1.30297E-07
2;-2.3013E-08
2;4.3968E-08
2;3.2985E-08
2;6.0716E-08
2;1.8839E-08
2;2.27559E-07
2;9.8558E-08
2;1.7692E-08
2;-0.00336202
2;9.0823E-08
2;-3.244E-09
2;4.843E-09
2;-9.231E-09
2;-1.219E-09
2;-2.901E-09
2;5.23E-10
2;-4.862E-09
2;9.774E-09
2;4.979E-09
2;-5.138E-09
2;-0.000231979
2;1.75E-10
2;-3.156E-09
2;-8.5456E-08
2;6.6203E-08
2;1.8986E-08
2;8.253E-09
2;-2.9583E-08
2;1.778E-08
2;-2.00421E-07
2;-4.6416E-08
2;3.3082E-08
2;0.006703576
2;-0.009863364
2;0.009937943
2;0.009940477
2;0.009939333
2;0.009939705
2;0.009936614
2;0.009938269
2;0.009936035
2;0.00994169
2;0.009941145
2;0.009937799
2;0.009938853
2;-1.61895E-07
2;-5.32887E-07
2;9.4118E-08
2;-1.79821E-07
2;-1.34902E-07
2;-2.48318E-07
2;-7.7049E-08
2;-9.3067E-07
2;-4.03083E-07
2;-7.2358E-08
2;-2.49837E-07
2;-0.007374397
2;1.3268E-08
2;-1.9809E-08
2;3.7754E-08
2;4.985E-09
2;1.1867E-08
2;-2.137E-09
2;1.9885E-08
2;-3.9976E-08
2;-2.0364E-08
2;2.1014E-08
2;8.497E-09
2;-0.000607718
2;1.2906E-08
2;3.49497E-07
2;-2.70758E-07
2;-7.7651E-08
2;-3.3753E-08
2;1.20989E-07
2;-7.2716E-08
2;8.19683E-07
2;1.89832E-07
2;-1.35299E-07
2;-5.1539E-08
2;0.008343401
2;-4.32287E-06
2;-0.000120416
2;-2.7366E-08
2;3.7215E-08
2;1.6212E-08
2;1.90609E-07
2;9.72E-08
2;2.2323E-07
2;-9.5769E-08
2;-6.5045E-08
2;1.2373E-07
2;6.4249E-08
2;-0.000245342
2;3.0062E-08
2;-5.31E-09
2;1.0144E-08
2;7.61E-09
2;1.4009E-08
2;4.347E-09
2;5.2503E-08
2;2.2739E-08
2;4.082E-09
2;1.4094E-08
2;2.0955E-08
2;-2.32191E-05
2;1.117E-09
2;-2.13E-09
2;-2.81E-10
2;-6.69E-10
2;1.21E-10
2;-1.122E-09
2;2.255E-09
2;1.149E-09
2;-1.185E-09
2;-4.79E-10
2;4.03434E-11
2;0.00025335
2;-1.9716E-08
2;1.5274E-08
2;4.381E-09
2;1.904E-09
2;-6.825E-09
2;4.102E-09
2;-4.6241E-08
2;-1.0709E-08
2;7.633E-09
2;2.907E-09
2;-1.1891E-08
2;2.31087E-05
2;7.80681E-06
2;-2.08811E-07
2;-0.000703676
2;-6.7208E-08
2;-2.9277E-08
2;-3.44228E-07
2;-1.75537E-07
2;-4.03139E-07
2;1.72953E-07
2;1.17467E-07
2;-2.23448E-07
2;-1.1603E-07
2;-1.6494E-08
2;-0.000776048
2;9.589E-09
2;-1.832E-08
2;-1.3744E-08
2;-2.5298E-08
2;-7.85E-09
2;-9.4816E-08
2;-4.1066E-08
2;-7.372E-09
2;-2.5453E-08
2;-3.7843E-08
2;1.352E-09
2;-6.7904E-05
2;3.846E-09
2;5.08E-10
2;1.209E-09
2;-2.18E-10
2;2.026E-09
2;-4.073E-09
2;-2.075E-09
2;2.141E-09
2;8.66E-10
2;-7.28574E-11
2;1.315E-09
2;0.000854627
2;-2.7585E-08
2;-7.911E-09
2;-3.439E-09
2;1.2326E-08
2;-7.408E-09
2;8.3509E-08
2;1.934E-08
2;-1.3784E-08
2;-5.251E-09
2;2.1474E-08
2;-1.211E-09
2;6.62322E-05
2;-1.34679E-05
2;3.6023E-07
2;-8.5258E-08
2;-0.000380691
2;5.0508E-08
2;5.93843E-07
2;3.02826E-07
2;6.95473E-07
2;-2.98369E-07
2;-2.02648E-07
2;3.8548E-07
2;2.00168E-07
2;2.8454E-08
2;9.3659E-08
2;-0.000487627
2;3.1605E-08
2;2.371E-08
2;4.3644E-08
2;1.3542E-08
2;1.63572E-07
2;7.0845E-08
2;1.2717E-08
2;4.3911E-08
2;6.5285E-08
2;-2.332E-09
2;3.482E-09
2;-4.32997E-05
2;-8.76E-10
2;-2.086E-09
2;3.76E-10
2;-3.495E-09
2;7.026E-09
2;3.579E-09
2;-3.693E-09
2;-1.493E-09
2;1.26E-10
2;-2.268E-09
2;-6.1426E-08
2;0.000526188
2;1.3648E-08
2;5.932E-09
2;-2.1265E-08
2;1.278E-08
2;-1.44065E-07
2;-3.3364E-08
2;2.378E-08
2;9.058E-09
2;-3.7047E-08
2;2.09E-09
2;-3.774E-09
2;4.24938E-05
2;-3.65165E-07
2;9.767E-09
2;-2.312E-09
2;3.144E-09
2;-0.00034612
2;1.6101E-08
2;8.211E-09
2;1.8857E-08
2;-8.09E-09
2;-5.495E-09
2;1.0452E-08
2;5.427E-09
2;7.71E-10
2;2.539E-09
2;-4.49E-10
2;-0.000416459
2;6.43E-10
2;1.183E-09
2;3.67E-10
2;4.435E-09
2;1.921E-09
2;3.45E-10
2;1.191E-09
2;1.77E-09
2;-6.32285E-11
2;9.43967E-11
2;-1.8E-10
2;-3.77217E-05
2;-5.65489E-11
2;1.01835E-11
2;-9.47607E-11
2;1.91E-10
2;9.70416E-11
2;-1E-10
2;-4.04923E-11
2;3.40792E-12
2;-6.15049E-11
2;-1.666E-09
2;1.29E-09
2;0.00045393
2;1.61E-10
2;-5.77E-10
2;3.47E-10
2;-3.906E-09
2;-9.05E-10
2;6.45E-10
2;2.46E-10
2;-1.004E-09
2;5.66661E-11
2;-1.02E-10
2;1.77E-10
2;3.69392E-05
2;-3.66183E-06
2;9.7944E-08
2;-2.3181E-08
2;3.1524E-08
2;1.3733E-08
2;-5.39218E-05
2;8.2336E-08
2;1.89095E-07
2;-8.1125E-08
2;-5.5099E-08
2;1.04809E-07
2;5.4425E-08
2;7.736E-09
2;2.5465E-08
2;-4.498E-09
2;8.593E-09
2;-7.69759E-05
2;1.1866E-08
2;3.682E-09
2;4.4474E-08
2;1.9262E-08
2;3.458E-09
2;1.1939E-08
2;1.7751E-08
2;-6.34E-10
2;9.47E-10
2;-1.804E-09
2;-2.38E-10
2;-6.83402E-06
2;1.02E-10
2;-9.5E-10
2;1.91E-09
2;9.73E-10
2;-1.004E-09
2;-4.06E-10
2;3.41742E-11
2;-6.17E-10
2;-1.6701E-08
2;1.2939E-08
2;3.711E-09
2;8.15184E-05
2;-5.782E-09
2;3.475E-09
2;-3.917E-08
2;-9.072E-09
2;6.466E-09
2;2.463E-09
2;-1.0073E-08
2;5.68E-10
2;-1.026E-09
2;1.77E-09
2;4.80009E-11
2;6.75291E-06
2;9.64079E-07
2;-2.5787E-08
2;6.103E-09
2;-8.3E-09
2;-3.616E-09
2;-4.2509E-08
2;-0.000686423
2;-4.9784E-08
2;2.1358E-08
2;1.4506E-08
2;-2.7594E-08
2;-1.4329E-08
2;-2.037E-09
2;-6.704E-09
2;1.184E-09
2;-2.262E-09
2;-1.697E-09
2;-0.000862777
2;-9.69E-10
2;-1.1709E-08
2;-5.071E-09
2;-9.1E-10
2;-3.143E-09
2;-4.673E-09
2;1.67E-10
2;-2.49E-10
2;4.75E-10
2;6.27176E-11
2;1.49E-10
2;-7.39456E-05
2;2.5E-10
2;-5.03E-10
2;-2.56E-10
2;2.64E-10
2;1.07E-10
2;-8.99732E-12
2;1.62E-10
2;4.397E-09
2;-3.406E-09
2;-9.77E-10
2;-4.25E-10
2;0.00091137
2;-9.15E-10
2;1.0313E-08
2;2.388E-09
2;-1.702E-09
2;-6.48E-10
2;2.652E-09
2;-1.5E-10
2;2.7E-10
2;-4.66E-10
2;-1.26376E-11
2;-1.27E-10
2;7.32594E-05
2;-6.40691E-06
2;1.71368E-07
2;-4.0559E-08
2;5.5156E-08
2;2.4027E-08
2;2.82502E-07
2;1.4406E-07
2;-0.000351976
2;-1.4194E-07
2;-9.6403E-08
2;1.8338E-07
2;9.5224E-08
2;1.3536E-08
2;4.4555E-08
2;-7.869E-09
2;1.5035E-08
2;1.1279E-08
2;2.0762E-08
2;-0.000390648
2;7.7814E-08
2;3.3702E-08
2;6.05E-09
2;2.0889E-08
2;3.1057E-08
2;-1.109E-09
2;1.656E-09
2;-3.157E-09
2;-4.17E-10
2;-9.92E-10
2;1.79E-10
2;-3.45456E-05
2;3.342E-09
2;1.703E-09
2;-1.757E-09
2;-7.1E-10
2;5.97928E-11
2;-1.079E-09
2;-2.9222E-08
2;2.2638E-08
2;6.492E-09
2;2.822E-09
2;-1.0116E-08
2;0.000427468
2;-6.8534E-08
2;-1.5872E-08
2;1.1312E-08
2;4.309E-09
2;-1.7624E-08
2;9.94E-10
2;-1.795E-09
2;3.097E-09
2;8.39846E-11
2;8.42E-10
2;-2.22E-10
2;3.37262E-05
2;1.39431E-05
2;-3.7294E-07
2;8.8266E-08
2;-1.20034E-07
2;-5.229E-08
2;-6.14796E-07
2;-3.13511E-07
2;-7.20012E-07
2;-0.002782957
2;2.09798E-07
2;-3.99081E-07
2;-2.07231E-07
2;-2.9458E-08
2;-9.6963E-08
2;1.7125E-08
2;-3.272E-08
2;-2.4546E-08
2;-4.5184E-08
2;-1.402E-08
2;-0.006250717
2;-7.3344E-08
2;-1.3166E-08
2;-4.546E-08
2;-6.7588E-08
2;2.414E-09
2;-3.604E-09
2;6.87E-09
2;9.07E-10
2;2.159E-09
2;-3.89E-10
2;3.618E-09
2;-0.000564283
2;-3.705E-09
2;3.824E-09
2;1.546E-09
2;-1.3E-10
2;2.348E-09
2;6.3594E-08
2;-4.9267E-08
2;-1.4129E-08
2;-6.142E-09
2;2.2015E-08
2;-1.3231E-08
2;0.006537387
2;3.4541E-08
2;-2.4619E-08
2;-9.378E-09
2;3.8354E-08
2;-2.164E-09
2;3.907E-09
2;-6.741E-09
2;-1.83E-10
2;-1.833E-09
2;4.83E-10
2;-3.207E-09
2;0.000558005
2;8.16377E-06
2;-2.18359E-07
2;5.168E-08
2;-7.0281E-08
2;-3.0616E-08
2;-3.59967E-07
2;-1.83563E-07
2;-4.21572E-07
2;1.80861E-07
2;-0.001004463
2;-2.33664E-07
2;-1.21335E-07
2;-1.7248E-08
2;-5.6773E-08
2;1.0027E-08
2;-1.9158E-08
2;-1.4372E-08
2;-2.6455E-08
2;-8.209E-09
2;-9.9151E-08
2;-0.002148295
2;-7.709E-09
2;-2.6617E-08
2;-3.9573E-08
2;1.414E-09
2;-2.11E-09
2;4.022E-09
2;5.31E-10
2;1.264E-09
2;-2.28E-10
2;2.119E-09
2;-4.259E-09
2;-0.000195011
2;2.239E-09
2;9.05E-10
2;-7.61887E-11
2;1.375E-09
2;3.7235E-08
2;-2.8846E-08
2;-8.273E-09
2;-3.596E-09
2;1.289E-08
2;-7.747E-09
2;8.7327E-08
2;0.002213858
2;-1.4414E-08
2;-5.491E-09
2;2.2456E-08
2;-1.267E-09
2;2.288E-09
2;-3.947E-09
2;-1.07E-10
2;-1.073E-09
2;2.83E-10
2;-1.878E-09
2;4.086E-09
2;0.00019418
2;-6.59383E-06
2;1.76367E-07
2;-4.1742E-08
2;5.6765E-08
2;2.4728E-08
2;2.90743E-07
2;1.48263E-07
2;3.40501E-07
2;-1.46081E-07
2;-9.9216E-08
2;-0.00145067
2;9.8002E-08
2;1.3931E-08
2;4.5855E-08
2;-8.099E-09
2;1.5474E-08
2;1.1608E-08
2;2.1368E-08
2;6.63E-09
2;8.0084E-08
2;3.4685E-08
2;-0.003950289
2;2.1498E-08
2;3.1963E-08
2;-1.142E-09
2;1.705E-09
2;-3.249E-09
2;-4.29E-10
2;-1.021E-09
2;1.84E-10
2;-1.711E-09
2;3.44E-09
2;1.752E-09
2;-0.000329863
2;-7.31E-10
2;6.15373E-11
2;-1.111E-09
2;-3.0074E-08
2;2.3299E-08
2;6.682E-09
2;2.904E-09
2;-1.0411E-08
2;6.257E-09
2;-7.0534E-08
2;-1.6335E-08
2;0.004051568
2;4.435E-09
2;-1.8138E-08
2;1.023E-09
2;-1.848E-09
2;3.188E-09
2;8.64348E-11
2;8.67E-10
2;-2.28E-10
2;1.517E-09
2;-3.3E-09
2;-1.932E-09
2;0.000328308
2;-1.12114E-06
2;2.9988E-08
2;-7.097E-09
2;9.652E-09
2;4.205E-09
2;4.9435E-08
2;2.5209E-08
2;5.7895E-08
2;-2.4838E-08
2;-1.687E-08
2;3.2089E-08
2;-6.19359E-05
2;2.369E-09
2;7.797E-09
2;-1.377E-09
2;2.631E-09
2;1.974E-09
2;3.633E-09
2;1.127E-09
2;1.3617E-08
2;5.897E-09
2;1.059E-09
2;-9.35157E-05
2;5.435E-09
2;-1.94E-10
2;2.9E-10
2;-5.52E-10
2;-7.29351E-11
2;-1.74E-10
2;3.12656E-11
2;-2.91E-10
2;5.85E-10
2;2.98E-10
2;-3.07E-10
2;-8.41203E-06
2;1.04631E-11
2;-1.89E-10
2;-5.113E-09
2;3.961E-09
2;1.136E-09
2;4.94E-10
2;-1.77E-09
2;1.064E-09
2;-1.1993E-08
2;-2.777E-09
2;1.98E-09
2;3.0518E-05
2;-3.084E-09
2;1.74E-10
2;-3.14E-10
2;5.42E-10
2;1.46964E-11
2;1.47E-10
2;-3.88003E-11
2;2.58E-10
2;-5.61E-10
2;-3.29E-10
2;2.65E-10
2;1.5189E-05
2;-0.000457483
2;0.000458157
2;0.000458179
2;0.000458169
2;0.000458172
2;0.000458145
2;0.000458159
2;0.000458139
2;0.00045819
2;0.000458185
2;0.000458155
2;0.000458165
2;-1.463E-09
2;-4.816E-09
2;8.51E-10
2;-1.625E-09
2;-1.219E-09
2;-2.244E-09
2;-6.96E-10
2;-8.41E-09
2;-3.643E-09
2;-6.54E-10
2;-2.258E-09
2;-0.000551083
2;1.2E-10
2;-1.79E-10
2;3.41E-10
2;4.5049E-11
2;1.07E-10
2;-1.93115E-11
2;1.8E-10
2;-3.61E-10
2;-1.84E-10
2;1.9E-10
2;7.67877E-11
2;-5.20054E-05
2;1.17E-10
2;3.158E-09
2;-2.447E-09
2;-7.02E-10
2;-3.05E-10
2;1.093E-09
2;-6.57E-10
2;7.407E-09
2;1.715E-09
2;-1.223E-09
2;-4.66E-10
2;0.000590058
2;-1.07E-10
2;1.94E-10
2;-3.35E-10
2;-9.07734E-12
2;-9.10266E-11
2;2.39653E-11
2;-1.59E-10
2;3.47E-10
2;2.03E-10
2;-1.64E-10
2;-2.78695E-11
2;5.13581E-05
2;-0.004272847
2;0.000114287
2;-2.7049E-05
2;3.67844E-05
2;1.60241E-05
2;0.000188404
2;9.60752E-05
2;0.000220647
2;-9.46612E-05
2;-6.42926E-05
2;0.000122298
2;6.35058E-05
2;9.02741E-06
2;2.97143E-05
2;-5.24809E-06
2;1.0027E-05
2;7.52225E-06
2;1.38464E-05
2;4.29632E-06
2;5.1895E-05
2;2.24763E-05
2;4.03475E-06
2;1.39311E-05
2;2.07124E-05
2;-7.39846E-07
2;1.10455E-06
2;-2.10519E-06
2;-2.77968E-07
2;-6.61687E-07
2;1.19158E-07
2;-1.10881E-06
2;2.22907E-06
2;1.1355E-06
2;-1.17174E-06
2;-4.73807E-07
2;3.9877E-08
2;-7.19678E-07
2;-1.94883E-05
2;1.50977E-05
2;4.32988E-06
2;1.88209E-06
2;-6.74648E-06
2;4.05471E-06
2;-4.57063E-05
2;-1.05852E-05
2;7.54442E-06
2;2.87386E-06
2;-1.17535E-05
2;6.63058E-07
2;-1.19744E-06
2;2.06575E-06
2;5.601E-08
2;5.61665E-07
2;-1.47874E-07
2;9.82716E-07
2;-2.13864E-06
2;-1.25219E-06
2;1.01139E-06
2;1.71965E-07
2;-1.06215E-07
2;0.000655385
3;0.131737842
3;-0.048672815
3;0.071583991
3;-0.044987452
3;0.046300462
3;0.15477912
3;-0.048516103
3;0.04639696
3;0.04630294
3;0.122277479
3;-0.046643124
3;0.04634574
3;0.046332546
3;0.046345179
3;0.077832579
3;-0.050389904
3;0.046448203
3;0.04627332
3;0.046440766
3;0.046351887
3;0.053309133
3;-0.047888254
3;0.04637979
3;0.046312864
3;0.046376944
3;0.046342931
3;0.046410973
3;0.090099949
3;-0.049586256
3;0.046426225
3;0.046286024
3;0.046420264
3;0.04634901
3;0.046491548
3;0.046396378
3;0.081634983
3;-0.04307779
3;0.046248239
3;0.046388903
3;0.046254221
3;0.046325709
3;0.046182701
3;0.046278184
3;0.046213375
3;0.109564588
3;-0.048983912
3;0.046409753
3;0.046295545
3;0.046404897
3;0.046346854
3;0.046462965
3;0.04638544
3;0.04643806
3;0.046236365
3;0.210910858
3;-0.046440596
3;0.046340201
3;0.046335747
3;0.046340012
3;0.046337748
3;0.046342277
3;0.046339253
3;0.046341305
3;0.046333439
3;0.046340577
3;0.082432322
3;-0.047209609
3;0.046361231
3;0.046323591
3;0.046359631
3;0.046340501
3;0.046378769
3;0.046353218
3;0.046370561
3;0.046304087
3;0.046364409
3;0.046338433
3;0.129444326
3;-0.000341036
3;0.00334731
3;-5.39077E-06
3;8.70047E-06
3;1.22095E-06
3;1.61833E-05
3;6.19323E-06
3;1.2974E-05
3;-1.30168E-05
3;1.05686E-05
3;4.12184E-07
3;3.48314E-06
3;0.001250089
3;-0.000260418
3;7.12162E-06
3;0.016731812
3;6.64375E-06
3;9.32331E-07
3;1.23577E-05
3;4.7292E-06
3;9.90705E-06
3;-9.93971E-06
3;8.07027E-06
3;3.14748E-07
3;2.65976E-06
3;1.03995E-06
3;0.004340545
3;-0.000264131
3;7.22316E-06
3;-4.17513E-06
3;0.011018612
3;9.45624E-07
3;1.25339E-05
3;4.79663E-06
3;1.00483E-05
3;-1.00814E-05
3;8.18534E-06
3;3.19235E-07
3;2.69768E-06
3;1.05478E-06
3;8.05435E-07
3;0.002475268
3;-0.000216449
3;5.91921E-06
3;-3.42142E-06
3;5.52203E-06
3;0.004454592
3;1.02712E-05
3;3.93073E-06
3;8.23435E-06
3;-8.2615E-06
3;6.7077E-06
3;2.61606E-07
3;2.21069E-06
3;8.64363E-07
3;6.60035E-07
3;6.69446E-07
3;0.001139767
3;-0.000369266
3;1.00983E-05
3;-5.83699E-06
3;9.42066E-06
3;1.32202E-06
3;0.000946312
3;6.70588E-06
3;1.40479E-05
3;-1.40942E-05
3;1.14434E-05
3;4.46304E-07
3;3.77147E-06
3;1.47462E-06
3;1.12603E-06
3;1.14209E-06
3;9.35912E-07
3;0.000298341
3;-0.000222551
3;6.08608E-06
3;-3.51787E-06
3;5.6777E-06
3;7.96762E-07
3;1.05608E-05
3;0.005087013
3;8.46648E-06
3;-8.4944E-06
3;6.89679E-06
3;2.68981E-07
3;2.27301E-06
3;8.8873E-07
3;6.78642E-07
3;6.88318E-07
3;5.64061E-07
3;9.62296E-07
3;0.001089429
3;-0.00018441
3;5.04305E-06
3;-2.91498E-06
3;4.70465E-06
3;6.60213E-07
3;8.75086E-06
3;3.3489E-06
3;0.005044745
3;-7.03862E-06
3;5.71482E-06
3;2.22883E-07
3;1.88346E-06
3;7.36419E-07
3;5.62336E-07
3;5.70354E-07
3;4.67392E-07
3;7.97377E-07
3;4.80568E-07
3;0.001192959
3;-9.94648E-05
3;2.72005E-06
3;-1.57224E-06
3;2.53753E-06
3;3.56097E-07
3;4.71992E-06
3;1.80628E-06
3;3.78392E-06
3;0.010259447
3;3.08238E-06
3;1.20216E-07
3;1.01588E-06
3;3.972E-07
3;3.03305E-07
3;3.0763E-07
3;2.52096E-07
3;4.30079E-07
3;2.59202E-07
3;2.1478E-07
3;0.005289214
3;0.000114574
3;-3.13323E-06
3;1.81107E-06
3;-2.92299E-06
3;-4.10189E-07
3;-5.43689E-06
3;-2.08066E-06
3;-4.35871E-06
3;4.37308E-06
3;0.058795858
3;-1.38477E-07
3;-1.17019E-06
3;-4.57536E-07
3;-3.49378E-07
3;-3.5436E-07
3;-2.9039E-07
3;-4.95409E-07
3;-2.98576E-07
3;-2.47406E-07
3;-1.33442E-07
3;0.393594015
3;-0.000516961
3;1.41373E-05
3;-8.17162E-06
3;1.31886E-05
3;1.85079E-06
3;2.45315E-05
3;9.38803E-06
3;1.96667E-05
3;-1.97315E-05
3;1.60205E-05
3;0.004878837
3;5.27994E-06
3;2.06442E-06
3;1.57641E-06
3;1.59889E-06
3;1.31025E-06
3;2.2353E-06
3;1.34719E-06
3;1.11631E-06
3;6.02098E-07
3;-6.93558E-07
3;0.001538747
3;-0.000150344
3;4.11143E-06
3;-2.37649E-06
3;3.83555E-06
3;5.3825E-07
3;7.13429E-06
3;2.73025E-06
3;5.71951E-06
3;-5.73836E-06
3;4.65911E-06
3;1.81709E-07
3;0.024849101
3;6.00379E-07
3;4.58454E-07
3;4.64991E-07
3;3.81049E-07
3;6.50076E-07
3;3.91791E-07
3;3.24646E-07
3;1.75103E-07
3;-2.01702E-07
3;9.10087E-07
3;0.009928408
3;0.006746851
3;-0.007262136
3;-0.007284998
3;-0.007263109
3;-0.007274727
3;-0.007251485
3;-0.007267003
3;-0.00725647
3;-0.007296845
3;-0.007260207
3;-0.007275984
3;-0.007271213
3;2.11558E-06
3;1.61548E-06
3;1.63851E-06
3;1.34272E-06
3;2.2907E-06
3;1.38057E-06
3;1.14397E-06
3;6.17019E-07
3;-7.10746E-07
3;3.20691E-06
3;9.32642E-07
3;0.003385139
3;9.41781E-07
3;2.5425E-05
3;1.4887E-08
3;-2.4027E-08
3;-3.372E-09
3;-4.4691E-08
3;-1.7103E-08
3;-3.5828E-08
3;3.5946E-08
3;-2.9185E-08
3;-1.138E-09
3;-9.619E-09
3;3.63788E-06
3;-2.872E-09
3;-2.913E-09
3;-2.387E-09
3;-4.072E-09
3;-2.454E-09
3;-2.034E-09
3;-1.097E-09
3;1.263E-09
3;-5.701E-09
3;-1.658E-09
3;-5.842E-09
3;5.3864E-08
3;3.06417E-06
3;-8.3795E-08
3;0.000364184
3;-7.8173E-08
3;-1.097E-08
3;-1.45404E-07
3;-5.5645E-08
3;-1.1657E-07
3;1.16954E-07
3;-9.4958E-08
3;-3.703E-09
3;-3.1296E-08
3;-1.2236E-08
3;6.97608E-05
3;-9.477E-09
3;-7.766E-09
3;-1.3249E-08
3;-7.985E-09
3;-6.617E-09
3;-3.569E-09
3;4.111E-09
3;-1.8549E-08
3;-5.394E-09
3;-1.9008E-08
3;3.37911E-11
3;2.64039E-06
3;-2.70565E-06
3;7.3991E-08
3;-4.2768E-08
3;0.000244259
3;9.687E-09
3;1.28392E-07
3;4.9135E-08
3;1.02931E-07
3;-1.0327E-07
3;8.3847E-08
3;3.27E-09
3;2.7634E-08
3;1.0805E-08
3;8.251E-09
3;4.76768E-05
3;6.858E-09
3;1.1699E-08
3;7.051E-09
3;5.842E-09
3;3.151E-09
3;-3.63E-09
3;1.6378E-08
3;4.763E-09
3;1.6784E-08
3;-2.98374E-11
3;-9.70787E-11
3;1.97125E-06
3;-3.4931E-07
3;9.553E-09
3;-5.522E-09
3;8.912E-09
3;7.72025E-05
3;1.6576E-08
3;6.343E-09
3;1.3289E-08
3;-1.3333E-08
3;1.0825E-08
3;4.22E-10
3;3.568E-09
3;1.395E-09
3;1.065E-09
3;1.08E-09
3;1.45726E-05
3;1.51E-09
3;9.1E-10
3;7.54E-10
3;4.07E-10
3;-4.69E-10
3;2.115E-09
3;6.15E-10
3;2.167E-09
3;-3.85213E-12
3;-1.25332E-11
3;1.10668E-11
3;5.5458E-07
3;9.3741E-07
3;-2.5635E-08
3;1.4818E-08
3;-2.3915E-08
3;-3.356E-09
3;1.03438E-05
3;-1.7023E-08
3;-3.5662E-08
3;3.5779E-08
3;-2.905E-08
3;-1.133E-09
3;-9.574E-09
3;-3.743E-09
3;-2.859E-09
3;-2.899E-09
3;-2.376E-09
3;1.60151E-06
3;-2.443E-09
3;-2.024E-09
3;-1.092E-09
3;1.258E-09
3;-5.674E-09
3;-1.65E-09
3;-5.815E-09
3;1.03376E-11
3;3.36342E-11
3;-2.9699E-11
3;-3.83425E-12
3;3.4815E-08
3;1.93415E-06
3;-5.2893E-08
3;3.0573E-08
3;-4.9344E-08
3;-6.925E-09
3;-9.1782E-08
3;4.33235E-05
3;-7.3581E-08
3;7.3823E-08
3;-5.9939E-08
3;-2.338E-09
3;-1.9754E-08
3;-7.724E-09
3;-5.898E-09
3;-5.982E-09
3;-4.902E-09
3;-8.363E-09
3;5.75791E-06
3;-4.177E-09
3;-2.253E-09
3;2.595E-09
3;-1.1708E-08
3;-3.405E-09
3;-1.1998E-08
3;2.13295E-11
3;6.93972E-11
3;-6.12777E-11
3;-7.91118E-12
3;2.12305E-11
3;1.11786E-07
3;3.12387E-06
3;-8.5428E-08
3;4.9379E-08
3;-7.9696E-08
3;-1.1184E-08
3;-1.48238E-07
3;-5.673E-08
3;0.000107381
3;1.19233E-07
3;-9.6808E-08
3;-3.776E-09
3;-3.1905E-08
3;-1.2475E-08
3;-9.526E-09
3;-9.662E-09
3;-7.918E-09
3;-1.3507E-08
3;-8.141E-09
3;1.97685E-05
3;-3.638E-09
3;4.191E-09
3;-1.891E-08
3;-5.499E-09
3;-1.9379E-08
3;3.44495E-11
3;1.12E-10
3;-9.89703E-11
3;-1.27774E-11
3;3.42896E-11
3;7.07495E-11
3;7.53824E-07
3;2.8302E-06
3;-7.7397E-08
3;4.4737E-08
3;-7.2204E-08
3;-1.0132E-08
3;-1.34302E-07
3;-5.1396E-08
3;-1.07669E-07
3;0.000128949
3;-8.7707E-08
3;-3.421E-09
3;-2.8906E-08
3;-1.1302E-08
3;-8.63E-09
3;-8.753E-09
3;-7.173E-09
3;-1.2238E-08
3;-7.375E-09
3;-6.111E-09
3;2.35716E-05
3;3.797E-09
3;-1.7132E-08
3;-4.982E-09
3;-1.7557E-08
3;3.12109E-11
3;1.02E-10
3;-8.96661E-11
3;-1.15762E-11
3;3.10661E-11
3;6.40983E-11
3;1.04E-10
3;5.45163E-07
3;1.15539E-06
3;-3.1596E-08
3;1.8263E-08
3;-2.9476E-08
3;-4.136E-09
3;-5.4827E-08
3;-2.0982E-08
3;-4.3954E-08
3;4.4099E-08
3;0.000183595
3;-1.396E-09
3;-1.18E-08
3;-4.614E-09
3;-3.523E-09
3;-3.573E-09
3;-2.928E-09
3;-4.996E-09
3;-3.011E-09
3;-2.495E-09
3;-1.346E-09
3;6.60584E-05
3;-6.994E-09
3;-2.034E-09
3;-7.167E-09
3;1.27414E-11
3;4.14554E-11
3;-3.6605E-11
3;-4.72585E-12
3;1.26823E-11
3;2.61673E-11
3;4.22631E-11
3;3.829E-11
3;3.08197E-07
3;3.59591E-06
3;-9.8337E-08
3;5.6841E-08
3;-9.1738E-08
3;-1.2874E-08
3;-1.70637E-07
3;-6.5302E-08
3;-1.36799E-07
3;1.3725E-07
3;-1.11436E-07
3;5.06562E-05
3;-3.6727E-08
3;-1.436E-08
3;-1.0965E-08
3;-1.1122E-08
3;-9.114E-09
3;-1.5548E-08
3;-9.371E-09
3;-7.765E-09
3;-4.188E-09
3;4.824E-09
3;7.56817E-06
3;-6.33E-09
3;-2.2307E-08
3;3.9655E-11
3;1.29E-10
3;-1.14E-10
3;-1.47082E-11
3;3.9471E-11
3;8.14402E-11
3;1.32E-10
3;1.19E-10
3;4.86494E-11
3;1.48139E-07
3;1.95842E-05
3;-5.35567E-07
3;3.09568E-07
3;-4.9963E-07
3;-7.0114E-08
3;-9.29333E-07
3;-3.5565E-07
3;-7.45039E-07
3;7.47495E-07
3;-6.06908E-07
3;-2.367E-08
3;0.001547041
3;-7.8207E-08
3;-5.972E-08
3;-6.0571E-08
3;-4.9637E-08
3;-8.4681E-08
3;-5.1036E-08
3;-4.2289E-08
3;-2.2809E-08
3;2.6274E-08
3;-1.18551E-07
3;0.000690511
3;-1.21489E-07
3;2.16E-10
3;7.03E-10
3;-6.2E-10
3;-8.01045E-11
3;2.15E-10
3;4.44E-10
3;7.16E-10
3;6.49E-10
3;2.65E-10
3;8.25E-10
3;5.16442E-05
3;9.67951E-05
3;-9.46292E-05
3;-9.45331E-05
3;-9.46251E-05
3;-9.45762E-05
3;-9.46739E-05
3;-9.46087E-05
3;-9.4653E-05
3;-9.44833E-05
3;-9.46373E-05
3;-9.4571E-05
3;-9.4591E-05
3;-8.892E-09
3;-6.79E-09
3;-6.887E-09
3;-5.644E-09
3;-9.628E-09
3;-5.803E-09
3;-4.808E-09
3;-2.594E-09
3;2.987E-09
3;-1.348E-08
3;-3.92E-09
3;1.69218E-05
3;2.45566E-11
3;7.98971E-11
3;-7.0549E-11
3;-9.10815E-12
3;2.44427E-11
3;5.04324E-11
3;8.14539E-11
3;7.37965E-11
3;3.01265E-11
3;9.37621E-11
3;5.11E-10
3;4.21356E-07
3;0.000220468
3;-0.005134578
3;3.48495E-06
3;-5.62456E-06
3;-7.89306E-07
3;-1.04619E-05
3;-4.00371E-06
3;-8.38725E-06
3;8.4149E-06
3;-6.83225E-06
3;-2.66463E-07
3;-2.25174E-06
3;-0.001496437
3;-6.72291E-07
3;-6.81877E-07
3;-5.58782E-07
3;-9.5329E-07
3;-5.74534E-07
3;-4.7607E-07
3;-2.56777E-07
3;2.95782E-07
3;-1.33458E-06
3;-3.88125E-07
3;-1.36765E-06
3;-6.44448E-06
3;7.91E-09
3;-6.985E-09
3;-9.02E-10
3;2.42E-09
3;4.993E-09
3;8.065E-09
3;7.306E-09
3;2.983E-09
3;9.283E-09
3;5.0558E-08
3;5.749E-09
3;0.001912524
3;-3.57352E-05
3;9.77245E-07
3;-0.030904098
3;9.1167E-07
3;1.27937E-07
3;1.69575E-06
3;6.48952E-07
3;1.35947E-06
3;-1.36395E-06
3;1.10742E-06
3;4.319E-08
3;3.64978E-07
3;1.42704E-07
3;-0.006812125
3;1.10524E-07
3;9.0572E-08
3;1.54516E-07
3;9.3125E-08
3;7.7165E-08
3;4.162E-08
3;-4.7942E-08
3;2.16318E-07
3;6.291E-08
3;2.21679E-07
3;-3.94E-10
3;-0.000147197
3;1.132E-09
3;1.46E-10
3;-3.92E-10
3;-8.09E-10
3;-1.307E-09
3;-1.184E-09
3;-4.83E-10
3;-1.505E-09
3;-8.195E-09
3;-9.32E-10
3;-9.2253E-08
3;0.011880249
3;0.000270792
3;-7.4053E-06
3;4.28041E-06
3;-0.02051555
3;-9.69469E-07
3;-1.28499E-05
3;-4.91758E-06
3;-1.03017E-05
3;1.03356E-05
3;-8.39174E-06
3;-3.27285E-07
3;-2.76571E-06
3;-1.08137E-06
3;-8.25745E-07
3;-0.004112704
3;-6.86327E-07
3;-1.17088E-06
3;-7.05675E-07
3;-5.84736E-07
3;-3.15387E-07
3;3.63295E-07
3;-1.6392E-06
3;-4.76716E-07
3;-1.67983E-06
3;2.986E-09
3;9.716E-09
3;-0.000103363
3;-1.108E-09
3;2.972E-09
3;6.133E-09
3;9.905E-09
3;8.974E-09
3;3.664E-09
3;1.1402E-08
3;6.2098E-08
3;7.061E-09
3;6.99071E-07
3;-1.13311E-07
3;0.007553733
3;0.000115593
3;-3.16111E-06
3;1.82718E-06
3;-2.949E-06
3;-0.008096654
3;-5.48527E-06
3;-2.09918E-06
3;-4.39749E-06
3;4.41199E-06
3;-3.5822E-06
3;-1.39709E-07
3;-1.1806E-06
3;-4.61607E-07
3;-3.52487E-07
3;-3.57513E-07
3;-0.001746545
3;-4.99817E-07
3;-3.01232E-07
3;-2.49607E-07
3;-1.3463E-07
3;1.5508E-07
3;-6.99729E-07
3;-2.03497E-07
3;-7.1707E-07
3;1.275E-09
3;4.147E-09
3;-3.662E-09
3;-3.26921E-05
3;1.269E-09
3;2.618E-09
3;4.228E-09
3;3.831E-09
3;1.564E-09
3;4.867E-09
3;2.6508E-08
3;3.014E-09
3;2.98413E-07
3;-4.8369E-08
3;3.66528E-07
3;0.003062323
3;0.000220018
3;-6.0168E-06
3;3.47783E-06
3;-5.61307E-06
3;-7.87693E-07
3;-0.001523977
3;-3.99553E-06
3;-8.37011E-06
3;8.39771E-06
3;-6.81829E-06
3;-2.65919E-07
3;-2.24714E-06
3;-8.78614E-07
3;-6.70917E-07
3;-6.80483E-07
3;-5.5764E-07
3;-0.000383379
3;-5.7336E-07
3;-4.75098E-07
3;-2.56252E-07
3;2.95177E-07
3;-1.33185E-06
3;-3.87332E-07
3;-1.36486E-06
3;2.426E-09
3;7.894E-09
3;-6.971E-09
3;-9E-10
3;-3.07631E-06
3;4.983E-09
3;8.048E-09
3;7.291E-09
3;2.977E-09
3;9.264E-09
3;5.0455E-08
3;5.737E-09
3;5.67995E-07
3;-9.2065E-08
3;6.97642E-07
3;2.97804E-07
3;0.000539309
3;4.20667E-05
3;-1.15039E-06
3;6.6495E-07
3;-1.0732E-06
3;-1.50604E-07
3;-1.9962E-06
3;-0.008223992
3;-1.60034E-06
3;1.60561E-06
3;-1.30363E-06
3;-5.0843E-08
3;-4.29645E-07
3;-1.67988E-07
3;-1.28277E-07
3;-1.30106E-07
3;-1.06619E-07
3;-1.81894E-07
3;-0.001477889
3;-9.0837E-08
3;-4.8995E-08
3;5.6437E-08
3;-2.54646E-07
3;-7.4057E-08
3;-2.60956E-07
3;4.64E-10
3;1.509E-09
3;-1.333E-09
3;-1.72E-10
3;4.62E-10
3;-1.11516E-05
3;1.539E-09
3;1.394E-09
3;5.69E-10
3;1.771E-09
3;9.647E-09
3;1.097E-09
3;1.08599E-07
3;-1.7602E-08
3;1.33387E-07
3;5.6939E-08
3;1.08377E-07
3;0.002188052
3;-4.84205E-05
3;1.32415E-06
3;-7.65384E-07
3;1.2353E-06
3;1.73352E-07
3;2.29771E-06
3;8.79318E-07
3;-0.009362327
3;-1.84813E-06
3;1.50054E-06
3;5.8522E-08
3;4.94539E-07
3;1.93361E-07
3;1.47652E-07
3;1.49758E-07
3;1.22723E-07
3;2.09367E-07
3;1.26182E-07
3;-0.001907827
3;5.6395E-08
3;-6.4961E-08
3;2.93107E-07
3;8.5242E-08
3;3.00371E-07
3;-5.34E-10
3;-1.737E-09
3;1.534E-09
3;1.98E-10
3;-5.31E-10
3;-1.097E-09
3;-4.22942E-05
3;-1.605E-09
3;-6.55E-10
3;-2.039E-09
3;-1.1104E-08
3;-1.263E-09
3;-1.25002E-07
3;2.0261E-08
3;-1.53534E-07
3;-6.5539E-08
3;-1.24746E-07
3;-2.3851E-08
3;0.003392091
3;-0.000176209
3;4.81876E-06
3;-2.78534E-06
3;4.49542E-06
3;6.30851E-07
3;8.36168E-06
3;3.19996E-06
3;6.70349E-06
3;-0.016598211
3;5.46066E-06
3;2.1297E-07
3;1.7997E-06
3;7.03668E-07
3;5.37327E-07
3;5.44989E-07
3;4.46605E-07
3;7.61915E-07
3;4.59195E-07
3;3.80498E-07
3;-0.006389353
3;-2.36403E-07
3;1.06666E-06
3;3.10208E-07
3;1.09309E-06
3;-1.943E-09
3;-6.322E-09
3;5.583E-09
3;7.21E-10
3;-1.934E-09
3;-3.991E-09
3;-6.446E-09
3;-4.41674E-05
3;-2.384E-09
3;-7.42E-09
3;-4.0409E-08
3;-4.595E-09
3;-4.54898E-07
3;7.3733E-08
3;-5.58731E-07
3;-2.38506E-07
3;-4.53969E-07
3;-8.6797E-08
3;9.9907E-08
3;0.008363799
3;-0.00019814
3;5.4185E-06
3;-3.132E-06
3;5.05491E-06
3;7.09366E-07
3;9.40236E-06
3;3.59822E-06
3;7.5378E-06
3;-7.56265E-06
3;-0.070420107
3;2.39476E-07
3;2.02368E-06
3;7.91246E-07
3;6.04202E-07
3;6.12817E-07
3;5.02189E-07
3;8.56742E-07
3;5.16346E-07
3;4.27854E-07
3;2.3077E-07
3;-0.397764747
3;1.19941E-06
3;3.48816E-07
3;1.22914E-06
3;-2.185E-09
3;-7.109E-09
3;6.277E-09
3;8.1E-10
3;-2.175E-09
3;-4.487E-09
3;-7.248E-09
3;-6.566E-09
3;-8.263E-05
3;-8.343E-09
3;-4.5438E-08
3;-5.166E-09
3;-5.11514E-07
3;8.291E-08
3;-6.2827E-07
3;-2.6819E-07
3;-5.10469E-07
3;-9.76E-08
3;1.12342E-07
3;4.08826E-07
3;0.402892314
3;0.000191857
3;-5.24668E-06
3;3.03268E-06
3;-4.89462E-06
3;-6.86872E-07
3;-9.10422E-06
3;-3.48412E-06
3;-7.29878E-06
3;7.32284E-06
3;-5.94558E-06
3;-0.00783643
3;-1.95951E-06
3;-7.66156E-07
3;-5.85043E-07
3;-5.93385E-07
3;-4.86265E-07
3;-8.29575E-07
3;-4.99973E-07
3;-4.14288E-07
3;-2.23453E-07
3;2.57396E-07
3;-0.001960206
3;-3.37755E-07
3;-1.19016E-06
3;2.116E-09
3;6.884E-09
3;-6.078E-09
3;-7.85E-10
3;2.106E-09
3;4.345E-09
3;7.018E-09
3;6.358E-09
3;2.596E-09
3;-1.41807E-05
3;4.3997E-08
3;5.003E-09
3;4.95294E-07
3;-8.0281E-08
3;6.08348E-07
3;2.59686E-07
3;4.94282E-07
3;9.4505E-08
3;-1.08779E-07
3;-3.95863E-07
3;-4.45131E-07
3;0.002713535
3;-0.000430373
3;1.17694E-05
3;-6.80292E-06
3;1.09796E-05
3;1.54079E-06
3;2.04226E-05
3;7.81559E-06
3;1.63726E-05
3;-1.64266E-05
3;1.33371E-05
3;5.2016E-07
3;-0.050066224
3;1.71864E-06
3;1.31237E-06
3;1.33108E-06
3;1.09079E-06
3;1.86091E-06
3;1.12154E-06
3;9.29331E-07
3;5.0125E-07
3;-5.77391E-07
3;2.60521E-06
3;-0.019443133
3;2.66978E-06
3;-4.746E-09
3;-1.5442E-08
3;1.3635E-08
3;1.76E-09
3;-4.724E-09
3;-9.747E-09
3;-1.5743E-08
3;-1.4263E-08
3;-5.823E-09
3;-1.8121E-08
3;-0.001358008
3;-1.1222E-08
3;-1.11104E-06
3;1.80086E-07
3;-1.36465E-06
3;-5.82529E-07
3;-1.10877E-06
3;-2.11994E-07
3;2.44014E-07
3;0.000000888
3;9.98519E-07
3;-9.66857E-07
3;0.039314195
3;-0.011650451
3;0.011988971
3;0.01200399
3;0.01198961
3;0.011997243
3;0.011981973
3;0.011992168
3;0.011985248
3;0.012011773
3;0.011987703
3;0.011998068
3;0.011994934
3;-1.38984E-06
3;-1.0613E-06
3;-1.07643E-06
3;-8.82108E-07
3;-1.50489E-06
3;-9.06975E-07
3;-7.51538E-07
3;-4.05354E-07
3;4.66929E-07
3;-2.1068E-06
3;-6.12704E-07
3;-0.004179611
3;3.838E-09
3;1.2488E-08
3;-1.1027E-08
3;-1.424E-09
3;3.82E-09
3;7.882E-09
3;1.2731E-08
3;1.1534E-08
3;4.709E-09
3;1.4655E-08
3;7.9813E-08
3;-3.24866E-05
3;8.98487E-07
3;-1.45634E-07
3;1.10357E-06
3;4.71083E-07
3;8.96652E-07
3;1.71437E-07
3;-1.97331E-07
3;-7.18114E-07
3;-8.07489E-07
3;7.81885E-07
3;-1.75393E-06
3;0.005639939
3;-0.013043934
3;0.000356711
3;-0.000206186
3;0.000332775
3;4.6699E-05
3;0.000618976
3;0.000236878
3;0.000496229
3;-0.000497865
3;0.000404227
3;1.57652E-05
3;0.000133223
3;5.20893E-05
3;3.97759E-05
3;4.0343E-05
3;3.30601E-05
3;5.64011E-05
3;3.39921E-05
3;2.81665E-05
3;1.51921E-05
3;-1.74998E-05
3;7.89598E-05
3;2.29633E-05
3;8.09167E-05
3;-1.43846E-07
3;-4.68016E-07
3;4.13257E-07
3;5.3353E-08
3;-1.43179E-07
3;-2.95419E-07
3;-4.77135E-07
3;-4.3228E-07
3;-1.76473E-07
3;-5.49233E-07
3;-2.99126E-06
3;-3.40116E-07
3;-3.3674E-05
3;5.45813E-06
3;-4.13603E-05
3;-1.76555E-05
3;-3.36052E-05
3;-6.42521E-06
3;7.39567E-06
3;2.69139E-05
3;3.02635E-05
3;-2.93039E-05
3;6.57346E-05
3;-5.31587E-05
3;0.00199231
4;0.004008847
4;-0.001954087
4;0.002413905
4;-0.001871009
4;0.001871872
4;0.004536274
4;-0.001900648
4;0.001873012
4;0.001871895
4;0.003893881
4;-0.0019058
4;0.00187321
4;0.001871892
4;0.001872363
4;0.002889829
4;-0.001973536
4;0.001875815
4;0.001871864
4;0.001873274
4;0.001873519
4;0.002088016
4;-0.001896819
4;0.001872865
4;0.001871896
4;0.001872242
4;0.001872302
4;0.001873091
4;0.003681938
4;-0.001976914
4;0.001875945
4;0.001871863
4;0.001873319
4;0.001873572
4;0.001876901
4;0.001873131
4;0.002854354
4;-0.001827539
4;0.0018702
4;0.001871925
4;0.00187131
4;0.001871203
4;0.001869797
4;0.001871389
4;0.001869727
4;0.006593096
4;-0.001873001
4;0.001871949
4;0.001871906
4;0.001871921
4;0.001871924
4;0.001871959
4;0.001871919
4;0.00187196
4;0.001871884
4;0.009507019
4;-0.001921566
4;0.001873816
4;0.001871886
4;0.001872575
4;0.001872694
4;0.001874268
4;0.001872486
4;0.001874347
4;0.001870876
4;0.001871932
4;0.008269403
4;-0.001930431
4;0.001874157
4;0.001871882
4;0.001872694
4;0.001872835
4;0.00187469
4;0.001872589
4;0.001874782
4;0.001870692
4;0.001871937
4;0.001873267
4;0.002956147
4;-6.32083E-06
4;0.000168427
4;-2.657E-09
4;8.5014E-08
4;1.00253E-07
4;3.00607E-07
4;7.3686E-08
4;3.106E-07
4;-1.31234E-07
4;3.237E-09
4;1.46885E-07
4;1.73107E-07
4;0.000267333
4;-4.06028E-06
4;1.56146E-07
4;0.00085076
4;5.461E-08
4;6.4399E-08
4;1.93099E-07
4;4.7334E-08
4;1.99518E-07
4;-8.43E-08
4;2.08E-09
4;9.4354E-08
4;1.11198E-07
4;1.201E-08
4;0.000742345
4;-6.30122E-07
4;2.4233E-08
4;-2.65E-10
4;0.000615767
4;9.994E-09
4;2.9967E-08
4;7.346E-09
4;3.0964E-08
4;-1.3083E-08
4;3.23E-10
4;1.4643E-08
4;1.7257E-08
4;1.864E-09
4;1.197E-09
4;0.000481959
4;-4.40692E-06
4;1.69477E-07
4;-1.852E-09
4;5.9273E-08
4;0.00031953
4;2.09585E-07
4;5.1375E-08
4;2.16552E-07
4;-9.1497E-08
4;2.257E-09
4;1.02409E-07
4;1.20691E-07
4;1.3035E-08
4;8.373E-09
4;1.299E-09
4;0.000231699
4;-3.06224E-06
4;1.17765E-07
4;-1.287E-09
4;4.1187E-08
4;4.8569E-08
4;6.62781E-05
4;3.5699E-08
4;1.50476E-07
4;-6.3579E-08
4;1.568E-09
4;7.1161E-08
4;8.3865E-08
4;9.058E-09
4;5.818E-09
4;9.03E-10
4;6.315E-09
4;7.07094E-05
4;2.00315E-06
4;-7.7035E-08
4;8.42E-10
4;-2.6942E-08
4;-3.1772E-08
4;-9.5266E-08
4;0.000517097
4;-9.8433E-08
4;4.159E-08
4;-1.026E-09
4;-4.655E-08
4;-5.486E-08
4;-5.925E-09
4;-3.806E-09
4;-5.91E-10
4;-4.131E-09
4;-2.871E-09
4;0.000437905
4;-3.54628E-06
4;1.36379E-07
4;-1.49E-09
4;4.7697E-08
4;5.6247E-08
4;1.68654E-07
4;4.1342E-08
4;0.000299068
4;-7.3628E-08
4;1.816E-09
4;8.241E-08
4;9.7121E-08
4;1.0489E-08
4;6.738E-09
4;1.046E-09
4;7.313E-09
4;5.082E-09
4;-3.324E-09
4;0.000253129
4;-1.89319E-06
4;7.2806E-08
4;-7.96E-10
4;2.5463E-08
4;3.0027E-08
4;9.0037E-08
4;2.207E-08
4;9.303E-08
4;0.001621935
4;9.7E-10
4;4.3995E-08
4;5.1848E-08
4;5.6E-09
4;3.597E-09
4;5.58E-10
4;3.904E-09
4;2.713E-09
4;-1.775E-09
4;3.142E-09
4;0.002667406
4;-1.01486E-05
4;3.90283E-07
4;-4.265E-09
4;1.36497E-07
4;1.60964E-07
4;4.82646E-07
4;1.18309E-07
4;4.98691E-07
4;-2.10705E-07
4;0.00246866
4;2.35835E-07
4;2.77936E-07
4;3.0018E-08
4;1.9283E-08
4;2.993E-09
4;2.0929E-08
4;1.4543E-08
4;-9.513E-09
4;1.6842E-08
4;8.991E-09
4;0.004762537
4;-1.22826E-05
4;4.72353E-07
4;-5.162E-09
4;1.652E-07
4;1.94812E-07
4;5.8414E-07
4;1.43188E-07
4;6.03558E-07
4;-2.55014E-07
4;6.291E-09
4;0.001834526
4;3.36382E-07
4;3.6331E-08
4;2.3338E-08
4;3.622E-09
4;2.533E-08
4;1.7601E-08
4;-1.1514E-08
4;2.0383E-08
4;1.0882E-08
4;5.8332E-08
4;0.002398202
4;-6.36464E-06
4;2.44765E-07
4;-2.675E-09
4;8.5604E-08
4;1.00948E-07
4;3.02691E-07
4;7.4197E-08
4;3.12753E-07
4;-1.32143E-07
4;3.26E-09
4;1.47904E-07
4;0.000322411
4;1.8826E-08
4;1.2093E-08
4;1.877E-09
4;1.3126E-08
4;9.121E-09
4;-5.966E-09
4;1.0562E-08
4;5.639E-09
4;3.0226E-08
4;3.6582E-08
4;0.000146596
4;0.00058962
4;-0.000594981
4;-0.000595198
4;-0.00059512
4;-0.000595107
4;-0.00059493
4;-0.00059513
4;-0.000594921
4;-0.000595311
4;-0.000595193
4;-0.000595066
4;-0.000595043
4;1.649E-08
4;1.0593E-08
4;1.644E-09
4;1.1497E-08
4;7.989E-09
4;-5.226E-09
4;9.252E-09
4;4.939E-09
4;2.6476E-08
4;3.2044E-08
4;1.6605E-08
4;0.000638802
4;2.97392E-07
4;1.04029E-05
4;1.25E-10
4;-0.000000004
4;-4.717E-09
4;-1.4143E-08
4;-3.467E-09
4;-1.4614E-08
4;6.174E-09
4;-1.52E-10
4;-6.911E-09
4;-8.145E-09
4;2.2373E-05
4;-5.65E-10
4;-8.76922E-11
4;-6.13E-10
4;-4.26E-10
4;2.79E-10
4;-4.94E-10
4;-2.63E-10
4;-1.412E-09
4;-1.709E-09
4;-8.86E-10
4;-7.76E-10
4;2.01823E-06
4;3.00488E-07
4;-1.1556E-08
4;5.41354E-05
4;-4.042E-09
4;-4.766E-09
4;-1.4291E-08
4;-3.503E-09
4;-1.4766E-08
4;6.239E-09
4;-1.54E-10
4;-6.983E-09
4;-8.229E-09
4;-8.89E-10
4;6.10388E-05
4;-8.86051E-11
4;-6.2E-10
4;-4.31E-10
4;2.82E-10
4;-4.99E-10
4;-2.66E-10
4;-1.427E-09
4;-1.727E-09
4;-8.95E-10
4;-7.84E-10
4;4.1818E-11
4;5.50753E-06
4;5.27737E-07
4;-2.0295E-08
4;2.22E-10
4;3.8038E-05
4;-8.37E-09
4;-2.5098E-08
4;-6.152E-09
4;-2.5933E-08
4;1.0957E-08
4;-2.7E-10
4;-1.2264E-08
4;-1.4453E-08
4;-1.561E-09
4;-1.003E-09
4;3.82571E-05
4;-1.088E-09
4;-7.56E-10
4;4.95E-10
4;-8.76E-10
4;-4.68E-10
4;-2.506E-09
4;-3.033E-09
4;-1.572E-09
4;-1.377E-09
4;7.34435E-11
4;7.42081E-11
4;3.29876E-06
4;3.60311E-07
4;-1.3856E-08
4;1.51E-10
4;-4.846E-09
4;2.01863E-05
4;-1.7136E-08
4;-4.2E-09
4;-1.7705E-08
4;7.481E-09
4;-1.85E-10
4;-8.373E-09
4;-9.868E-09
4;-1.066E-09
4;-6.85E-10
4;-1.06E-10
4;1.85828E-05
4;-5.16E-10
4;3.38E-10
4;-5.98E-10
4;-3.19E-10
4;-1.711E-09
4;-2.071E-09
4;-1.073E-09
4;-9.4E-10
4;5.01435E-11
4;5.06655E-11
4;8.89821E-11
4;1.63773E-06
4;4.13904E-07
4;-1.5917E-08
4;1.74E-10
4;-5.567E-09
4;-6.565E-09
4;4.12274E-06
4;-4.825E-09
4;-2.0339E-08
4;8.594E-09
4;-2.12E-10
4;-9.618E-09
4;-1.1335E-08
4;-1.224E-09
4;-7.86E-10
4;-1.22E-10
4;-8.54E-10
4;5.85745E-06
4;3.88E-10
4;-6.87E-10
4;-3.67E-10
4;-1.966E-09
4;-2.379E-09
4;-1.233E-09
4;-1.08E-09
4;5.76018E-11
4;5.82014E-11
4;1.02E-10
4;6.97887E-11
4;5.2866E-07
4;6.55362E-07
4;-2.5203E-08
4;2.75E-10
4;-8.815E-09
4;-1.0395E-08
4;-3.1168E-08
4;3.08642E-05
4;-3.2204E-08
4;1.3607E-08
4;-3.36E-10
4;-1.523E-08
4;-1.7948E-08
4;-1.938E-09
4;-1.245E-09
4;-1.93E-10
4;-1.352E-09
4;-9.39E-10
4;3.46629E-05
4;-1.088E-09
4;-5.81E-10
4;-3.112E-09
4;-3.767E-09
4;-1.952E-09
4;-1.71E-09
4;9.12047E-11
4;9.21542E-11
4;1.62E-10
4;1.11E-10
4;1.27E-10
4;2.96128E-06
4;4.0997E-07
4;-1.5766E-08
4;1.72E-10
4;-5.514E-09
4;-6.502E-09
4;-1.9497E-08
4;-4.779E-09
4;1.82915E-05
4;8.512E-09
4;-2.1E-10
4;-9.527E-09
4;-1.1228E-08
4;-1.213E-09
4;-7.79E-10
4;-1.21E-10
4;-8.45E-10
4;-5.87E-10
4;3.84E-10
4;1.99134E-05
4;-3.63E-10
4;-1.947E-09
4;-2.356E-09
4;-1.221E-09
4;-1.07E-09
4;5.70543E-11
4;5.76483E-11
4;1.01E-10
4;6.91254E-11
4;7.94071E-11
4;1.26E-10
4;1.69091E-06
4;2.31361E-07
4;-8.897E-09
4;9.72405E-11
4;-3.112E-09
4;-3.67E-09
4;-1.1003E-08
4;-2.697E-09
4;-1.1369E-08
4;0.000105959
4;-1.18E-10
4;-5.376E-09
4;-6.336E-09
4;-6.84E-10
4;-4.4E-10
4;-6.82217E-11
4;-4.77E-10
4;-3.32E-10
4;2.17E-10
4;-3.84E-10
4;0.000230949
4;-1.099E-09
4;-1.33E-09
4;-6.89E-10
4;-6.04E-10
4;3.21979E-11
4;3.25331E-11
4;5.71367E-11
4;3.901E-11
4;4.48124E-11
4;7.09544E-11
4;4.43864E-11
4;2.18624E-05
4;-7.8326E-08
4;3.012E-09
4;-3.29201E-11
4;1.053E-09
4;1.242E-09
4;3.725E-09
4;9.13E-10
4;3.849E-09
4;-1.626E-09
4;0.000155557
4;1.82E-09
4;2.145E-09
4;2.32E-10
4;1.49E-10
4;2.3096E-11
4;1.62E-10
4;1.12E-10
4;-7.3422E-11
4;1.3E-10
4;6.93914E-11
4;0.000408784
4;4.5E-10
4;2.33E-10
4;2.04E-10
4;-1.09004E-11
4;-1.10138E-11
4;-1.93432E-11
4;-1.32066E-11
4;-1.51709E-11
4;-2.40211E-11
4;-1.50267E-11
4;-8.48012E-12
4;3.83104E-05
4;-2.2633E-08
4;8.7E-10
4;-9.51242E-12
4;3.04E-10
4;3.59E-10
4;1.076E-09
4;2.64E-10
4;1.112E-09
4;-4.7E-10
4;1.15921E-11
4;0.000109011
4;6.2E-10
4;6.6945E-11
4;4.30032E-11
4;6.67373E-12
4;4.66745E-11
4;3.24328E-11
4;-2.12158E-11
4;3.75593E-11
4;2.00512E-11
4;1.07E-10
4;0.000195689
4;6.74091E-11
4;5.9046E-11
4;-3.14973E-12
4;-3.18252E-12
4;-5.58936E-12
4;-3.81613E-12
4;-4.38373E-12
4;-6.94106E-12
4;-4.34207E-12
4;-2.45038E-12
4;8.29552E-13
4;1.71038E-05
4;3.60552E-07
4;-1.3866E-08
4;1.52E-10
4;-4.849E-09
4;-5.719E-09
4;-1.7147E-08
4;-4.203E-09
4;-1.7717E-08
4;7.486E-09
4;-1.85E-10
4;-8.379E-09
4;1.97704E-05
4;-1.066E-09
4;-6.85E-10
4;-1.06E-10
4;-7.44E-10
4;-5.17E-10
4;3.38E-10
4;-5.98E-10
4;-3.19E-10
4;-1.712E-09
4;-2.072E-09
4;1.05468E-05
4;-9.41E-10
4;5.0177E-11
4;5.06994E-11
4;8.90416E-11
4;6.0793E-11
4;6.98353E-11
4;1.11E-10
4;6.91716E-11
4;3.90361E-11
4;-1.32154E-11
4;-3.81868E-12
4;8.22917E-07
4;3.8134E-05
4;-3.77389E-05
4;-3.77229E-05
4;-3.77286E-05
4;-3.77296E-05
4;-3.77427E-05
4;-3.77279E-05
4;-3.77433E-05
4;-3.77146E-05
4;-3.77233E-05
4;-3.77327E-05
4;-3.77344E-05
4;-1.215E-09
4;-7.81E-10
4;-1.21E-10
4;-8.47E-10
4;-5.89E-10
4;3.85E-10
4;-6.82E-10
4;-3.64E-10
4;-1.951E-09
4;-2.361E-09
4;-1.224E-09
4;5.37569E-05
4;5.71743E-11
4;5.77695E-11
4;1.01E-10
4;6.92707E-11
4;7.9574E-11
4;1.26E-10
4;7.88177E-11
4;4.44798E-11
4;-1.50583E-11
4;-4.3512E-12
4;6.9317E-11
4;4.98028E-06
4;2.69414E-06
4;-0.00020638
4;1.132E-09
4;-3.6236E-08
4;-4.2731E-08
4;-1.28129E-07
4;-3.1408E-08
4;-1.32388E-07
4;5.5936E-08
4;-1.38E-09
4;-6.2607E-08
4;-7.3784E-08
4;-0.000279212
4;-5.119E-09
4;-7.94E-10
4;-5.556E-09
4;-3.861E-09
4;2.525E-09
4;-4.471E-09
4;-2.387E-09
4;-1.2795E-08
4;-1.5485E-08
4;-8.024E-09
4;-7.029E-09
4;-2.31098E-05
4;3.79E-10
4;6.65E-10
4;4.54E-10
4;5.22E-10
4;8.26E-10
4;5.17E-10
4;2.92E-10
4;-9.87489E-11
4;-2.85342E-11
4;4.55E-10
4;5.18E-10
4;0.000294513
4;-2.69871E-06
4;1.03784E-07
4;-0.001174442
4;3.6297E-08
4;4.2804E-08
4;1.28346E-07
4;3.1461E-08
4;1.32612E-07
4;-5.6031E-08
4;1.382E-09
4;6.2714E-08
4;7.3909E-08
4;7.982E-09
4;-0.000845687
4;7.96E-10
4;5.565E-09
4;3.867E-09
4;-2.53E-09
4;4.479E-09
4;2.391E-09
4;1.2816E-08
4;1.5512E-08
4;8.038E-09
4;7.041E-09
4;-3.76E-10
4;-6.76164E-05
4;-6.66E-10
4;-4.55E-10
4;-5.23E-10
4;-8.28E-10
4;-5.18E-10
4;-2.92E-10
4;9.89162E-11
4;2.85825E-11
4;-4.55E-10
4;-5.19E-10
4;-3.402E-09
4;0.001004081
4;-4.39755E-06
4;1.69116E-07
4;-1.848E-09
4;-0.000852329
4;6.9748E-08
4;2.09139E-07
4;5.1265E-08
4;2.16091E-07
4;-9.1302E-08
4;2.252E-09
4;1.02192E-07
4;1.20435E-07
4;1.3007E-08
4;8.356E-09
4;-0.000554033
4;9.069E-09
4;6.302E-09
4;-4.122E-09
4;7.298E-09
4;3.896E-09
4;2.0884E-08
4;2.5276E-08
4;1.3098E-08
4;1.1473E-08
4;-6.12E-10
4;-6.18E-10
4;-4.27115E-05
4;-7.41E-10
4;-8.52E-10
4;-1.349E-09
4;-8.44E-10
4;-4.76E-10
4;1.61E-10
4;4.65752E-11
4;-7.42E-10
4;-8.45E-10
4;-5.544E-09
4;5.554E-09
4;0.000665215
4;-1.13042E-06
4;4.3472E-08
4;-4.75E-10
4;1.5204E-08
4;-0.000446873
4;5.376E-08
4;1.3178E-08
4;5.5548E-08
4;-2.347E-08
4;5.79E-10
4;2.6269E-08
4;3.0958E-08
4;3.344E-09
4;2.148E-09
4;3.33E-10
4;-0.0002717
4;1.62E-09
4;-1.06E-09
4;1.876E-09
4;1.001E-09
4;5.368E-09
4;6.497E-09
4;3.367E-09
4;2.949E-09
4;-1.57E-10
4;-1.59E-10
4;-2.79E-10
4;-2.11128E-05
4;-2.19E-10
4;-3.47E-10
4;-2.17E-10
4;-1.22E-10
4;4.14333E-11
4;1.19724E-11
4;-1.91E-10
4;-2.17E-10
4;-1.425E-09
4;1.428E-09
4;2.326E-09
4;0.000336577
4;-1.79854E-06
4;6.9166E-08
4;-7.56E-10
4;2.419E-08
4;2.8526E-08
4;-8.52413E-05
4;2.0967E-08
4;8.8379E-08
4;-3.7342E-08
4;9.21E-10
4;4.1795E-08
4;4.9256E-08
4;5.32E-09
4;3.417E-09
4;5.3E-10
4;3.709E-09
4;-7.67106E-05
4;-1.686E-09
4;2.985E-09
4;1.593E-09
4;8.541E-09
4;1.0338E-08
4;5.357E-09
4;4.692E-09
4;-2.5E-10
4;-2.53E-10
4;-4.44E-10
4;-3.03E-10
4;-6.23473E-06
4;-5.52E-10
4;-3.45E-10
4;-1.95E-10
4;6.59222E-11
4;1.90487E-11
4;-3.03E-10
4;-3.46E-10
4;-2.268E-09
4;2.271E-09
4;3.701E-09
4;9.51E-10
4;8.5064E-05
4;-6.47854E-06
4;2.49145E-07
4;-2.723E-09
4;8.7136E-08
4;1.02754E-07
4;3.08107E-07
4;-0.000659276
4;3.18349E-07
4;-1.34508E-07
4;3.318E-09
4;1.5055E-07
4;1.77426E-07
4;1.9163E-08
4;1.2309E-08
4;1.91E-09
4;1.336E-08
4;9.284E-09
4;-0.000478551
4;1.0751E-08
4;5.74E-09
4;3.0767E-08
4;3.7237E-08
4;1.9296E-08
4;1.6902E-08
4;-9.02E-10
4;-9.11E-10
4;-1.6E-09
4;-1.092E-09
4;-1.255E-09
4;-3.70906E-05
4;-1.243E-09
4;-7.01E-10
4;2.37E-10
4;6.86154E-11
4;-1.093E-09
4;-1.246E-09
4;-8.168E-09
4;8.182E-09
4;1.3332E-08
4;3.427E-09
4;5.453E-09
4;0.000534318
4;-1.3428E-06
4;5.164E-08
4;-5.64E-10
4;1.806E-08
4;2.1298E-08
4;6.3861E-08
4;1.5654E-08
4;-0.000420009
4;-2.7879E-08
4;6.88E-10
4;3.1204E-08
4;3.6775E-08
4;3.972E-09
4;2.551E-09
4;3.96E-10
4;2.769E-09
4;1.924E-09
4;-1.259E-09
4;-0.000290183
4;1.19E-09
4;6.377E-09
4;7.718E-09
4;3.999E-09
4;3.503E-09
4;-1.87E-10
4;-1.89E-10
4;-3.32E-10
4;-2.26E-10
4;-2.6E-10
4;-4.12E-10
4;-2.2185E-05
4;-1.45E-10
4;4.92178E-11
4;1.42218E-11
4;-2.27E-10
4;-2.58E-10
4;-1.693E-09
4;1.696E-09
4;2.763E-09
4;7.1E-10
4;1.13E-09
4;4.071E-09
4;0.000347811
4;-2.74812E-06
4;1.05684E-07
4;-1.155E-09
4;3.6962E-08
4;4.3587E-08
4;1.30695E-07
4;3.2037E-08
4;1.3504E-07
4;-0.002021055
4;1.408E-09
4;6.3862E-08
4;7.5262E-08
4;8.129E-09
4;5.222E-09
4;8.1E-10
4;5.667E-09
4;3.938E-09
4;-2.576E-09
4;4.561E-09
4;-0.002804514
4;1.3051E-08
4;1.5796E-08
4;8.185E-09
4;7.17E-09
4;-3.82E-10
4;-3.86E-10
4;-6.79E-10
4;-4.63E-10
4;-5.32E-10
4;-8.43E-10
4;-5.27E-10
4;-0.000239906
4;1.01E-10
4;2.91057E-11
4;-4.64E-10
4;-5.28E-10
4;-3.465E-09
4;3.471E-09
4;5.655E-09
4;1.454E-09
4;2.313E-09
4;8.331E-09
4;1.727E-09
4;0.002984825
4;7.94988E-06
4;-3.05728E-07
4;3.341E-09
4;-1.06925E-07
4;-1.26091E-07
4;-3.78082E-07
4;-9.2678E-08
4;-3.9065E-07
4;1.65056E-07
4;-0.002890989
4;-1.84742E-07
4;-2.17722E-07
4;-2.3515E-08
4;-1.5105E-08
4;-2.344E-09
4;-1.6395E-08
4;-1.1392E-08
4;7.452E-09
4;-1.3193E-08
4;-7.043E-09
4;-0.004899078
4;-4.5694E-08
4;-2.3678E-08
4;-2.074E-08
4;1.106E-09
4;1.118E-09
4;1.963E-09
4;1.34E-09
4;1.54E-09
4;2.438E-09
4;1.525E-09
4;8.61E-10
4;-0.000417388
4;-8.41985E-11
4;1.341E-09
4;1.528E-09
4;1.0023E-08
4;-1.004E-08
4;-1.636E-08
4;-4.205E-09
4;-6.691E-09
4;-2.4102E-08
4;-4.995E-09
4;-1.0224E-08
4;0.005064125
4;6.90612E-06
4;-2.65589E-07
4;2.903E-09
4;-9.2887E-08
4;-1.09536E-07
4;-3.28443E-07
4;-8.051E-08
4;-3.39361E-07
4;1.43386E-07
4;-3.537E-09
4;-0.002283716
4;-1.89136E-07
4;-2.0428E-08
4;-1.3122E-08
4;-2.036E-09
4;-1.4242E-08
4;-9.896E-09
4;6.474E-09
4;-1.1461E-08
4;-6.118E-09
4;-3.2798E-08
4;-0.002527018
4;-2.0569E-08
4;-1.8017E-08
4;9.61E-10
4;9.71E-10
4;1.706E-09
4;1.164E-09
4;1.338E-09
4;2.118E-09
4;1.325E-09
4;7.48E-10
4;-2.53E-10
4;-0.000203346
4;1.165E-09
4;1.328E-09
4;8.707E-09
4;-8.722E-09
4;-1.4212E-08
4;-3.653E-09
4;-5.812E-09
4;-2.0937E-08
4;-4.34E-09
4;-8.881E-09
4;2.5692E-08
4;0.00269454
4;-1.40824E-06
4;5.4157E-08
4;-5.92E-10
4;1.8941E-08
4;2.2336E-08
4;6.6973E-08
4;1.6417E-08
4;6.92E-08
4;-2.9238E-08
4;7.21E-10
4;3.2725E-08
4;-0.000582257
4;4.165E-09
4;2.676E-09
4;4.15E-10
4;2.904E-09
4;2.018E-09
4;-1.32E-09
4;2.337E-09
4;1.248E-09
4;6.688E-09
4;8.094E-09
4;-0.000223977
4;3.674E-09
4;-1.96E-10
4;-1.98E-10
4;-3.48E-10
4;-2.37E-10
4;-2.73E-10
4;-4.32E-10
4;-2.7E-10
4;-1.52E-10
4;5.16164E-11
4;1.49149E-11
4;-1.52996E-05
4;-2.71E-10
4;-1.775E-09
4;1.778E-09
4;2.898E-09
4;7.45E-10
4;1.185E-09
4;4.269E-09
4;8.85E-10
4;1.811E-09
4;-5.239E-09
4;-4.551E-09
4;0.000435678
4;-0.000767618
4;0.000768064
4;0.000768082
4;0.000768076
4;0.000768074
4;0.00076806
4;0.000768076
4;0.000768059
4;0.000768091
4;0.000768082
4;0.000768071
4;0.000768069
4;-1.372E-09
4;-8.81E-10
4;-1.37E-10
4;-9.57E-10
4;-6.65E-10
4;4.35E-10
4;-7.7E-10
4;-4.11E-10
4;-2.203E-09
4;-2.666E-09
4;-1.382E-09
4;-0.00069376
4;6.45561E-11
4;6.52281E-11
4;1.15E-10
4;7.82143E-11
4;8.98478E-11
4;1.42E-10
4;8.89939E-11
4;5.02225E-11
4;-1.70025E-11
4;-4.9129E-12
4;7.82666E-11
4;-5.72419E-05
4;5.85E-10
4;-5.86E-10
4;-9.55E-10
4;-2.45E-10
4;-3.9E-10
4;-1.406E-09
4;-2.91E-10
4;-5.97E-10
4;1.726E-09
4;1.499E-09
4;-3.06E-10
4;0.000770232
4;-2.66124E-07
4;-9.84447E-06
4;-1.12E-10
4;3.579E-09
4;4.221E-09
4;1.2656E-08
4;3.102E-09
4;1.3077E-08
4;-5.525E-09
4;1.36E-10
4;6.184E-09
4;7.288E-09
4;-2.21984E-05
4;5.06E-10
4;7.84723E-11
4;5.49E-10
4;3.81E-10
4;-2.49E-10
4;4.42E-10
4;2.36E-10
4;1.264E-09
4;1.53E-09
4;7.93E-10
4;6.94E-10
4;-2.00741E-06
4;-3.74213E-11
4;-6.57218E-11
4;-4.48715E-11
4;-5.15456E-11
4;-8.16156E-11
4;-5.10557E-11
4;-2.88126E-11
4;9.7543E-12
4;2.81857E-12
4;-4.49014E-11
4;-5.1163E-11
4;2.28782E-05
4;3.36E-10
4;5.48E-10
4;1.41E-10
4;2.24E-10
4;8.07E-10
4;1.67E-10
4;3.42E-10
4;-9.9E-10
4;-8.6E-10
4;1.75E-10
4;-5.77687E-11
4;1.99765E-06
4;-2.19454E-07
4;8.44E-09
4;-4.6378E-05
4;2.952E-09
4;3.481E-09
4;1.0437E-08
4;2.558E-09
4;1.0784E-08
4;-4.556E-09
4;1.12E-10
4;5.1E-09
4;6.01E-09
4;6.49E-10
4;-5.8562E-05
4;6.47106E-11
4;4.53E-10
4;3.14E-10
4;-2.06E-10
4;3.64E-10
4;1.94E-10
4;1.042E-09
4;1.261E-09
4;6.54E-10
4;5.73E-10
4;-3.05407E-11
4;-5.34991E-06
4;-5.41961E-11
4;-3.70023E-11
4;-4.2506E-11
4;-6.73026E-11
4;-4.2102E-11
4;-2.37597E-11
4;8.04368E-12
4;2.32428E-12
4;-3.7027E-11
4;-4.21905E-11
4;-2.77E-10
4;6.3598E-05
4;4.52E-10
4;1.16E-10
4;1.85E-10
4;6.65E-10
4;1.38E-10
4;2.82E-10
4;-8.16E-10
4;-7.09E-10
4;1.45E-10
4;-4.76378E-11
4;2.73297E-11
4;5.24188E-06
4;-5.00458E-07
4;1.9246E-08
4;-2.1E-10
4;-3.23689E-05
4;7.938E-09
4;2.3801E-08
4;5.834E-09
4;2.4592E-08
4;-1.0391E-08
4;2.56E-10
4;1.163E-08
4;1.3706E-08
4;1.48E-09
4;9.51E-10
4;-3.65302E-05
4;1.032E-09
4;7.17E-10
4;-4.69E-10
4;8.31E-10
4;4.43E-10
4;2.377E-09
4;2.877E-09
4;1.491E-09
4;1.306E-09
4;-6.96472E-11
4;-7.03722E-11
4;-3.19206E-06
4;-8.43826E-11
4;-9.69336E-11
4;-1.53E-10
4;-9.60123E-11
4;-5.41833E-11
4;1.83434E-11
4;5.30044E-12
4;-8.4439E-11
4;-9.62141E-11
4;-6.31E-10
4;6.32E-10
4;3.98785E-05
4;2.65E-10
4;4.21E-10
4;1.517E-09
4;3.14E-10
4;6.44E-10
4;-1.862E-09
4;-1.617E-09
4;3.3E-10
4;-1.09E-10
4;6.23246E-11
4;5.13947E-11
4;3.12108E-06
4;-2.86221E-07
4;1.1007E-08
4;-1.2E-10
4;3.85E-09
4;-1.71288E-05
4;1.3612E-08
4;3.337E-09
4;1.4065E-08
4;-5.943E-09
4;1.47E-10
4;6.651E-09
4;7.839E-09
4;8.47E-10
4;5.44E-10
4;8.43984E-11
4;-1.76225E-05
4;4.1E-10
4;-2.68E-10
4;4.75E-10
4;2.54E-10
4;1.359E-09
4;1.645E-09
4;8.52E-10
4;7.47E-10
4;-3.98326E-11
4;-4.02473E-11
4;-7.06849E-11
4;-1.57702E-06
4;-5.54382E-11
4;-8.7779E-11
4;-5.49113E-11
4;-3.09885E-11
4;1.04909E-11
4;3.03142E-12
4;-4.82923E-11
4;-5.50267E-11
4;-3.61E-10
4;3.61E-10
4;5.89E-10
4;1.94321E-05
4;2.41E-10
4;8.68E-10
4;1.8E-10
4;3.68E-10
4;-1.065E-09
4;-9.25E-10
4;1.89E-10
4;-6.21313E-11
4;3.56446E-11
4;2.93936E-11
4;6.70312E-11
4;1.54097E-06
4;-3.61398E-07
4;1.3898E-08
4;-1.52E-10
4;4.861E-09
4;5.732E-09
4;-3.76663E-06
4;4.213E-09
4;1.7759E-08
4;-7.503E-09
4;1.85E-10
4;8.398E-09
4;9.898E-09
4;1.069E-09
4;6.87E-10
4;1.07E-10
4;7.45E-10
4;-5.74528E-06
4;-3.39E-10
4;6E-10
4;3.2E-10
4;1.716E-09
4;2.077E-09
4;1.076E-09
4;9.43E-10
4;-5.02947E-11
4;-5.08183E-11
4;-8.92505E-11
4;-6.09357E-11
4;-5.21619E-07
4;-1.11E-10
4;-6.93339E-11
4;-3.91277E-11
4;1.32464E-11
4;3.82764E-12
4;-6.09764E-11
4;-6.94797E-11
4;-4.56E-10
4;4.56E-10
4;7.44E-10
4;1.91E-10
4;6.0718E-06
4;1.096E-09
4;2.27E-10
4;4.65E-10
4;-1.344E-09
4;-1.168E-09
4;2.38E-10
4;-7.84502E-11
4;4.50068E-11
4;3.71139E-11
4;8.46371E-11
4;4.84056E-11
4;5.15814E-07
4;-6.22281E-07
4;2.3931E-08
4;-2.62E-10
4;8.37E-09
4;9.87E-09
4;2.9595E-08
4;-2.85778E-05
4;3.0578E-08
4;-1.292E-08
4;3.19E-10
4;1.4461E-08
4;1.7042E-08
4;1.841E-09
4;1.182E-09
4;1.83E-10
4;1.283E-09
4;8.92E-10
4;-3.40095E-05
4;1.033E-09
4;5.51E-10
4;2.955E-09
4;3.577E-09
4;1.853E-09
4;1.623E-09
4;-8.6601E-11
4;-8.75025E-11
4;-1.54E-10
4;-1.05E-10
4;-1.21E-10
4;-2.92226E-06
4;-1.19E-10
4;-6.73728E-11
4;2.28086E-11
4;6.59069E-12
4;-1.05E-10
4;-1.2E-10
4;-7.85E-10
4;7.86E-10
4;1.281E-09
4;3.29E-10
4;5.24E-10
4;3.61514E-05
4;3.91E-10
4;8E-10
4;-2.315E-09
4;-2.011E-09
4;4.1E-10
4;-1.35E-10
4;7.74958E-11
4;6.39053E-11
4;1.46E-10
4;8.33481E-11
4;1.05E-10
4;2.88948E-06
4;-3.42844E-07
4;1.3185E-08
4;-1.44E-10
4;4.611E-09
4;5.438E-09
4;1.6305E-08
4;3.997E-09
4;-1.52059E-05
4;-7.118E-09
4;1.76E-10
4;7.967E-09
4;9.389E-09
4;1.014E-09
4;6.51E-10
4;1.01E-10
4;7.07E-10
4;4.91E-10
4;-3.21E-10
4;-1.89688E-05
4;3.04E-10
4;1.628E-09
4;1.971E-09
4;1.021E-09
4;8.94E-10
4;-4.77126E-11
4;-4.82093E-11
4;-8.46684E-11
4;-5.78072E-11
4;-6.64054E-11
4;-1.05E-10
4;-1.63302E-06
4;-3.71189E-11
4;1.25663E-11
4;3.63112E-12
4;-5.78459E-11
4;-6.59126E-11
4;-4.32E-10
4;4.33E-10
4;7.06E-10
4;1.81E-10
4;2.89E-10
4;1.039E-09
4;2.0627E-05
4;4.41E-10
4;-1.275E-09
4;-1.108E-09
4;2.26E-10
4;-7.44226E-11
4;4.26961E-11
4;3.52085E-11
4;8.02918E-11
4;4.59205E-11
4;5.79816E-11
4;9.98367E-11
4;1.59593E-06
4;-1.97485E-07
4;7.595E-09
4;-8.30026E-11
4;2.656E-09
4;3.132E-09
4;9.392E-09
4;2.302E-09
4;9.704E-09
4;-9.89431E-05
4;1.01E-10
4;4.589E-09
4;5.408E-09
4;5.84E-10
4;3.75E-10
4;5.82327E-11
4;4.07E-10
4;2.83E-10
4;-1.85E-10
4;3.28E-10
4;-0.000228538
4;9.38E-10
4;1.135E-09
4;5.88E-10
4;5.15E-10
4;-2.74835E-11
4;-2.77696E-11
4;-4.87708E-11
4;-3.32982E-11
4;-3.8251E-11
4;-6.05653E-11
4;-3.78874E-11
4;-2.1705E-05
4;7.23847E-12
4;2.09159E-12
4;-3.33205E-11
4;-3.79671E-11
4;-2.49E-10
4;2.49E-10
4;4.06E-10
4;1.04E-10
4;1.66E-10
4;5.99E-10
4;1.24E-10
4;0.00023663
4;-7.35E-10
4;-6.38E-10
4;1.3E-10
4;-4.2869E-11
4;2.45939E-11
4;2.02808E-11
4;4.62498E-11
4;2.64512E-11
4;3.33986E-11
4;5.75081E-11
4;3.1684E-11
4;2.15668E-05
4;8.8545E-08
4;-3.405E-09
4;3.72152E-11
4;-1.191E-09
4;-1.404E-09
4;-4.211E-09
4;-1.032E-09
4;-4.351E-09
4;1.838E-09
4;-0.000150556
4;-2.058E-09
4;-2.425E-09
4;-2.62E-10
4;-1.68E-10
4;-2.61093E-11
4;-1.83E-10
4;-1.27E-10
4;8.30014E-11
4;-1.47E-10
4;-7.84449E-11
4;-0.000407167
4;-5.09E-10
4;-2.64E-10
4;-2.31E-10
4;1.23225E-11
4;1.24508E-11
4;2.18669E-11
4;1.49296E-11
4;1.71502E-11
4;2.71551E-11
4;1.69872E-11
4;9.58653E-12
4;-3.82085E-05
4;-9.37785E-13
4;1.49396E-11
4;1.7023E-11
4;1.12E-10
4;-1.12E-10
4;-1.82E-10
4;-4.68391E-11
4;-7.45231E-11
4;-2.68E-10
4;-5.56393E-11
4;-1.14E-10
4;0.000415394
4;2.86E-10
4;-5.83508E-11
4;1.92208E-11
4;-1.1027E-11
4;-9.09315E-12
4;-2.07366E-11
4;-1.18597E-11
4;-1.49747E-11
4;-2.57844E-11
4;-1.42059E-11
4;-8.18287E-12
4;3.81121E-05
4;8.2091E-08
4;-3.157E-09
4;3.45028E-11
4;-1.104E-09
4;-1.302E-09
4;-3.904E-09
4;-9.57E-10
4;-4.034E-09
4;1.704E-09
4;-4.20458E-11
4;-0.000102125
4;-2.248E-09
4;-2.43E-10
4;-1.56E-10
4;-2.42064E-11
4;-1.69E-10
4;-1.18E-10
4;7.6952E-11
4;-1.36E-10
4;-7.27277E-11
4;-3.9E-10
4;-0.000193714
4;-2.45E-10
4;-2.14E-10
4;1.14244E-11
4;1.15434E-11
4;2.02732E-11
4;1.38415E-11
4;1.59003E-11
4;2.5176E-11
4;1.57492E-11
4;8.88783E-12
4;-3.0089E-12
4;-1.69864E-05
4;1.38508E-11
4;1.57823E-11
4;1.03E-10
4;-1.04E-10
4;-1.69E-10
4;-4.34254E-11
4;-6.90917E-11
4;-2.49E-10
4;-5.15842E-11
4;-1.06E-10
4;3.05E-10
4;0.000200704
4;-5.40981E-11
4;1.78199E-11
4;-1.02233E-11
4;-8.43041E-12
4;-1.92253E-11
4;-1.09953E-11
4;-1.38833E-11
4;-2.39052E-11
4;-1.31705E-11
4;-7.58648E-12
4;3.40148E-12
4;1.68817E-05
4;-1.88555E-07
4;7.251E-09
4;-7.92493E-11
4;2.536E-09
4;2.991E-09
4;8.967E-09
4;2.198E-09
4;9.265E-09
4;-3.915E-09
4;9.65746E-11
4;4.382E-09
4;-8.93268E-06
4;5.58E-10
4;3.58E-10
4;5.55995E-11
4;3.89E-10
4;2.7E-10
4;-1.77E-10
4;3.13E-10
4;1.67E-10
4;8.95E-10
4;1.084E-09
4;-7.3202E-06
4;4.92E-10
4;-2.62407E-11
4;-2.65139E-11
4;-4.65654E-11
4;-3.17925E-11
4;-3.65213E-11
4;-5.78266E-11
4;-3.61742E-11
4;-2.04144E-11
4;6.91115E-12
4;1.99702E-12
4;-6.24791E-07
4;-3.62502E-11
4;-2.38E-10
4;2.38E-10
4;3.88E-10
4;9.97435E-11
4;1.59E-10
4;5.72E-10
4;1.18E-10
4;2.42E-10
4;-7.01E-10
4;-6.09E-10
4;4.81261E-06
4;-4.09305E-11
4;2.34818E-11
4;1.93638E-11
4;4.41584E-11
4;2.52551E-11
4;3.18884E-11
4;5.49076E-11
4;3.02512E-11
4;1.74254E-11
4;-7.81285E-12
4;-7.24343E-12
4;9.34182E-07
4;-3.479E-05
4;3.44473E-05
4;3.44334E-05
4;3.44384E-05
4;3.44392E-05
4;3.44505E-05
4;3.44377E-05
4;3.44511E-05
4;3.44262E-05
4;3.44338E-05
4;3.44419E-05
4;3.44433E-05
4;1.054E-09
4;6.77E-10
4;1.05E-10
4;7.35E-10
4;5.11E-10
4;-3.34E-10
4;5.92E-10
4;3.16E-10
4;1.693E-09
4;2.049E-09
4;1.062E-09
4;-5.27111E-05
4;-4.96058E-11
4;-5.01223E-11
4;-8.80281E-11
4;-6.01011E-11
4;-6.90404E-11
4;-1.09E-10
4;-6.83842E-11
4;-3.85918E-11
4;1.3065E-11
4;3.77522E-12
4;-6.01412E-11
4;-4.91398E-06
4;-4.49E-10
4;4.5E-10
4;7.34E-10
4;1.89E-10
4;3E-10
4;1.081E-09
4;2.24E-10
4;4.58E-10
4;-1.326E-09
4;-1.152E-09
4;2.35E-10
4;5.57221E-05
4;4.43903E-11
4;3.66056E-11
4;8.34778E-11
4;4.77426E-11
4;6.02823E-11
4;1.04E-10
4;5.71874E-11
4;3.29412E-11
4;-1.47695E-11
4;-1.36931E-11
4;3.14516E-11
4;4.85943E-06
4;-0.000323914
4;1.24567E-05
4;-1.3614E-07
4;4.3566E-06
4;5.13752E-06
4;1.54047E-05
4;3.7761E-06
4;1.59168E-05
4;-6.72514E-06
4;1.65903E-07
4;7.52722E-06
4;8.87096E-06
4;9.581E-07
4;6.1545E-07
4;9.5513E-08
4;6.67993E-07
4;4.64169E-07
4;-3.03635E-07
4;5.37539E-07
4;2.86966E-07
4;1.5383E-06
4;1.86178E-06
4;9.64741E-07
4;8.45053E-07
4;-4.5078E-08
4;-4.5547E-08
4;-7.9993E-08
4;-5.4615E-08
4;-6.2739E-08
4;-9.9339E-08
4;-6.2143E-08
4;-3.5069E-08
4;1.1872E-08
4;3.431E-09
4;-5.4652E-08
4;-6.2273E-08
4;-4.08374E-07
4;4.09066E-07
4;6.66572E-07
4;1.71346E-07
4;2.7262E-07
4;9.82005E-07
4;2.03539E-07
4;4.16555E-07
4;-1.20503E-06
4;-1.04682E-06
4;2.13458E-07
4;-7.0313E-08
4;4.0339E-08
4;3.3264E-08
4;7.5858E-08
4;4.3385E-08
4;5.478E-08
4;9.4324E-08
4;5.1968E-08
4;2.9935E-08
4;-1.3421E-08
4;-1.2443E-08
4;2.8581E-08
4;5.403E-08
4;4.90983E-05
5;1.946496876
5;-1.282959962
5;1.277624263
5;-1.247400251
5;1.241201984
5;1.307125488
5;-1.268597251
5;1.242468109
5;1.241067818
5;1.3328379
5;-1.274990034
5;1.242849959
5;1.241127535
5;1.242154265
5;1.269694425
5;-1.303901435
5;1.244576875
5;1.241397604
5;1.243292755
5;1.243864312
5;1.259474288
5;-1.275983383
5;1.242909293
5;1.241136814
5;1.242193381
5;1.242512031
5;1.243953123
5;1.341007505
5;-1.303966371
5;1.244580754
5;1.24139821
5;1.243295312
5;1.243867457
5;1.246454986
5;1.24395636
5;1.343208084
5;-1.257030114
5;1.241777189
5;1.240959767
5;1.241447029
5;1.241593982
5;1.242258577
5;1.241616816
5;1.242260069
5;1.373659114
5;-1.246095731
5;1.241124063
5;1.240857626
5;1.241016448
5;1.241064347
5;1.241280971
5;1.24107179
5;1.241281458
5;1.240929779
5;3.843782037
5;-1.284585668
5;1.243423119
5;1.24121717
5;1.242532127
5;1.242928704
5;1.244722224
5;1.242990326
5;1.244726253
5;1.241814559
5;1.241136244
5;12.54740317
5;-1.249102762
5;1.241303677
5;1.240885715
5;1.241134861
5;1.24121
5;1.241549819
5;1.241221676
5;1.241550583
5;1.240998903
5;1.240870382
5;1.241322786
5;1.439072363
5;-0.002180716
5;-0.001536818
5;2.03706E-05
5;8.58735E-05
5;0.000105628
5;0.00019497
5;0.000108698
5;0.000195171
5;5.01288E-05
5;1.63394E-05
5;0.000135281
5;2.56317E-05
5;0.000333481
5;-0.001340451
5;8.00669E-05
5;-0.000730236
5;5.27851E-05
5;6.49281E-05
5;0.000119845
5;6.6815E-05
5;0.000119968
5;3.08134E-05
5;1.00436E-05
5;8.31549E-05
5;1.57554E-05
5;4.14226E-06
5;0.001086655
5;-0.002705884
5;0.000161626
5;2.52764E-05
5;0.000895847
5;0.000131066
5;0.000241924
5;0.000134875
5;0.000242173
5;6.2201E-05
5;2.02743E-05
5;0.00016786
5;3.18044E-05
5;8.36171E-06
5;5.13981E-06
5;0.001405602
5;-0.001634262
5;9.76167E-05
5;1.52661E-05
5;6.43549E-05
5;-0.000943358
5;0.000146114
5;8.146E-05
5;0.000146264
5;3.75673E-05
5;1.2245E-05
5;0.000101382
5;1.92088E-05
5;5.05019E-06
5;3.10427E-06
5;6.2664E-06
5;0.000355892
5;-0.001049288
5;6.26754E-05
5;9.80166E-06
5;4.13195E-05
5;5.08249E-05
5;-0.000606399
5;5.23019E-05
5;9.39098E-05
5;2.41203E-05
5;7.86197E-06
5;6.50926E-05
5;1.23331E-05
5;3.24251E-06
5;1.99312E-06
5;4.02338E-06
5;2.42998E-06
5;0.000147177
5;-0.001245103
5;7.43717E-05
5;1.16308E-05
5;4.90304E-05
5;6.03097E-05
5;0.00011132
5;0.000373728
5;0.000111435
5;2.86216E-05
5;9.32916E-06
5;7.72401E-05
5;1.46347E-05
5;3.84761E-06
5;2.36507E-06
5;4.77421E-06
5;2.88346E-06
5;1.85134E-06
5;0.000742698
5;-0.00117615
5;7.0253E-05
5;1.09867E-05
5;4.63151E-05
5;5.69698E-05
5;0.000105155
5;5.86253E-05
5;-0.004738519
5;2.70365E-05
5;8.81251E-06
5;7.29625E-05
5;1.38242E-05
5;3.63453E-06
5;2.23409E-06
5;4.50981E-06
5;2.72377E-06
5;1.74882E-06
5;2.07518E-06
5;0.001602064
5;-5.01903E-05
5;2.99793E-06
5;4.6884E-07
5;1.97642E-06
5;2.43109E-06
5;4.48734E-06
5;2.50174E-06
5;4.49196E-06
5;-0.003340801
5;3.76059E-07
5;3.11356E-06
5;5.89927E-07
5;1.55098E-07
5;9.5336E-08
5;1.92449E-07
5;1.16233E-07
5;7.4628E-08
5;8.8555E-08
5;8.3651E-08
5;0.001807739
5;-0.002972457
5;0.000177549
5;2.77665E-05
5;0.000117051
5;0.000143978
5;0.000265757
5;0.000148163
5;0.000266031
5;6.83288E-05
5;-0.20619539
5;0.000184397
5;3.49377E-05
5;9.18548E-06
5;5.64616E-06
5;1.13976E-05
5;6.88374E-06
5;4.41974E-06
5;5.24455E-06
5;4.9541E-06
5;2.11408E-07
5;0.019138774
5;-0.002371871
5;0.000141675
5;2.21563E-05
5;9.34009E-05
5;0.000114888
5;0.000212061
5;0.000118226
5;0.000212279
5;5.45229E-05
5;1.77717E-05
5;-0.881654685
5;2.78785E-05
5;7.32955E-06
5;4.50535E-06
5;9.09468E-06
5;5.49287E-06
5;3.52673E-06
5;4.18488E-06
5;3.95313E-06
5;1.68693E-07
5;9.99065E-06
5;0.072496509
5;-0.004449772
5;0.000265791
5;4.15665E-05
5;0.000175226
5;0.000215536
5;0.000397839
5;0.0002218
5;0.000398248
5;0.000102288
5;3.33407E-05
5;0.000276042
5;0.01971642
5;1.37507E-05
5;8.45231E-06
5;1.70622E-05
5;1.0305E-05
5;6.61636E-06
5;7.85109E-06
5;7.4163E-06
5;3.16478E-07
5;1.87431E-05
5;1.4956E-05
5;0.008007191
5;-0.122507974
5;0.117965936
5;0.117722523
5;0.117867621
5;0.117911381
5;0.118109285
5;0.11791818
5;0.118109729
5;0.117788441
5;0.117713594
5;0.117977065
5;0.117734177
5;1.49274E-05
5;9.17564E-06
5;1.85223E-05
5;1.11868E-05
5;7.18258E-06
5;8.52297E-06
5;8.05097E-06
5;3.43562E-07
5;2.0347E-05
5;1.62359E-05
5;3.04595E-05
5;0.014894769
5;1.75518E-05
5;1.56713E-05
5;-1.63956E-07
5;-6.91165E-07
5;-8.50166E-07
5;-1.56925E-06
5;-8.74872E-07
5;-1.57086E-06
5;-4.03469E-07
5;-1.3151E-07
5;-1.08883E-06
5;-2.06301E-07
5;-7.27702E-06
5;-3.334E-08
5;-6.73E-08
5;-4.0647E-08
5;-2.6098E-08
5;-3.0968E-08
5;-2.9253E-08
5;-1.248E-09
5;-7.3931E-08
5;-5.8993E-08
5;-1.10674E-07
5;-1.20145E-07
5;2.00372E-07
5;-0.000119614
5;7.14471E-06
5;-0.000431361
5;4.71024E-06
5;5.79381E-06
5;1.06943E-05
5;5.96218E-06
5;1.07053E-05
5;2.74961E-06
5;8.9623E-07
5;7.42027E-06
5;1.40592E-06
5;3.69631E-07
5;-5.18464E-05
5;4.58647E-07
5;2.77007E-07
5;1.77854E-07
5;2.11045E-07
5;1.99357E-07
5;8.507E-09
5;5.03831E-07
5;4.02032E-07
5;7.54236E-07
5;8.18782E-07
5;-2.975E-09
5;1.05034E-05
5;0.000104716
5;-6.25482E-06
5;-9.78177E-07
5;-0.000402164
5;-5.07217E-06
5;-9.36228E-06
5;-5.21958E-06
5;-9.37192E-06
5;-2.40714E-06
5;-7.84602E-07
5;-6.49605E-06
5;-1.23081E-06
5;-3.23592E-07
5;-1.98907E-07
5;-7.00959E-05
5;-2.42505E-07
5;-1.55702E-07
5;-1.84759E-07
5;-1.74527E-07
5;-7.448E-09
5;-4.41077E-07
5;-3.51958E-07
5;-6.60293E-07
5;-7.168E-07
5;2.604E-09
5;-1.7749E-08
5;7.26006E-06
5;2.23279E-05
5;-1.33367E-06
5;-2.0857E-07
5;-8.79239E-07
5;-6.27884E-07
5;-1.99626E-06
5;-1.11294E-06
5;-1.99831E-06
5;-5.13257E-07
5;-1.67295E-07
5;-1.38511E-06
5;-2.62437E-07
5;-6.8997E-08
5;-4.2412E-08
5;-8.5614E-08
5;-8.40172E-06
5;-3.3199E-08
5;-3.9395E-08
5;-3.7213E-08
5;-1.588E-09
5;-9.4048E-08
5;-7.5046E-08
5;-1.4079E-07
5;-1.52838E-07
5;5.55E-10
5;-3.785E-09
5;3.313E-09
5;3.08395E-07
5;4.1356E-06
5;-2.47025E-07
5;-3.8632E-08
5;-1.62854E-07
5;-2.00318E-07
5;6.3576E-06
5;-2.06139E-07
5;-3.7013E-07
5;-9.5066E-08
5;-3.0987E-08
5;-2.56552E-07
5;-4.8609E-08
5;-1.278E-08
5;-7.856E-09
5;-1.5857E-08
5;-9.577E-09
5;-3.56974E-06
5;-7.297E-09
5;-6.893E-09
5;-2.94E-10
5;-1.742E-08
5;-1.39E-08
5;-2.6077E-08
5;-2.8309E-08
5;1.03E-10
5;-7.01E-10
5;6.14E-10
5;1.31E-10
5;1.19863E-07
5;3.73237E-05
5;-2.22939E-06
5;-3.4865E-07
5;-1.46975E-06
5;-1.80787E-06
5;-3.33698E-06
5;-0.000146704
5;-3.34042E-06
5;-8.5797E-07
5;-2.79654E-07
5;-2.31538E-06
5;-4.38695E-07
5;-1.15337E-07
5;-7.0896E-08
5;-1.43113E-07
5;-8.6436E-08
5;-5.5497E-08
5;-2.33645E-05
5;-6.2206E-08
5;-2.655E-09
5;-1.57212E-07
5;-1.25448E-07
5;-2.35347E-07
5;-2.55488E-07
5;9.28E-10
5;-6.326E-09
5;5.538E-09
5;1.181E-09
5;2.19E-10
5;1.23082E-06
5;1.0062E-05
5;-6.01019E-07
5;-9.3992E-08
5;-3.96229E-07
5;-4.8738E-07
5;-8.99613E-07
5;-5.01544E-07
5;-2.08978E-05
5;-2.31299E-07
5;-7.5392E-08
5;-6.24199E-07
5;-1.18267E-07
5;-3.1094E-08
5;-1.9113E-08
5;-3.8582E-08
5;-2.3302E-08
5;-1.4961E-08
5;-1.7753E-08
5;-5.68625E-05
5;-7.16E-10
5;-4.2383E-08
5;-3.3819E-08
5;-6.3447E-08
5;-6.8877E-08
5;2.5E-10
5;-1.706E-09
5;1.493E-09
5;3.18E-10
5;5.89673E-11
5;5.32E-10
5;3.18107E-06
5;-2.49978E-05
5;1.49316E-06
5;2.33511E-07
5;9.8438E-07
5;1.21083E-06
5;2.23497E-06
5;1.24602E-06
5;2.23727E-06
5;-0.000160487
5;1.87301E-07
5;1.55074E-06
5;2.9382E-07
5;7.7248E-08
5;4.7483E-08
5;9.5851E-08
5;5.7891E-08
5;3.7169E-08
5;4.4106E-08
5;4.1663E-08
5;-6.53683E-05
5;1.05294E-07
5;8.402E-08
5;1.57626E-07
5;1.71115E-07
5;-6.22E-10
5;4.237E-09
5;-3.709E-09
5;-7.91E-10
5;-1.46E-10
5;-1.322E-09
5;-3.56E-10
5;4.04354E-06
5;4.42166E-05
5;-2.64112E-06
5;-4.13038E-07
5;-1.74119E-06
5;-2.14174E-06
5;-3.95325E-06
5;-2.20398E-06
5;-3.95732E-06
5;-1.01642E-06
5;0.00376148
5;-2.74298E-06
5;-5.19713E-07
5;-1.36638E-07
5;-8.3989E-08
5;-1.69543E-07
5;-1.02398E-07
5;-6.5746E-08
5;-7.8015E-08
5;-7.3694E-08
5;-3.145E-09
5;-0.000387376
5;-1.48615E-07
5;-2.78811E-07
5;-3.02671E-07
5;1.1E-09
5;-7.495E-09
5;6.561E-09
5;1.399E-09
5;2.59E-10
5;2.339E-09
5;6.3E-10
5;-1.566E-09
5;8.47289E-06
5;2.73384E-05
5;-1.63296E-06
5;-2.55375E-07
5;-1.07655E-06
5;-1.32421E-06
5;-2.44424E-06
5;-1.36269E-06
5;-2.44675E-06
5;-6.28437E-07
5;-2.04838E-07
5;0.015337846
5;-3.21331E-07
5;-8.4481E-08
5;-5.1929E-08
5;-1.04826E-07
5;-6.3311E-08
5;-4.0649E-08
5;-4.8235E-08
5;-4.5564E-08
5;-1.944E-09
5;-1.15153E-07
5;-0.001303918
5;-1.72385E-07
5;-1.87137E-07
5;6.8E-10
5;-4.634E-09
5;4.057E-09
5;8.65E-10
5;1.6E-10
5;1.446E-09
5;3.9E-10
5;-9.68E-10
5;1.713E-09
5;2.41589E-05
5;-0.00020119
5;1.20173E-05
5;1.87936E-06
5;7.92257E-06
5;9.74513E-06
5;1.79877E-05
5;1.00283E-05
5;1.80062E-05
5;4.62481E-06
5;1.50745E-06
5;1.24808E-05
5;-7.11916E-05
5;6.21716E-07
5;3.82159E-07
5;7.7144E-07
5;4.65923E-07
5;2.99149E-07
5;3.54975E-07
5;3.35317E-07
5;1.4309E-08
5;8.47439E-07
5;6.76213E-07
5;0.000550869
5;1.37718E-06
5;-5.004E-09
5;3.4102E-08
5;-2.9854E-08
5;-6.366E-09
5;-1.179E-09
5;-1.0641E-08
5;-2.869E-09
5;7.127E-09
5;-1.2606E-08
5;-7.794E-09
5;5.75833E-05
5;0.002405433
5;-0.002295496
5;-0.002289605
5;-0.002293117
5;-0.002294176
5;-0.002298966
5;-0.002294341
5;-0.002298977
5;-0.0022912
5;-0.002289389
5;-0.002295766
5;-0.002289887
5;-3.61305E-07
5;-2.22089E-07
5;-4.48316E-07
5;-2.70768E-07
5;-1.73848E-07
5;-2.06291E-07
5;-1.94867E-07
5;-8.316E-09
5;-4.92483E-07
5;-3.92976E-07
5;-7.37247E-07
5;-0.000327914
5;2.908E-09
5;-1.9818E-08
5;1.735E-08
5;3.699E-09
5;6.85E-10
5;6.184E-09
5;1.667E-09
5;-4.142E-09
5;7.326E-09
5;4.529E-09
5;-3.3334E-08
5;7.85294E-06
5;-0.102845736
5;0.006143114
5;0.000960708
5;0.004049919
5;0.004981591
5;0.009195084
5;0.00512636
5;0.009204548
5;0.002364146
5;0.00077059
5;0.006380041
5;0.001208829
5;0.000317814
5;0.000195355
5;0.000394351
5;0.000238174
5;0.000152921
5;0.000181459
5;0.00017141
5;7.31463E-06
5;0.0004332
5;0.000345672
5;0.000648501
5;0.000703999
5;-2.55797E-06
5;1.74323E-05
5;-1.52611E-05
5;-3.25402E-06
5;-6.02714E-07
5;-5.43948E-06
5;-1.46642E-06
5;3.64314E-06
5;-6.44404E-06
5;-3.98425E-06
5;2.9321E-05
5;-1.70397E-05
5;0.014988544
6;0.029192234
6;-0.010837292
6;0.015133254
6;-0.01009297
6;0.009641684
6;0.041367951
6;-0.010390476
6;0.009660308
6;0.009630698
6;0.043714884
6;-0.010263105
6;0.009652334
6;0.009627567
6;0.009637466
6;0.018409671
6;-0.011038675
6;0.009700885
6;0.009646635
6;0.009668319
6;0.009659036
6;0.011134123
6;-0.010388942
6;0.009660212
6;0.009630661
6;0.009642472
6;0.009637415
6;0.009668207
6;0.032136811
6;-0.010862273
6;0.009689842
6;0.009642298
6;0.009661302
6;0.009653166
6;0.009702706
6;0.009661204
6;0.016595692
6;-0.009357683
6;0.009595655
6;0.009605306
6;0.009601448
6;0.0096031
6;0.009593044
6;0.009601468
6;0.009595331
6;0.056238434
6;-0.009972245
6;0.009634127
6;0.009620416
6;0.009625896
6;0.00962355
6;0.009637836
6;0.009625868
6;0.009634587
6;0.009606871
6;0.205846917
6;-0.010360152
6;0.00965841
6;0.009629953
6;0.009641327
6;0.009636457
6;0.009666109
6;0.009641268
6;0.009659365
6;0.009601841
6;0.009625337
6;0.059286866
6;-0.010528826
6;0.009668969
6;0.0096341
6;0.009648037
6;0.00964207
6;0.009678403
6;0.009647965
6;0.009670139
6;0.009599655
6;0.009628444
6;0.009646616
6;0.035458132
6;-4.00458E-05
6;0.001662229
6;9.84591E-07
6;1.59304E-06
6;1.33255E-06
6;2.91872E-06
6;1.5899E-06
6;2.55795E-06
6;-5.19195E-07
6;7.37688E-07
6;1.53102E-06
6;1.87599E-06
6;0.002297208
6;-0.000157637
6;9.86803E-06
6;0.009890906
6;6.27088E-06
6;5.24545E-06
6;1.14893E-05
6;6.25853E-06
6;1.00691E-05
6;-2.04377E-06
6;2.90385E-06
6;6.02675E-06
6;7.38469E-06
6;3.22394E-07
6;0.00794224
6;-1.62836E-05
6;1.01935E-06
6;4.00359E-07
6;0.010300718
6;5.41846E-07
6;1.18682E-06
6;6.46494E-07
6;1.04012E-06
6;-2.11118E-07
6;2.99962E-07
6;6.22552E-07
6;7.62824E-07
6;3.3303E-08
6;1.31094E-07
6;0.007594127
6;-6.74894E-05
6;4.22482E-06
6;1.65934E-06
6;2.68476E-06
6;0.002792318
6;4.91893E-06
6;2.67947E-06
6;4.31092E-06
6;-8.75003E-07
6;1.24323E-06
6;2.58024E-06
6;3.16162E-06
6;1.38027E-07
6;5.43333E-07
6;5.6125E-08
6;0.002355879
6;-4.71228E-05
6;2.94987E-06
6;1.15859E-06
6;1.87457E-06
6;1.56803E-06
6;0.000449312
6;1.87087E-06
6;3.00999E-06
6;-6.10948E-07
6;8.68053E-07
6;1.80159E-06
6;2.20752E-06
6;9.6374E-08
6;3.79368E-07
6;3.9188E-08
6;1.6242E-07
6;0.000512501
6;-3.42259E-05
6;2.14253E-06
6;8.41499E-07
6;1.36152E-06
6;1.13888E-06
6;2.49454E-06
6;0.006351563
6;2.1862E-06
6;-4.4374E-07
6;6.30479E-07
6;1.30852E-06
6;1.60335E-06
6;6.9998E-08
6;2.7554E-07
6;2.8463E-08
6;1.17968E-07
6;8.2368E-08
6;0.004939084
6;-8.21448E-06
6;5.14224E-07
6;2.01966E-07
6;3.26776E-07
6;2.73341E-07
6;5.98708E-07
6;3.26132E-07
6;0.002100402
6;-1.06501E-07
6;1.5132E-07
6;3.14054E-07
6;3.84817E-07
6;1.68E-08
6;6.6132E-08
6;6.831E-09
6;2.8313E-08
6;1.9769E-08
6;1.4358E-08
6;0.001845891
6;2.37756E-05
6;-1.48834E-06
6;-5.84561E-07
6;-9.45804E-07
6;-7.91145E-07
6;-1.73287E-06
6;-9.43941E-07
6;-1.51868E-06
6;0.014596604
6;-4.37972E-07
6;-9.08983E-07
6;-1.11379E-06
6;-4.8625E-08
6;-1.91409E-07
6;-1.9772E-08
6;-8.1948E-08
6;-5.7218E-08
6;-4.1558E-08
6;-9.974E-09
6;0.021440689
6;-0.000153703
6;9.62174E-06
6;3.77903E-06
6;6.11436E-06
6;5.11453E-06
6;1.12025E-05
6;6.10232E-06
6;9.81783E-06
6;-1.99276E-06
6;0.059280348
6;5.87633E-06
6;7.20037E-06
6;3.14348E-07
6;1.23741E-06
6;1.27822E-07
6;5.29772E-07
6;3.699E-07
6;2.68663E-07
6;6.4481E-08
6;-1.86631E-07
6;0.089501309
6;-0.000228304
6;1.42918E-05
6;5.61323E-06
6;9.08206E-06
6;7.59695E-06
6;1.66398E-05
6;9.06417E-06
6;1.45831E-05
6;-2.95998E-06
6;4.20562E-06
6;0.013601847
6;1.06952E-05
6;4.66921E-07
6;1.838E-06
6;1.89862E-07
6;7.86904E-07
6;5.49436E-07
6;3.99063E-07
6;9.5778E-08
6;-2.77216E-07
6;1.79212E-06
6;0.015011422
6;-3.56505E-05
6;2.23171E-06
6;8.76524E-07
6;1.41819E-06
6;1.18629E-06
6;2.59837E-06
6;1.4154E-06
6;2.27719E-06
6;-4.62209E-07
6;6.56721E-07
6;1.36298E-06
6;0.007035781
6;7.2911E-08
6;2.87009E-07
6;2.9647E-08
6;1.22878E-07
6;8.5796E-08
6;6.2315E-08
6;1.4956E-08
6;-4.3288E-08
6;2.79846E-07
6;4.15673E-07
6;0.002482022
6;0.003140548
6;-0.003166443
6;-0.003167493
6;-0.003167074
6;-0.003167253
6;-0.003166159
6;-0.003167076
6;-0.003166408
6;-0.003168531
6;-0.003167664
6;-0.003167117
6;-0.003166879
6;5.6498E-08
6;2.22398E-07
6;2.2973E-08
6;9.5216E-08
6;6.6482E-08
6;4.8287E-08
6;1.1589E-08
6;-3.3543E-08
6;2.16847E-07
6;3.22097E-07
6;5.0296E-08
6;0.004098674
6;3.78409E-06
6;0.000102926
6;-9.3038E-08
6;-1.50533E-07
6;-1.25917E-07
6;-2.75801E-07
6;-1.50236E-07
6;-2.4171E-07
6;4.9061E-08
6;-6.9707E-08
6;-1.44672E-07
6;-1.7727E-07
6;0.000196814
6;-3.0464E-08
6;-3.147E-09
6;-1.3043E-08
6;-9.107E-09
6;-6.614E-09
6;-1.587E-09
6;4.595E-09
6;-2.9704E-08
6;-4.4121E-08
6;-6.89E-09
6;-5.339E-09
6;1.84275E-05
6;-8.74909E-06
6;5.4769E-07
6;0.000623487
6;3.48043E-07
6;2.9113E-07
6;6.37673E-07
6;3.47357E-07
6;5.58852E-07
6;-1.13432E-07
6;1.61168E-07
6;3.34493E-07
6;4.09861E-07
6;1.7893E-08
6;0.000644711
6;7.276E-09
6;3.0156E-08
6;2.1056E-08
6;1.5293E-08
6;3.67E-09
6;-1.0623E-08
6;6.8678E-08
6;1.02012E-07
6;1.5929E-08
6;1.2343E-08
6;-1.691E-09
6;5.71054E-05
6;4.30563E-06
6;-2.69531E-07
6;-1.05861E-07
6;0.000639726
6;-1.43272E-07
6;-3.13813E-07
6;-1.70943E-07
6;-2.75024E-07
6;5.5823E-08
6;-7.9314E-08
6;-1.64612E-07
6;-2.01702E-07
6;-8.806E-09
6;-3.4663E-08
6;0.00060897
6;-1.484E-08
6;-1.0362E-08
6;-7.526E-09
6;-1.806E-09
6;5.228E-09
6;-3.3798E-08
6;-5.0202E-08
6;-7.839E-09
6;-6.074E-09
6;8.32E-10
6;-1.924E-09
6;5.34897E-05
6;1.81409E-07
6;-1.1356E-08
6;-4.46E-09
6;-7.217E-09
6;0.000176357
6;-1.3222E-08
6;-7.202E-09
6;-1.1588E-08
6;2.352E-09
6;-3.342E-09
6;-6.936E-09
6;-8.498E-09
6;-3.71E-10
6;-1.46E-09
6;-1.51E-10
6;0.000191286
6;-4.37E-10
6;-3.17E-10
6;-7.61045E-11
6;2.2E-10
6;-1.424E-09
6;-2.115E-09
6;-3.3E-10
6;-2.56E-10
6;3.50583E-11
6;-8.10575E-11
6;3.98903E-11
6;1.70181E-05
6;3.18799E-06
6;-1.99567E-07
6;-7.8382E-08
6;-1.2682E-07
6;-1.06082E-07
6;2.7478E-05
6;-1.2657E-07
6;-2.03634E-07
6;4.1332E-08
6;-5.8726E-08
6;-1.21882E-07
6;-1.49345E-07
6;-6.52E-09
6;-2.5665E-08
6;-2.651E-09
6;-1.0988E-08
6;4.18883E-05
6;-5.572E-09
6;-1.337E-09
6;3.871E-09
6;-2.5025E-08
6;-3.7171E-08
6;-5.804E-09
6;-4.498E-09
6;6.16E-10
6;-1.424E-09
6;7.01E-10
6;2.95356E-11
6;3.70136E-06
6;1.82619E-06
6;-1.14319E-07
6;-4.49E-08
6;-7.2647E-08
6;-6.0767E-08
6;-1.33101E-07
6;0.000376972
6;-1.16649E-07
6;2.3677E-08
6;-3.364E-08
6;-6.9818E-08
6;-8.555E-08
6;-3.735E-09
6;-1.4702E-08
6;-1.519E-09
6;-6.294E-09
6;-4.395E-09
6;0.000386659
6;-7.66E-10
6;2.217E-09
6;-1.4335E-08
6;-2.1293E-08
6;-3.325E-09
6;-2.576E-09
6;3.53E-10
6;-8.16E-10
6;4.02E-10
6;1.69191E-11
6;2.97E-10
6;3.26888E-05
6;5.85611E-06
6;-3.66591E-07
6;-1.43982E-07
6;-2.32959E-07
6;-1.94865E-07
6;-4.26819E-07
6;-2.325E-07
6;0.000126967
6;7.5925E-08
6;-1.07876E-07
6;-2.23889E-07
6;-2.74336E-07
6;-1.1977E-08
6;-4.7145E-08
6;-4.87E-09
6;-2.0184E-08
6;-1.4093E-08
6;-1.0236E-08
6;0.000143437
6;7.111E-09
6;-4.5969E-08
6;-6.828E-08
6;-1.0662E-08
6;-8.262E-09
6;1.132E-09
6;-2.617E-09
6;1.288E-09
6;5.42549E-11
6;9.53E-10
6;5.46E-10
6;1.19311E-05
6;5.1903E-06
6;-3.24911E-07
6;-1.27612E-07
6;-2.06473E-07
6;-1.7271E-07
6;-3.78292E-07
6;-2.06066E-07
6;-3.31533E-07
6;0.000903191
6;-9.5611E-08
6;-1.98434E-07
6;-2.43146E-07
6;-1.0615E-08
6;-4.1785E-08
6;-4.316E-09
6;-1.789E-08
6;-1.2491E-08
6;-9.072E-09
6;-2.177E-09
6;0.001781774
6;-4.0742E-08
6;-6.0517E-08
6;-9.45E-09
6;-7.323E-09
6;1.003E-09
6;-2.319E-09
6;1.141E-09
6;4.80865E-11
6;8.45E-10
6;4.84E-10
6;1.552E-09
6;0.000159991
6;-1.01645E-05
6;6.36296E-07
6;2.49911E-07
6;4.04349E-07
6;3.3823E-07
6;7.40836E-07
6;4.03553E-07
6;6.49264E-07
6;-1.31783E-07
6;0.003482116
6;3.88608E-07
6;4.76168E-07
6;2.0788E-08
6;8.1831E-08
6;8.453E-09
6;3.5034E-08
6;2.4462E-08
6;1.7767E-08
6;4.264E-09
6;-1.2342E-08
6;0.007231079
6;1.18515E-07
6;1.8506E-08
6;1.434E-08
6;-1.964E-09
6;4.542E-09
6;-2.235E-09
6;-9.4171E-11
6;-1.655E-09
6;-9.48E-10
6;-3.04E-09
6;-2.694E-09
6;0.000658046
6;-1.11047E-05
6;6.95149E-07
6;2.73026E-07
6;4.41749E-07
6;3.69514E-07
6;8.09359E-07
6;4.40879E-07
6;7.09317E-07
6;-1.43973E-07
6;2.0456E-07
6;0.000786632
6;5.20211E-07
6;2.2711E-08
6;8.94E-08
6;9.235E-09
6;3.8275E-08
6;2.6724E-08
6;1.941E-08
6;4.659E-09
6;-1.3484E-08
6;8.7168E-08
6;0.001189555
6;2.0218E-08
6;1.5667E-08
6;-2.146E-09
6;4.962E-09
6;-2.442E-09
6;-1.03E-10
6;-1.808E-09
6;-1.036E-09
6;-3.321E-09
6;-2.944E-09
6;5.765E-09
6;0.000100438
6;5.03263E-06
6;-3.15041E-07
6;-1.23735E-07
6;-2.002E-07
6;-1.67463E-07
6;-3.66801E-07
6;-1.99806E-07
6;-3.21462E-07
6;6.5248E-08
6;-9.2707E-08
6;-1.92407E-07
6;0.000415128
6;-1.0293E-08
6;-4.0516E-08
6;-4.185E-09
6;-1.7346E-08
6;-1.2112E-08
6;-8.797E-09
6;-2.111E-09
6;6.111E-09
6;-3.9505E-08
6;-5.8679E-08
6;0.000165429
6;-7.1E-09
6;9.73E-10
6;-2.249E-09
6;1.107E-09
6;4.66257E-11
6;8.19E-10
6;4.69E-10
6;1.505E-09
6;1.334E-09
6;-2.612E-09
6;-2.854E-09
6;1.18338E-05
6;0.000207807
6;-0.00020412
6;-0.000203971
6;-0.000204031
6;-0.000204005
6;-0.000204161
6;-0.00020403
6;-0.000204125
6;-0.000203823
6;-0.000203947
6;-0.000204025
6;-0.000204059
6;-8.043E-09
6;-3.1661E-08
6;-3.271E-09
6;-1.3555E-08
6;-9.465E-09
6;-6.874E-09
6;-1.65E-09
6;4.775E-09
6;-3.0871E-08
6;-4.5855E-08
6;-7.16E-09
6;0.000348908
6;7.6E-10
6;-1.757E-09
6;8.65E-10
6;3.6436E-11
6;6.4E-10
6;3.67E-10
6;1.176E-09
6;1.042E-09
6;-2.042E-09
6;-2.23E-09
6;1.011E-09
6;3.23968E-05
6;1.19219E-05
6;-0.002016779
6;-2.93118E-07
6;-4.74257E-07
6;-3.96706E-07
6;-8.68919E-07
6;-4.73323E-07
6;-7.61515E-07
6;1.54567E-07
6;-2.19614E-07
6;-4.55794E-07
6;-5.58493E-07
6;-0.00240576
6;-9.5979E-08
6;-9.914E-09
6;-4.1091E-08
6;-2.8691E-08
6;-2.0839E-08
6;-5.001E-09
6;1.4476E-08
6;-9.3583E-08
6;-1.39005E-07
6;-2.1706E-08
6;-1.682E-08
6;-0.00020357
6;-5.327E-09
6;2.622E-09
6;1.1E-10
6;1.941E-09
6;1.112E-09
6;3.566E-09
6;3.16E-09
6;-6.189E-09
6;-6.761E-09
6;3.064E-09
6;2.395E-09
6;0.002543706
6;0.000104746
6;-6.55704E-06
6;-0.014356049
6;-4.16683E-06
6;-3.48546E-06
6;-7.63432E-06
6;-4.15862E-06
6;-6.69067E-06
6;1.35803E-06
6;-1.92953E-06
6;-4.00461E-06
6;-4.90692E-06
6;-2.14222E-07
6;-0.009332914
6;-8.7108E-08
6;-3.6103E-07
6;-2.5208E-07
6;-1.83089E-07
6;-4.3943E-08
6;1.27186E-07
6;-8.22222E-07
6;-1.2213E-06
6;-1.9071E-07
6;-1.47777E-07
6;2.0243E-08
6;-0.000732382
6;2.3033E-08
6;9.7E-10
6;1.7054E-08
6;9.769E-09
6;3.1327E-08
6;2.7765E-08
6;-5.4374E-08
6;-5.9404E-08
6;2.6922E-08
6;2.1038E-08
6;6.3775E-08
6;0.01157094
6;-2.16672E-05
6;1.35636E-06
6;5.32724E-07
6;-0.014225142
6;7.20988E-07
6;1.57921E-06
6;8.60235E-07
6;1.38401E-06
6;-2.80916E-07
6;3.99134E-07
6;8.28377E-07
6;1.01503E-06
6;4.4313E-08
6;1.74435E-07
6;-0.008780905
6;7.4681E-08
6;5.2144E-08
6;3.7873E-08
6;9.09E-09
6;-2.6309E-08
6;1.70081E-07
6;2.52633E-07
6;3.9449E-08
6;3.0569E-08
6;-4.187E-09
6;9.681E-09
6;-0.000682709
6;-2.01E-10
6;-3.528E-09
6;-2.021E-09
6;-6.48E-09
6;-5.743E-09
6;1.1248E-08
6;1.2288E-08
6;-5.569E-09
6;-4.352E-09
6;-1.3192E-08
6;-1.15907E-07
6;0.01061806
6;1.5188E-05
6;-9.50762E-07
6;-3.73421E-07
6;-6.04184E-07
6;-0.003839443
6;-1.10697E-06
6;-6.02995E-07
6;-9.70139E-07
6;1.96913E-07
6;-2.79779E-07
6;-5.80663E-07
6;-7.11497E-07
6;-3.1062E-08
6;-1.22273E-07
6;-1.2631E-08
6;-0.002689138
6;-3.6551E-08
6;-2.6548E-08
6;-6.372E-09
6;1.8442E-08
6;-1.19221E-07
6;-1.77087E-07
6;-2.7653E-08
6;-2.1428E-08
6;2.935E-09
6;-6.786E-09
6;3.34E-09
6;-0.000212363
6;2.473E-09
6;1.417E-09
6;4.542E-09
6;4.026E-09
6;-7.884E-09
6;-8.613E-09
6;3.904E-09
6;3.051E-09
6;9.247E-09
6;8.1247E-08
6;-1.6806E-08
6;0.003206133
6;1.65837E-05
6;-1.03813E-06
6;-4.07736E-07
6;-6.59706E-07
6;-5.5183E-07
6;-0.000578067
6;-6.58407E-07
6;-1.05929E-06
6;2.15008E-07
6;-3.05489E-07
6;-6.34023E-07
6;-7.76881E-07
6;-3.3916E-08
6;-1.33509E-07
6;-1.3791E-08
6;-5.7159E-08
6;-0.000553597
6;-2.8987E-08
6;-6.957E-09
6;2.0136E-08
6;-1.30177E-07
6;-1.9336E-07
6;-3.0194E-08
6;-2.3397E-08
6;3.205E-09
6;-7.41E-09
6;3.647E-09
6;1.54E-10
6;-4.44519E-05
6;1.547E-09
6;4.96E-09
6;4.396E-09
6;-8.609E-09
6;-9.405E-09
6;4.262E-09
6;3.331E-09
6;1.0097E-08
6;8.8713E-08
6;-1.8351E-08
6;1.2863E-08
6;0.00061111
6;5.13889E-06
6;-3.21693E-07
6;-1.26348E-07
6;-2.04427E-07
6;-1.70999E-07
6;-3.74545E-07
6;-0.007957946
6;-3.28249E-07
6;6.6626E-08
6;-9.4664E-08
6;-1.96469E-07
6;-2.40737E-07
6;-1.051E-08
6;-4.1371E-08
6;-4.274E-09
6;-1.7712E-08
6;-1.2367E-08
6;-0.005392844
6;-2.156E-09
6;6.24E-09
6;-4.0339E-08
6;-5.9918E-08
6;-9.356E-09
6;-7.25E-09
6;9.93E-10
6;-2.296E-09
6;1.13E-09
6;4.76101E-11
6;8.37E-10
6;-0.000413607
6;1.537E-09
6;1.362E-09
6;-2.668E-09
6;-2.914E-09
6;1.321E-09
6;1.032E-09
6;3.129E-09
6;2.749E-08
6;-5.686E-09
6;3.986E-09
6;4.352E-09
6;0.006000471
6;-3.52411E-05
6;2.20608E-06
6;8.6646E-07
6;1.40191E-06
6;1.17267E-06
6;2.56853E-06
6;1.39915E-06
6;-0.002953439
6;-4.56903E-07
6;6.49181E-07
6;1.34733E-06
6;1.65091E-06
6;7.2074E-08
6;2.83714E-07
6;2.9307E-08
6;1.21467E-07
6;8.4811E-08
6;6.1599E-08
6;-0.002106162
6;-4.2791E-08
6;2.76633E-07
6;4.109E-07
6;6.4163E-08
6;4.9719E-08
6;-6.811E-09
6;1.5747E-08
6;-7.749E-09
6;-3.26E-10
6;-5.738E-09
6;-3.287E-09
6;-0.000159234
6;-9.341E-09
6;1.8294E-08
6;1.9986E-08
6;-9.058E-09
6;-7.078E-09
6;-2.1457E-08
6;-1.8852E-07
6;3.8996E-08
6;-2.7335E-08
6;-2.9847E-08
6;-9.249E-09
6;0.002511076
6;-6.71238E-05
6;4.20193E-06
6;1.65035E-06
6;2.67022E-06
6;2.23358E-06
6;4.89228E-06
6;2.66496E-06
6;4.28756E-06
6;-0.019287094
6;1.23649E-06
6;2.56626E-06
6;3.14449E-06
6;1.37279E-07
6;5.40389E-07
6;5.5821E-08
6;2.31358E-07
6;1.6154E-07
6;1.17328E-07
6;2.816E-08
6;-0.022909002
6;5.26902E-07
6;7.82641E-07
6;1.22212E-07
6;9.47E-08
6;-1.2972E-08
6;2.9992E-08
6;-1.476E-08
6;-6.22E-10
6;-1.0929E-08
6;-6.26E-09
6;-2.0075E-08
6;-0.001872632
6;3.4845E-08
6;3.8067E-08
6;-1.7252E-08
6;-1.3482E-08
6;-4.0869E-08
6;-3.59074E-07
6;7.4277E-08
6;-5.2065E-08
6;-5.685E-08
6;-1.7616E-08
6;1.20809E-07
6;0.02503242
6;0.000141977
6;-8.88769E-06
6;-3.49072E-06
6;-5.6479E-06
6;-4.72434E-06
6;-1.03479E-05
6;-5.63677E-06
6;-9.06883E-06
6;1.84073E-06
6;-0.070358948
6;-5.42802E-06
6;-6.65105E-06
6;-2.90366E-07
6;-1.143E-06
6;-1.1807E-07
6;-4.89355E-07
6;-3.4168E-07
6;-2.48167E-07
6;-5.9562E-08
6;1.72393E-07
6;-0.092847947
6;-1.6554E-06
6;-2.58496E-07
6;-2.00304E-07
6;2.7438E-08
6;-6.3438E-08
6;3.1219E-08
6;1.315E-09
6;2.3116E-08
6;1.3241E-08
6;4.2462E-08
6;3.7634E-08
6;-0.007427658
6;-8.0518E-08
6;3.6491E-08
6;2.8516E-08
6;8.6444E-08
6;7.59494E-07
6;-1.57106E-07
6;1.10126E-07
6;1.20246E-07
6;3.7261E-08
6;-2.55528E-07
6;-4.86704E-07
6;0.0969438
6;0.00017695
6;-1.1077E-05
6;-4.35061E-06
6;-7.03917E-06
6;-5.88811E-06
6;-1.28969E-05
6;-7.0253E-06
6;-1.13028E-05
6;2.29417E-06
6;-3.25962E-06
6;-0.016810849
6;-8.28943E-06
6;-3.61893E-07
6;-1.42456E-06
6;-1.47155E-07
6;-6.099E-07
6;-4.25847E-07
6;-3.09299E-07
6;-7.4234E-08
6;2.14859E-07
6;-1.38901E-06
6;-0.015889976
6;-3.22172E-07
6;-2.49645E-07
6;3.4197E-08
6;-7.9065E-08
6;3.891E-08
6;1.639E-09
6;2.881E-08
6;1.6503E-08
6;5.2922E-08
6;4.6905E-08
6;-9.1857E-08
6;-0.001240374
6;4.548E-08
6;3.5541E-08
6;1.07738E-07
6;9.46583E-07
6;-1.95806E-07
6;1.37253E-07
6;1.49866E-07
6;4.644E-08
6;-3.18473E-07
6;-6.06596E-07
6;1.28304E-06
6;0.017013098
6;-4.24756E-05
6;2.65896E-06
6;1.04433E-06
6;1.6897E-06
6;1.4134E-06
6;3.09582E-06
6;1.68637E-06
6;2.71315E-06
6;-5.50698E-07
6;7.82448E-07
6;1.62392E-06
6;-0.012368157
6;8.687E-08
6;3.41956E-07
6;3.5323E-08
6;1.46402E-07
6;1.02222E-07
6;7.4245E-08
6;1.7819E-08
6;-5.1575E-08
6;3.33421E-07
6;4.95252E-07
6;-0.003936493
6;5.9926E-08
6;-8.209E-09
6;1.8979E-08
6;-9.34E-09
6;-3.94E-10
6;-6.916E-09
6;-3.961E-09
6;-1.2703E-08
6;-1.1259E-08
6;2.205E-08
6;2.4089E-08
6;-0.000251344
6;-8.531E-09
6;-2.5862E-08
6;-2.2722E-07
6;4.7002E-08
6;-3.2947E-08
6;-3.5974E-08
6;-1.1148E-08
6;7.6447E-08
6;1.45609E-07
6;-3.07984E-07
6;-3.83851E-07
6;0.007937369
6;-0.004023927
6;0.004004496
6;0.004003708
6;0.004004023
6;0.004003888
6;0.004004709
6;0.004004021
6;0.004004522
6;0.00400293
6;0.00400358
6;0.004003991
6;0.004004169
6;4.2394E-08
6;1.6688E-07
6;1.7238E-08
6;7.1446E-08
6;4.9886E-08
6;3.6233E-08
6;8.696E-09
6;-2.517E-08
6;1.62715E-07
6;2.4169E-07
6;3.7741E-08
6;-0.004373848
6;-4.006E-09
6;9.262E-09
6;-4.558E-09
6;-1.92E-10
6;-3.375E-09
6;-1.933E-09
6;-6.199E-09
6;-5.495E-09
6;1.076E-08
6;1.1756E-08
6;-5.328E-09
6;-0.000366629
6;-1.2621E-08
6;-1.10887E-07
6;2.2938E-08
6;-1.6078E-08
6;-1.7556E-08
6;-5.44E-09
6;3.7307E-08
6;7.1059E-08
6;-1.50301E-07
6;-1.87325E-07
6;4.4966E-08
6;0.004749633
6;-3.5288E-06
6;-9.81157E-05
6;8.6761E-08
6;1.40377E-07
6;1.17423E-07
6;2.57195E-07
6;1.40101E-07
6;2.25404E-07
6;-4.5751E-08
6;6.5004E-08
6;1.34912E-07
6;1.65311E-07
6;-0.000195343
6;2.8409E-08
6;2.935E-09
6;1.2163E-08
6;8.492E-09
6;6.168E-09
6;1.48E-09
6;-4.285E-09
6;2.77E-08
6;4.1145E-08
6;6.425E-09
6;4.979E-09
6;-1.8336E-05
6;1.577E-09
6;-7.76E-10
6;-3.26932E-11
6;-5.75E-10
6;-3.29E-10
6;-1.055E-09
6;-9.35E-10
6;1.832E-09
6;2.001E-09
6;-9.07E-10
6;-7.09E-10
6;0.000201647
6;-1.8877E-08
6;3.905E-09
6;-2.737E-09
6;-2.989E-09
6;-9.26E-10
6;6.351E-09
6;1.2097E-08
6;-2.5587E-08
6;-3.189E-08
6;7.655E-09
6;3.736E-09
6;1.82523E-05
6;9.26687E-06
6;-5.80103E-07
6;-0.000495962
6;-3.6864E-07
6;-3.0836E-07
6;-6.75411E-07
6;-3.67914E-07
6;-5.91926E-07
6;1.20145E-07
6;-1.70706E-07
6;-3.54289E-07
6;-4.34117E-07
6;-1.8952E-08
6;-0.000604993
6;-7.706E-09
6;-3.194E-08
6;-2.2302E-08
6;-1.6198E-08
6;-3.888E-09
6;1.1252E-08
6;-7.2742E-08
6;-1.08049E-07
6;-1.6872E-08
6;-1.3074E-08
6;1.791E-09
6;-5.46016E-05
6;2.038E-09
6;8.58545E-11
6;1.509E-09
6;8.64E-10
6;2.771E-09
6;2.456E-09
6;-4.811E-09
6;-5.255E-09
6;2.382E-09
6;1.861E-09
6;5.642E-09
6;0.0006645
6;-1.0254E-08
6;7.188E-09
6;7.848E-09
6;2.432E-09
6;-1.6678E-08
6;-3.1767E-08
6;6.7193E-08
6;8.3744E-08
6;-2.0102E-08
6;-9.81E-09
6;-1.67E-09
6;5.31687E-05
6;-3.91726E-06
6;2.45219E-07
6;9.6312E-08
6;-0.000546718
6;1.30349E-07
6;2.85507E-07
6;1.55523E-07
6;2.50217E-07
6;-5.0787E-08
6;7.216E-08
6;1.49764E-07
6;1.83508E-07
6;8.011E-09
6;3.1536E-08
6;-0.000580849
6;1.3502E-08
6;9.427E-09
6;6.847E-09
6;1.643E-09
6;-4.756E-09
6;3.0749E-08
6;4.5674E-08
6;7.132E-09
6;5.527E-09
6;-7.57E-10
6;1.75E-09
6;-5.17426E-05
6;-3.62921E-11
6;-6.38E-10
6;-3.65E-10
6;-1.172E-09
6;-1.038E-09
6;2.033E-09
6;2.222E-09
6;-1.007E-09
6;-7.87E-10
6;-2.385E-09
6;-2.0955E-08
6;0.000636631
6;-3.038E-09
6;-3.318E-09
6;-1.028E-09
6;7.05E-09
6;1.3429E-08
6;-2.8403E-08
6;-3.54E-08
6;8.498E-09
6;4.147E-09
6;7.06E-10
6;-1.854E-09
6;5.05431E-05
6;5.31066E-07
6;-3.3245E-08
6;-1.3057E-08
6;-2.1126E-08
6;-0.000151914
6;-3.8706E-08
6;-2.1084E-08
6;-3.3922E-08
6;6.885E-09
6;-9.783E-09
6;-2.0304E-08
6;-2.4878E-08
6;-1.086E-09
6;-4.275E-09
6;-4.42E-10
6;-0.00018351
6;-1.278E-09
6;-9.28E-10
6;-2.23E-10
6;6.45E-10
6;-4.169E-09
6;-6.192E-09
6;-9.67E-10
6;-7.49E-10
6;1.03E-10
6;-2.37E-10
6;1.17E-10
6;-1.65264E-05
6;8.64643E-11
6;4.95298E-11
6;1.59E-10
6;1.41E-10
6;-2.76E-10
6;-3.01E-10
6;1.36E-10
6;1.07E-10
6;3.23E-10
6;2.841E-09
6;-5.88E-10
6;0.000199498
6;4.5E-10
6;1.39E-10
6;-9.56E-10
6;-1.821E-09
6;3.851E-09
6;4.799E-09
6;-1.152E-09
6;-5.62E-10
6;-9.57079E-11
6;2.51E-10
6;-1.06E-10
6;1.61992E-05
6;-2.8605E-06
6;1.79066E-07
6;7.033E-08
6;1.13792E-07
6;9.5184E-08
6;-2.49874E-05
6;1.13568E-07
6;1.82716E-07
6;-3.7086E-08
6;5.2693E-08
6;1.09362E-07
6;1.34003E-07
6;5.85E-09
6;2.3029E-08
6;2.379E-09
6;9.859E-09
6;-4.10987E-05
6;0.000000005
6;1.2E-09
6;-3.473E-09
6;2.2454E-08
6;3.3352E-08
6;5.208E-09
6;4.036E-09
6;-5.53E-10
6;1.278E-09
6;-6.29E-10
6;-2.65016E-11
6;-3.65218E-06
6;-2.67E-10
6;-8.56E-10
6;-7.58E-10
6;1.485E-09
6;1.622E-09
6;-7.35E-10
6;-5.75E-10
6;-1.742E-09
6;-1.5302E-08
6;3.165E-09
6;-2.219E-09
6;4.32966E-05
6;-7.51E-10
6;5.148E-09
6;9.806E-09
6;-2.0741E-08
6;-2.585E-08
6;6.205E-09
6;3.028E-09
6;5.16E-10
6;-1.354E-09
6;5.72E-10
6;-7.75822E-11
6;3.61218E-06
6;-1.56304E-06
6;9.7846E-08
6;3.843E-08
6;6.2179E-08
6;5.2011E-08
6;1.13922E-07
6;-0.000353757
6;9.984E-08
6;-2.0265E-08
6;2.8793E-08
6;5.9758E-08
6;7.3222E-08
6;3.197E-09
6;1.2583E-08
6;1.3E-09
6;5.387E-09
6;3.762E-09
6;-0.000380102
6;6.56E-10
6;-1.898E-09
6;1.2269E-08
6;1.8225E-08
6;2.846E-09
6;2.205E-09
6;-3.02E-10
6;6.98E-10
6;-3.44E-10
6;-1.44811E-11
6;-2.54E-10
6;-3.22995E-05
6;-4.67E-10
6;-4.14E-10
6;8.11E-10
6;8.86E-10
6;-4.02E-10
6;-3.14E-10
6;-9.52E-10
6;-8.361E-09
6;1.73E-09
6;-1.212E-09
6;-1.324E-09
6;0.000404399
6;2.813E-09
6;5.358E-09
6;-1.1333E-08
6;-1.4125E-08
6;3.391E-09
6;1.655E-09
6;2.82E-10
6;-7.4E-10
6;3.13E-10
6;-4.23927E-11
6;2.28E-10
6;3.19648E-05
6;-5.29293E-06
6;3.31336E-07
6;1.30135E-07
6;2.10555E-07
6;1.76125E-07
6;3.85773E-07
6;2.10141E-07
6;-0.000105105
6;-6.8623E-08
6;9.7502E-08
6;2.02358E-07
6;2.47953E-07
6;1.0825E-08
6;4.2612E-08
6;4.402E-09
6;1.8243E-08
6;1.2738E-08
6;9.252E-09
6;-0.000136777
6;-6.427E-09
6;4.1548E-08
6;6.1714E-08
6;9.637E-09
6;7.467E-09
6;-1.023E-09
6;2.365E-09
6;-1.164E-09
6;-4.90373E-11
6;-8.62E-10
6;-4.94E-10
6;-1.1527E-05
6;-1.403E-09
6;2.748E-09
6;3.002E-09
6;-1.36E-09
6;-1.063E-09
6;-3.223E-09
6;-2.8314E-08
6;5.857E-09
6;-4.106E-09
6;-4.483E-09
6;-1.389E-09
6;0.000148245
6;1.8144E-08
6;-3.8378E-08
6;-4.7832E-08
6;1.1482E-08
6;5.603E-09
6;9.54E-10
6;-2.505E-09
6;1.059E-09
6;-1.44E-10
6;7.73E-10
6;4.23E-10
6;1.12704E-05
6;-4.94784E-06
6;3.09733E-07
6;1.21651E-07
6;1.96827E-07
6;1.64642E-07
6;3.60621E-07
6;1.9644E-07
6;3.16046E-07
6;-0.000814339
6;9.1145E-08
6;1.89165E-07
6;2.31787E-07
6;1.0119E-08
6;3.9833E-08
6;4.115E-09
6;1.7054E-08
6;1.1907E-08
6;8.649E-09
6;2.076E-09
6;-0.001753958
6;3.8839E-08
6;5.769E-08
6;9.009E-09
6;6.981E-09
6;-9.56E-10
6;2.211E-09
6;-1.088E-09
6;-4.58401E-11
6;-8.06E-10
6;-4.61E-10
6;-1.48E-09
6;-0.00015827
6;2.568E-09
6;2.806E-09
6;-1.272E-09
6;-9.94E-10
6;-3.013E-09
6;-2.6468E-08
6;5.475E-09
6;-3.838E-09
6;-4.191E-09
6;-1.299E-09
6;8.905E-09
6;0.001830402
6;-3.5876E-08
6;-4.4714E-08
6;1.0733E-08
6;5.238E-09
6;8.92E-10
6;-2.342E-09
6;9.9E-10
6;-1.34E-10
6;7.23E-10
6;3.95E-10
6;1.337E-09
6;0.000156919
6;1.02103E-05
6;-6.39163E-07
6;-2.51037E-07
6;-4.06171E-07
6;-3.39754E-07
6;-7.44174E-07
6;-4.05372E-07
6;-6.52189E-07
6;1.32377E-07
6;-0.003347314
6;-3.90359E-07
6;-4.78314E-07
6;-2.0882E-08
6;-8.22E-08
6;-8.491E-09
6;-3.5192E-08
6;-2.4572E-08
6;-1.7847E-08
6;-4.283E-09
6;1.2398E-08
6;-0.007190358
6;-1.19049E-07
6;-1.859E-08
6;-1.4405E-08
6;1.973E-09
6;-4.562E-09
6;2.245E-09
6;9.45953E-11
6;1.662E-09
6;9.52E-10
6;3.054E-09
6;2.706E-09
6;-0.000655654
6;-5.791E-09
6;2.624E-09
6;2.051E-09
6;6.217E-09
6;5.4619E-08
6;-1.1298E-08
6;7.92E-09
6;8.648E-09
6;2.68E-09
6;-1.8376E-08
6;-3.5002E-08
6;0.007376842
6;9.227E-08
6;-2.2149E-08
6;-1.0809E-08
6;-1.84E-09
6;4.832E-09
6;-2.043E-09
6;2.77E-10
6;-1.492E-09
6;-8.15E-10
6;-2.76E-09
6;-2.58E-09
6;0.00065341
6;1.168E-05
6;-7.31165E-07
6;-2.87172E-07
6;-4.64636E-07
6;-3.88658E-07
6;-8.51291E-07
6;-4.63721E-07
6;-7.46066E-07
6;1.51432E-07
6;-2.15159E-07
6;-0.000741062
6;-5.47163E-07
6;-2.3888E-08
6;-9.4032E-08
6;-9.713E-09
6;-4.0258E-08
6;-2.8109E-08
6;-2.0416E-08
6;-4.9E-09
6;1.4182E-08
6;-9.1685E-08
6;-0.001177078
6;-2.1266E-08
6;-1.6478E-08
6;2.257E-09
6;-5.219E-09
6;2.568E-09
6;1.08E-10
6;1.902E-09
6;1.089E-09
6;3.493E-09
6;3.096E-09
6;-6.063E-09
6;-9.97166E-05
6;3.002E-09
6;2.346E-09
6;7.111E-09
6;6.2481E-08
6;-1.2925E-08
6;9.06E-09
6;9.892E-09
6;3.065E-09
6;-2.1022E-08
6;-4.004E-08
6;8.469E-08
6;0.001224056
6;-2.5337E-08
6;-1.2365E-08
6;-2.105E-09
6;5.528E-09
6;-2.337E-09
6;3.17E-10
6;-1.706E-09
6;-9.32E-10
6;-3.157E-09
6;-2.951E-09
6;6.091E-09
6;9.90608E-05
6;-3.52071E-06
6;2.20396E-07
6;8.6562E-08
6;1.40056E-07
6;1.17154E-07
6;2.56605E-07
6;1.3978E-07
6;2.24887E-07
6;-4.5646E-08
6;6.4855E-08
6;1.34603E-07
6;-0.00021869
6;7.2E-09
6;2.8344E-08
6;2.928E-09
6;1.2135E-08
6;8.473E-09
6;6.154E-09
6;1.477E-09
6;-4.275E-09
6;2.7637E-08
6;4.105E-08
6;-0.000111863
6;4.967E-09
6;-6.8E-10
6;1.573E-09
6;-7.74E-10
6;-3.26183E-11
6;-5.73E-10
6;-3.28E-10
6;-1.053E-09
6;-9.33E-10
6;1.828E-09
6;1.997E-09
6;-8.67023E-06
6;-7.07E-10
6;-2.144E-09
6;-1.8834E-08
6;3.896E-09
6;-2.731E-09
6;-2.982E-09
6;-9.24E-10
6;6.337E-09
6;1.2069E-08
6;-2.5528E-08
6;-3.1817E-08
6;7.79072E-05
6;3.727E-09
6;6.34E-10
6;-1.666E-09
6;7.04E-10
6;-9.54885E-11
6;5.14E-10
6;2.81E-10
6;9.52E-10
6;8.9E-10
6;-1.836E-09
6;-2.1E-09
6;1.24007E-05
6;-0.000192793
6;0.000189453
6;0.000189318
6;0.000189372
6;0.000189349
6;0.00018949
6;0.000189372
6;0.000189458
6;0.000189184
6;0.000189296
6;0.000189366
6;0.000189397
6;7.286E-09
6;2.8679E-08
6;2.962E-09
6;1.2278E-08
6;8.573E-09
6;6.227E-09
6;1.494E-09
6;-4.326E-09
6;2.7963E-08
6;4.1536E-08
6;6.486E-09
6;-0.000344081
6;-6.88E-10
6;1.592E-09
6;-7.83E-10
6;-3.30039E-11
6;-5.8E-10
6;-3.32E-10
6;-1.065E-09
6;-9.44E-10
6;1.849E-09
6;2.02E-09
6;-9.16E-10
6;-3.20861E-05
6;-2.169E-09
6;-1.9056E-08
6;3.942E-09
6;-2.763E-09
6;-3.017E-09
6;-9.35E-10
6;6.411E-09
6;1.2212E-08
6;-2.583E-08
6;-3.2193E-08
6;7.728E-09
6;0.000359713
6;6.42E-10
6;-1.686E-09
6;7.13E-10
6;-9.66175E-11
6;5.2E-10
6;2.84E-10
6;9.63E-10
6;9E-10
6;-1.858E-09
6;-2.125E-09
6;6.41E-10
6;3.18261E-05
6;-0.002901677
6;0.000181644
6;7.13424E-05
6;0.00011543
6;9.65548E-05
6;0.000211487
6;0.000115203
6;0.000185346
6;-3.76203E-05
6;5.34521E-05
6;0.000110936
6;0.000135932
6;5.93442E-06
6;2.33604E-05
6;2.41308E-06
6;1.00013E-05
6;6.98316E-06
6;5.07196E-06
6;1.21731E-06
6;-3.52332E-06
6;2.27773E-05
6;3.38326E-05
6;5.28307E-06
6;4.09375E-06
6;-5.60767E-07
6;1.29653E-06
6;-6.38054E-07
6;-2.6883E-08
6;-4.7243E-07
6;-2.70624E-07
6;-8.67821E-07
6;-7.69155E-07
6;1.50629E-06
6;1.64561E-06
6;-7.4579E-07
6;-5.82803E-07
6;-1.76671E-06
6;-1.55223E-05
6;3.21088E-06
6;-2.25072E-06
6;-2.45755E-06
6;-7.61535E-07
6;5.22241E-06
6;9.94712E-06
6;-2.10396E-05
6;-2.62224E-05
6;6.2945E-06
6;3.07181E-06
6;5.22936E-07
6;-1.37326E-06
6;5.80501E-07
6;-7.8699E-08
6;4.23899E-07
6;2.31628E-07
6;7.84364E-07
6;7.33224E-07
6;-1.51308E-06
6;-1.73087E-06
6;5.21737E-07
6;5.27906E-07
6;0.000430002
7;0.029390022
7;-0.008327073
7;0.010146489
7;-0.007922363
7;0.007812835
7;0.011160651
7;-0.007887402
7;0.007813422
7;0.007820983
7;0.01100108
7;-0.007977331
7;0.007816017
7;0.007820945
7;0.007819694
7;0.010012662
7;-0.008651874
7;0.00784566
7;0.007810117
7;0.007811234
7;0.00781553
7;0.009142251
7;-0.007792562
7;0.007829518
7;0.007801525
7;0.007805101
7;0.007806165
7;0.007839585
7;0.015374144
7;-0.008465357
7;0.007833457
7;0.007817259
7;0.007816707
7;0.007819577
7;0.007844705
7;0.007820332
7;0.010526129
7;-0.007252597
7;0.007811965
7;0.007803798
7;0.007807043
7;0.007805459
7;0.007810349
7;0.007839729
7;0.007802399
7;0.018046289
7;-0.007686319
7;0.007808592
7;0.007820063
7;0.007819149
7;0.007818239
7;0.007803326
7;0.007805152
7;0.007810631
7;0.007812184
7;0.013460895
7;-0.00757005
7;0.007829218
7;0.007795283
7;0.007800479
7;0.007801028
7;0.007839642
7;0.00786371
7;0.007815391
7;0.007853726
7;0.007802543
7;0.059814763
7;-0.008318375
7;0.007784478
7;0.007863644
7;0.007851806
7;0.007850281
7;0.007759571
7;0.00770678
7;0.007815846
7;0.007731303
7;0.007847652
7;0.007662903
7;0.011819532
7;-6.66775E-05
7;-0.000140448
7;3.723E-06
7;2.78453E-06
7;2.78994E-06
7;-3.14123E-06
7;-8.26667E-06
7;8.48429E-07
7;-7.14134E-06
7;2.20277E-06
7;-1.18693E-05
7;2.70803E-05
7;1.8147E-05
7;-9.48257E-05
7;-5.22785E-06
7;-1.06376E-05
7;6.15871E-06
7;5.93272E-06
7;-9.37566E-06
7;-1.87824E-05
7;2.13501E-07
7;-1.47861E-05
7;5.36542E-06
7;-2.64053E-05
7;6.04016E-05
7;4.67668E-06
7;5.83171E-05
7;-8.72217E-05
7;-5.59192E-06
7;8.35845E-06
7;4.66796E-05
7;6.00449E-06
7;-9.99147E-06
7;-1.92339E-05
7;-8.033E-08
7;-1.48905E-05
7;5.55729E-06
7;-2.6942E-05
7;6.16571E-05
7;4.76109E-06
7;1.06223E-05
7;4.90871E-05
7;-9.94124E-05
7;-5.76659E-06
7;8.89831E-06
7;6.6802E-06
7;4.57542E-05
7;-1.03283E-05
7;-2.04054E-05
7;1.22838E-07
7;-1.59722E-05
7;5.852E-06
7;-2.86512E-05
7;6.55492E-05
7;5.07056E-06
7;1.12955E-05
7;1.15277E-05
7;3.62644E-05
7;-7.3709E-05
7;-3.5871E-06
7;5.88472E-06
7;4.41451E-06
7;4.27845E-06
7;-6.76146E-05
7;-1.34087E-05
7;3.34308E-07
7;-1.07085E-05
7;3.7921E-06
7;-1.89104E-05
7;4.32401E-05
7;3.35571E-06
7;7.45439E-06
7;7.60394E-06
7;8.0877E-06
7;1.9381E-05
7;-6.07273E-05
7;-4.38495E-06
7;6.32853E-06
7;4.75514E-06
7;4.52421E-06
7;-7.81485E-06
7;-0.000298839
7;-2.29605E-07
7;-1.11771E-05
7;4.25968E-06
7;-2.04239E-05
7;4.67562E-05
7;3.60322E-06
7;8.05301E-06
7;8.22328E-06
7;8.74036E-06
7;5.76321E-06
7;7.95841E-05
7;-9.48378E-05
7;-5.21851E-06
7;8.19611E-06
7;6.15168E-06
7;5.92649E-06
7;-9.3594E-06
7;-1.87598E-05
7;-2.98426E-05
7;-1.47716E-05
7;5.35816E-06
7;-2.63748E-05
7;6.03314E-05
7;4.67141E-06
7;1.03977E-05
7;1.06099E-05
7;1.12824E-05
7;7.4458E-06
7;8.04362E-06
7;4.42353E-05
7;-7.08519E-05
7;-3.53103E-06
7;5.74253E-06
7;4.30829E-06
7;4.17061E-06
7;-6.35037E-06
7;-1.30964E-05
7;2.92038E-07
7;-0.000461867
7;3.71101E-06
7;-1.84585E-05
7;4.22101E-05
7;3.27431E-06
7;7.27639E-06
7;7.42287E-06
7;7.89476E-06
7;5.2119E-06
7;5.62626E-06
7;7.268E-06
7;0.000109606
7;-4.24565E-05
7;-1.20061E-06
7;2.49339E-06
7;1.86579E-06
7;1.85937E-06
7;-2.20723E-06
7;-5.56016E-06
7;4.98335E-07
7;-4.74253E-06
7;-0.000331307
7;-7.95954E-06
7;1.81667E-05
7;1.42521E-06
7;3.13642E-06
7;3.19407E-06
7;3.40096E-06
7;2.24988E-06
7;2.41788E-06
7;3.13287E-06
7;2.19542E-06
7;3.25606E-05
7;-9.50273E-05
7;-2.16838E-06
7;5.04355E-06
7;3.77025E-06
7;3.79903E-06
7;-4.03435E-06
7;-1.11481E-05
7;1.29868E-06
7;-9.76031E-06
7;2.93807E-06
7;-0.002691304
7;3.66211E-05
7;2.88562E-06
7;6.32627E-06
7;6.43822E-06
7;6.85828E-06
7;4.54071E-06
7;4.87122E-06
7;6.31917E-06
7;4.43031E-06
7;1.93116E-06
7;0.000345425
7;-0.000126028
7;-6.48787E-06
7;1.04289E-05
7;7.82529E-06
7;7.56319E-06
7;-1.16572E-05
7;-2.38126E-05
7;4.46314E-07
7;-1.88935E-05
7;6.7654E-06
7;-3.35346E-05
7;0.000264282
7;5.9456E-06
7;1.32197E-05
7;1.34871E-05
7;1.43436E-05
7;9.46818E-06
7;1.02234E-05
7;1.32044E-05
7;9.2418E-06
7;3.98681E-06
7;8.04408E-06
7;7.65138E-05
7;-0.000572686
7;0.000500112
7;0.00050665
7;0.000505558
7;0.00050553
7;0.000498291
7;0.000492579
7;0.00050306
7;0.000494108
7;0.000504948
7;0.000488421
7;0.000534006
7;2.48201E-06
7;5.47152E-06
7;5.57379E-06
7;5.93363E-06
7;3.92391E-06
7;4.22027E-06
7;5.46531E-06
7;3.82912E-06
7;1.66232E-06
7;3.36228E-06
7;6.95405E-06
7;8.84165E-05
7;-4.77706E-06
7;3.90561E-07
7;1.56101E-06
7;1.17716E-06
7;1.07363E-06
7;-2.40759E-06
7;-3.7164E-06
7;-3.80802E-07
7;-2.57042E-06
7;1.15062E-06
7;-5.08589E-06
7;1.16733E-05
7;5.96899E-07
7;2.00642E-06
7;2.05361E-06
7;2.17941E-06
7;1.43301E-06
7;1.56041E-06
7;2.00402E-06
7;1.39951E-06
7;5.95476E-07
7;1.19498E-06
7;2.54437E-06
7;1.04122E-06
7;4.01991E-07
7;-3.60264E-06
7;-1.17641E-06
7;-7.06032E-06
7;9.98726E-07
7;9.0886E-07
7;-2.06342E-06
7;-3.15735E-06
7;-3.37306E-07
7;-2.17218E-06
7;9.80434E-07
7;-4.3163E-06
7;9.90828E-06
7;7.51183E-07
7;6.712E-09
7;1.74312E-06
7;1.84976E-06
7;1.21608E-06
7;1.3246E-06
7;1.70082E-06
7;1.18767E-06
7;5.05081E-07
7;1.01337E-06
7;2.1593E-06
7;8.8324E-07
7;3.3598E-07
7;4.36377E-07
7;-3.76524E-06
7;-1.18785E-06
7;1.34079E-06
7;-7.22374E-06
7;9.20769E-07
7;-2.08384E-06
7;-3.19576E-06
7;-3.37818E-07
7;-2.20162E-06
7;9.91606E-07
7;-4.36999E-06
7;1.00312E-05
7;7.60658E-07
7;1.72403E-06
7;3.6492E-07
7;1.87273E-06
7;1.23123E-06
7;1.341E-06
7;1.72197E-06
7;1.20246E-06
7;5.1144E-07
7;1.02618E-06
7;2.18618E-06
7;8.94338E-07
7;3.4008E-07
7;2.88889E-07
7;3.94946E-07
7;-3.37041E-06
7;-1.18658E-06
7;1.32784E-06
7;1.00161E-06
7;-5.08368E-06
7;-2.08058E-06
7;-3.16877E-06
7;-3.45945E-07
7;-2.17381E-06
7;9.85541E-07
7;-4.32948E-06
7;9.93925E-06
7;7.53205E-07
7;1.70809E-06
7;1.74858E-06
7;1.04628E-06
7;1.21974E-06
7;1.32882E-06
7;1.70604E-06
7;1.19126E-06
7;5.06468E-07
7;1.01604E-06
7;2.16586E-06
7;8.85709E-07
7;3.3717E-07
7;2.86424E-07
7;2.89915E-07
7;3.54945E-07
7;-4.45723E-06
7;-1.30968E-06
7;1.48731E-06
7;1.12162E-06
7;1.02255E-06
7;-1.89745E-06
7;-3.54195E-06
7;-3.65819E-07
7;-2.44734E-06
7;1.09722E-06
7;-4.84621E-06
7;1.11235E-05
7;8.43865E-07
7;1.91188E-06
7;1.95689E-06
7;2.07673E-06
7;9.97411E-07
7;1.48694E-06
7;1.90959E-06
7;1.33354E-06
7;5.67354E-07
7;1.1385E-06
7;2.42446E-06
7;9.92062E-07
7;3.76951E-07
7;3.20203E-07
7;3.2411E-07
7;3.21338E-07
7;3.72596E-07
7;-4.63951E-06
7;-1.30545E-06
7;1.4883E-06
7;1.12229E-06
7;1.02398E-06
7;-2.29145E-06
7;-3.29678E-06
7;-3.60365E-07
7;-2.45225E-06
7;1.09619E-06
7;-4.8486E-06
7;1.11285E-05
7;8.44481E-07
7;1.9128E-06
7;1.95775E-06
7;2.0777E-06
7;1.36617E-06
7;-2.88942E-07
7;1.91051E-06
7;1.33422E-06
7;5.67748E-07
7;1.13937E-06
7;2.42567E-06
7;9.92718E-07
7;3.77015E-07
7;3.20254E-07
7;3.24163E-07
7;3.21387E-07
7;3.59309E-07
7;4.24099E-07
7;-3.58422E-06
7;-1.20543E-06
7;1.35366E-06
7;1.02103E-06
7;9.28706E-07
7;-2.11405E-06
7;-3.22878E-06
7;-5.0188E-06
7;-2.21879E-06
7;1.00325E-06
7;-4.41296E-06
7;1.01305E-05
7;7.67894E-07
7;1.741E-06
7;1.78221E-06
7;1.89121E-06
7;1.24329E-06
7;1.35434E-06
7;5.27336E-07
7;1.21425E-06
7;5.16329E-07
7;1.03589E-06
7;2.20765E-06
7;9.02927E-07
7;3.43571E-07
7;2.91859E-07
7;2.95417E-07
7;2.92898E-07
7;3.27438E-07
7;3.27489E-07
7;3.78886E-07
7;-4.76139E-06
7;-1.31183E-06
7;1.4985E-06
7;1.12994E-06
7;1.03137E-06
7;-2.30291E-06
7;-3.56567E-06
7;-3.59972E-07
7;2.53405E-07
7;1.10282E-06
7;-4.88139E-06
7;1.12035E-05
7;8.50294E-07
7;1.92572E-06
7;1.97094E-06
7;2.09173E-06
7;1.37543E-06
7;1.49754E-06
7;1.92342E-06
7;-1.28706E-06
7;5.71646E-07
7;1.14723E-06
7;2.44209E-06
7;9.99517E-07
7;3.79504E-07
7;3.22366E-07
7;3.26301E-07
7;3.23506E-07
7;3.6168E-07
7;3.61743E-07
7;3.29649E-07
7;4.53357E-07
7;-4.98781E-06
7;-1.38693E-06
7;1.58292E-06
7;1.19361E-06
7;1.0893E-06
7;-2.43461E-06
7;-3.767E-06
7;-3.8158E-07
7;-2.60912E-06
7;5.45685E-06
7;-5.15658E-06
7;1.18352E-05
7;8.98183E-07
7;2.03429E-06
7;2.08207E-06
7;2.20967E-06
7;1.45296E-06
7;1.582E-06
7;2.03186E-06
7;1.41898E-06
7;6.9083E-08
7;1.21184E-06
7;2.57976E-06
7;1.05583E-06
7;4.00928E-07
7;3.40565E-07
7;3.44722E-07
7;3.41769E-07
7;3.82098E-07
7;3.82164E-07
7;3.48259E-07
7;3.84687E-07
7;4.17173E-07
7;-4.57793E-06
7;-1.35536E-06
7;1.53816E-06
7;1.15998E-06
7;1.05738E-06
7;-2.37843E-06
7;-3.6634E-06
7;-3.79334E-07
7;-2.53044E-06
7;1.13504E-06
7;2.58003E-05
7;1.15043E-05
7;8.72708E-07
7;1.97731E-06
7;2.02387E-06
7;2.14781E-06
7;1.41218E-06
7;1.53785E-06
7;1.97494E-06
7;1.37917E-06
7;5.86749E-07
7;-5.3642E-06
7;2.50742E-06
7;1.02598E-06
7;3.89872E-07
7;3.3118E-07
7;3.35221E-07
7;3.32354E-07
7;3.71563E-07
7;3.71625E-07
7;3.38663E-07
7;3.74078E-07
7;3.95195E-07
7;5.36942E-07
7;-9.83709E-07
7;-8.14847E-07
7;8.72667E-07
7;6.58778E-07
7;5.93206E-07
7;-1.4253E-06
7;-2.09583E-06
7;-2.66483E-07
7;-1.40613E-06
7;6.59764E-07
7;-2.85117E-06
7;-9.77532E-06
7;4.94641E-07
7;1.12498E-06
7;1.15222E-06
7;1.22227E-06
7;8.03003E-07
7;8.75943E-07
7;1.12363E-06
7;7.84319E-07
7;3.32743E-07
7;6.66953E-07
7;3.80574E-06
7;5.82123E-07
7;2.22874E-07
7;1.89356E-07
7;1.91658E-07
7;1.90046E-07
7;2.12414E-07
7;2.12436E-07
7;1.93642E-07
7;2.13831E-07
7;2.25905E-07
7;2.19698E-07
7;5.87781E-07
7;2.34946E-06
7;-8.11528E-06
7;-5.23229E-06
7;-5.60851E-06
7;-5.71124E-06
7;-9.13584E-06
7;-1.04092E-05
7;-7.14464E-06
7;-9.27783E-06
7;-5.63199E-06
7;-1.17502E-05
7;4.68564E-06
7;8.68276E-07
7;1.96764E-06
7;2.01404E-06
7;2.13734E-06
7;1.40524E-06
7;1.53042E-06
7;1.96528E-06
7;1.3724E-06
7;5.83785E-07
7;1.17139E-06
7;2.49512E-06
7;-9.84091E-07
7;3.88059E-07
7;3.29643E-07
7;3.33664E-07
7;3.30813E-07
7;3.69835E-07
7;3.69896E-07
7;3.37092E-07
7;3.72337E-07
7;3.93356E-07
7;3.82513E-07
7;2.18687E-07
7;4.41439E-07
7;5.53649E-06
7;1.40759E-06
7;-1.62047E-06
7;-1.22175E-06
7;-1.11692E-06
7;2.47213E-06
7;3.85172E-06
7;3.76958E-07
7;2.67889E-06
7;-1.18879E-06
7;5.27689E-06
7;-1.211E-05
7;-9.19621E-07
7;-2.08171E-06
7;-2.1304E-06
7;-2.2611E-06
7;-1.48695E-06
7;-1.61861E-06
7;-2.07922E-06
7;-1.45215E-06
7;-6.1821E-07
7;-1.24086E-06
7;-2.64001E-06
7;-1.08087E-06
7;-4.09991E-07
7;-3.48254E-07
7;-3.52507E-07
7;-3.49481E-07
7;-3.90733E-07
7;-3.90805E-07
7;-3.5612E-07
7;-3.93387E-07
7;-4.15593E-07
7;-4.04126E-07
7;-2.30977E-07
7;-4.02242E-07
7;4.24999E-07
7;-0.003298738
7;8.34691E-05
7;1.0718E-05
7;6.72491E-06
7;2.09194E-05
7;0.000137116
7;9.74649E-06
7;0.00010116
7;-7.73675E-05
7;-2.40862E-05
7;-1.95286E-05
7;3.52186E-05
7;7.06311E-06
7;7.35914E-06
7;6.02069E-06
7;7.44199E-06
7;6.17562E-06
7;3.72216E-06
7;7.36963E-06
7;5.85697E-06
7;4.38409E-06
7;1.03083E-05
7;1.02202E-05
7;7.07295E-06
7;-6.88181E-07
7;-6.54546E-07
7;-6.443E-07
7;-6.94517E-07
7;-6.70536E-07
7;-6.4275E-07
7;-6.84675E-07
7;-6.32969E-07
7;-6.75212E-07
7;-6.98452E-07
7;-6.50315E-07
7;-7.17242E-07
7;6.23472E-07
7;0.000509492
8;0.00549352
8;-0.00549352
8;0.010228962
8;-0.00549352
8;0.00549352
8;0.016151273
8;-0.00549352
8;0.00549352
8;0.00549352
8;0.011534512
8;-0.00549352
8;0.00549352
8;0.00549352
8;0.00549352
8;0.013592176
8;-0.00549352
8;0.00549352
8;0.00549352
8;0.00549352
8;0.00549352
8;0.011737808
8;-0.00549352
8;0.00549352
8;0.00549352
8;0.00549352
8;0.00549352
8;0.00549352
8;0.01144601
8;-0.00549352
8;0.00549352
8;0.00549352
8;0.00549352
8;0.00549352
8;0.00549352
8;0.00549352
8;0.03745658
8;-0.00549352
8;0.00549352
8;0.00549352
8;0.00549352
8;0.00549352
8;0.00549352
8;0.00549352
8;0.00549352
8;0.011760715
8;-0.00549352
8;0.00549352
8;0.00549352
8;0.00549352
8;0.00549352
8;0.00549352
8;0.00549352
8;0.00549352
8;0.00549352
8;0.007264776
8;-0.00549352
8;0.00549352
8;0.00549352
8;0.00549352
8;0.00549352
8;0.00549352
8;0.00549352
8;0.00549352
8;0.00549352
8;0.00549352
8;0.047795003
8;-0.00549352
8;0.00549352
8;0.00549352
8;0.00549352
8;0.00549352
8;0.00549352
8;0.00549352
8;0.00549352
8;0.00549352
8;0.00549352
8;0.00549352
8;0.013621099
8;-6.24E-18
8;0.000564135
8;6.7E-18
8;6.54E-18
8;6.37E-18
8;6.26E-18
8;6.4E-18
8;6.13E-18
8;7.25E-18
8;8.37E-18
8;7.42E-18
8;6.95E-18
8;0.000301223
8;1.4E-19
8;4E-20
8;0.001250299
8;-1.7E-19
8;-1E-19
8;-1.3E-19
8;-1.8E-19
8;-1.8E-19
8;-5E-20
8;-7E-20
8;-1.4E-19
8;-7E-20
8;8E-20
8;0.000303389
8;-2.1E-19
8;3.4E-19
8;1.9E-19
8;0.000684524
8;2.2E-19
8;1.5E-19
8;2.1E-19
8;1.9E-19
8;2.4E-19
8;1.1E-19
8;1.4E-19
8;3.5E-19
8;6E-20
8;0
8;0.000148283
8;-2.8E-19
8;3.3E-19
8;3E-19
8;2.9E-19
8;0.000828836
8;2.6E-19
8;2.4E-19
8;2.7E-19
8;3.9E-19
8;5.6E-19
8;2.8E-19
8;3.5E-19
8;2E-20
8;0
8;0
8;0.000123862
8;-1.55E-18
8;1.56E-18
8;1.59E-18
8;1.47E-18
8;1.59E-18
8;0.000718279
8;1.67E-18
8;1.83E-18
8;1.65E-18
8;2.09E-18
8;1.94E-18
8;1.64E-18
8;0
8;0
8;-2E-20
8;-1E-20
8;0.000205063
8;-2.11E-18
8;2.27E-18
8;2.07E-18
8;2.15E-18
8;2.05E-18
8;2.12E-18
8;0.000691996
8;2.38E-18
8;1.72E-18
8;3.2E-18
8;2.09E-18
8;2.67E-18
8;6E-20
8;-1E-20
8;0
8;-1E-20
8;1E-20
8;0.000246176
8;6.4E-19
8;-6.4E-19
8;-6.7E-19
8;-6.8E-19
8;-6.2E-19
8;-4.7E-19
8;-5.3E-19
8;0.003583096
8;-6.7E-19
8;-3.5E-19
8;-9.1E-19
8;-5.1E-19
8;-1E-20
8;0
8;-1E-20
8;0
8;4E-20
8;5E-20
8;0.000831769
8;1.7E-19
8;7.4E-19
8;-1.7E-19
8;-2E-19
8;1.5E-19
8;-4.7E-19
8;-7.6E-19
8;-5.2E-19
8;0.000792235
8;-2.13E-18
8;1.47E-18
8;-3.1E-19
8;3.8E-19
8;2E-20
8;1E-20
8;4E-20
8;2E-20
8;-1.6E-19
8;-3E-20
8;0.000390167
8;9E-19
8;2.23E-18
8;-6.7E-19
8;-7.8E-19
8;8.1E-19
8;-6.8E-19
8;9.6E-19
8;3.2E-19
8;-2.39E-18
8;0.000231605
8;-2.91E-18
8;-4.4E-19
8;1.41E-18
8;4E-20
8;-3E-20
8;1.8E-19
8;2E-19
8;6.6E-19
8;1.7E-19
8;-1.06E-18
8;0.000178452
8;-3.95E-18
8;5.82E-18
8;3.27E-18
8;3.64E-18
8;4.73E-18
8;5.65E-18
8;4.33E-18
8;2.25E-18
8;7.36E-18
8;3.1E-19
8;0.005979648
8;2.23E-18
8;8.4E-19
8;-1E-20
8;-6E-20
8;1E-20
8;2.3E-19
8;-1E-19
8;-3.3E-19
8;1.71E-18
8;-2.85E-18
8;0.005701717
8;-1.1E-19
8;2.5E-19
8;1.6E-19
8;1.5E-19
8;2.2E-19
8;1.9E-19
8;3E-19
8;8E-20
8;1.2E-19
8;3E-19
8;-2.7E-19
8;0.000843366
8;8E-20
8;1E-20
8;2E-20
8;1E-20
8;0
8;7E-20
8;1E-20
8;-1E-20
8;7E-20
8;-2.3E-19
8;0.000108117
8;0.000726405
8;-0.000726405
8;-0.000726405
8;-0.000726405
8;-0.000726405
8;-0.000726405
8;-0.000726405
8;-0.000726405
8;-0.000726405
8;-0.000726405
8;-0.000726405
8;-0.000726405
8;-9.5E-19
8;2E-20
8;-7E-20
8;-9E-20
8;-3.6E-19
8;-3E-19
8;9E-20
8;7E-20
8;-1.03E-18
8;-4.8E-19
8;-2.1E-19
8;0.000386618
8;6.76E-18
8;-0.000729131
8;-7.26E-18
8;-7.08E-18
8;-6.91E-18
8;-6.78E-18
8;-6.94E-18
8;-6.65E-18
8;-7.86E-18
8;-9.06E-18
8;-8.04E-18
8;-7.53E-18
8;-0.00032088
8;-8E-20
8;-6E-20
8;-2E-20
8;0
8;-6E-20
8;1E-20
8;-4.2E-19
8;-1.53E-18
8;-9.1E-19
8;-9E-20
8;1.03E-18
8;0.000348494
8;-1.8E-19
8;-1.1E-19
8;-0.002165928
8;2.2E-19
8;1.2E-19
8;1.5E-19
8;2.3E-19
8;2.5E-19
8;4E-20
8;7E-20
8;1.8E-19
8;7E-20
8;-1.2E-19
8;-0.000410805
8;0
8;-1E-20
8;0
8;1E-20
8;1E-20
8;-3E-20
8;-6E-20
8;1E-20
8;-1E-20
8;-1E-20
8;1.3E-19
8;0.000649999
8;3.2E-19
8;-5.1E-19
8;-2.8E-19
8;-0.001068568
8;-3.4E-19
8;-2.3E-19
8;-3.2E-19
8;-2.8E-19
8;-3.5E-19
8;-1.6E-19
8;-2.1E-19
8;-5.1E-19
8;-8E-20
8;0
8;-0.0001918
8;0
8;3E-20
8;-1E-20
8;1E-20
8;-1E-20
8;5E-20
8;9E-20
8;-2E-20
8;1E-19
8;9E-20
8;-1E-20
8;0.000281695
8;4.9E-19
8;-5.8E-19
8;-5.2E-19
8;-5E-19
8;-0.001388797
8;-4.5E-19
8;-4.1E-19
8;-4.6E-19
8;-6.7E-19
8;-9.8E-19
8;-4.9E-19
8;-6.2E-19
8;-4E-20
8;-1E-20
8;0
8;-0.00018117
8;1E-20
8;2E-20
8;0
8;-7E-20
8;-3.2E-19
8;-1E-20
8;-2E-20
8;1.6E-19
8;4E-20
8;1E-20
8;0
8;0.000324964
8;1.95E-18
8;-1.98E-18
8;-2.01E-18
8;-1.86E-18
8;-2.01E-18
8;-0.001014735
8;-2.09E-18
8;-2.3E-18
8;-2.06E-18
8;-2.57E-18
8;-2.43E-18
8;-2.08E-18
8;-1E-20
8;0
8;2E-20
8;1E-20
8;-0.000239164
8;-1E-20
8;-4E-20
8;-1E-20
8;-2.2E-19
8;-2.9E-19
8;-1E-20
8;4.4E-19
8;1E-20
8;0
8;-3E-20
8;-1E-20
8;0.000295073
8;2.38E-18
8;-2.57E-18
8;-2.32E-18
8;-2.43E-18
8;-2.3E-18
8;-2.4E-18
8;-0.000994682
8;-2.68E-18
8;-1.92E-18
8;-3.69E-18
8;-2.37E-18
8;-3.05E-18
8;-7E-20
8;1E-20
8;0
8;1E-20
8;-1E-20
8;-0.000281364
8;-5E-20
8;1.8E-19
8;-7.9E-19
8;1.1E-19
8;-8E-20
8;3.3E-19
8;8E-20
8;-1E-20
8;1E-20
8;-2E-20
8;2E-20
8;0.000342986
8;-9.1E-19
8;9.1E-19
8;9.6E-19
8;9.7E-19
8;8.8E-19
8;6.6E-19
8;7.4E-19
8;-0.005688956
8;9.5E-19
8;4.9E-19
8;1.3E-18
8;7.3E-19
8;2E-20
8;1E-20
8;1E-20
8;0
8;-5E-20
8;-7E-20
8;-0.001067838
8;5E-20
8;-2.4E-19
8;4.8E-19
8;-2E-20
8;-1.3E-19
8;-2E-20
8;-1E-20
8;-1E-20
8;0
8;7E-20
8;8E-20
8;0.001542788
8;-1.1E-19
8;-9.4E-19
8;9E-20
8;1.2E-19
8;-2.7E-19
8;4.3E-19
8;7.7E-19
8;5E-19
8;-0.00109541
8;2.27E-18
8;-1.68E-18
8;2.4E-19
8;-4.4E-19
8;-2E-20
8;-1E-20
8;-5E-20
8;-2E-20
8;1.7E-19
8;4E-20
8;-0.000428492
8;1.17E-18
8;-1.87E-18
8;0
8;-5E-20
8;4.8E-19
8;3E-20
8;1E-20
8;8E-20
8;2E-20
8;-2.1E-19
8;-5E-20
8;0.000487791
8;-9.2E-19
8;-2.38E-18
8;6.8E-19
8;8.1E-19
8;-8.9E-19
8;6.6E-19
8;-1.06E-18
8;-3.7E-19
8;2.53E-18
8;-0.000296088
8;3.01E-18
8;4E-19
8;-1.49E-18
8;-4E-20
8;4E-20
8;-1.9E-19
8;-2.2E-19
8;-7E-19
8;-1.8E-19
8;1.13E-18
8;-0.000186884
8;2.99E-18
8;-8E-20
8;1.07E-18
8;1.62E-18
8;7E-20
8;-6E-20
8;3.4E-19
8;2.4E-19
8;8.4E-19
8;2.5E-19
8;-1.24E-18
8;0.000198461
8;4.22E-18
8;-6.2E-18
8;-3.51E-18
8;-3.91E-18
8;-5.05E-18
8;-6.01E-18
8;-4.64E-18
8;-2.48E-18
8;-7.77E-18
8;-4.9E-19
8;-0.007524835
8;-2.43E-18
8;-8.9E-19
8;1E-20
8;6E-20
8;-1E-20
8;-2.5E-19
8;1E-19
8;3.5E-19
8;-1.78E-18
8;2.94E-18
8;-0.005920141
8;2.4E-19
8;5.1E-19
8;9.6E-19
8;-1E-20
8;-9E-20
8;1E-20
8;3.1E-19
8;-1.1E-19
8;-4.9E-19
8;1.94E-18
8;-3.08E-18
8;0.006230861
8;3E-20
8;-3.5E-19
8;-1.3E-19
8;-1.2E-19
8;-2.4E-19
8;-1.8E-19
8;-4.5E-19
8;5E-20
8;-7E-20
8;-4.8E-19
8;7.5E-19
8;-0.001858866
8;-1.9E-19
8;-2E-20
8;-3E-20
8;-2E-20
8;-1E-20
8;-1.5E-19
8;-2E-20
8;0
8;-1.8E-19
8;4.6E-19
8;-0.000213491
8;4E-19
8;2.1E-19
8;3E-20
8;5E-20
8;3E-20
8;2E-20
8;1.8E-19
8;3E-20
8;0
8;2E-19
8;-4.9E-19
8;0.000798981
8;-0.000945534
8;0.000945534
8;0.000945534
8;0.000945534
8;0.000945534
8;0.000945534
8;0.000945534
8;0.000945534
8;0.000945534
8;0.000945534
8;0.000945534
8;0.000945534
8;1.2E-18
8;-2E-20
8;7E-20
8;1E-19
8;4.2E-19
8;3.9E-19
8;-1.2E-19
8;-8E-20
8;1.01E-18
8;6.5E-19
8;2.1E-19
8;-0.000415594
8;-1.29E-18
8;2E-20
8;-1.1E-19
8;-1.8E-19
8;-5.2E-19
8;-4.3E-19
8;1.7E-19
8;6E-20
8;-1.05E-18
8;-6.9E-19
8;-3.9E-19
8;0.000457468
9;0.042916147
9;-0.040134383
9;0.043995739
9;-0.042190143
9;0.040146401
9;0.100493639
9;-0.041060132
9;0.04016129
9;0.040839643
9;0.093984007
9;-0.041485269
9;0.040131345
9;0.041151191
9;0.040632574
9;0.065419694
9;-0.04044449
9;0.040218686
9;0.040387187
9;0.040298112
9;0.040332362
9;0.041608215
9;-0.040554134
9;0.040209638
9;0.04046766
9;0.040333307
9;0.040385408
9;0.040256964
9;0.126230709
9;-0.041023417
9;0.04010828
9;0.040817891
9;0.040500356
9;0.040634896
9;0.040296839
9;0.040332358
9;0.053334262
9;-0.042186724
9;0.040314482
9;0.041643677
9;0.040794571
9;0.041089398
9;0.040381828
9;0.040456524
9;0.040712867
9;0.739086737
9;-0.03934406
9;0.041095713
9;0.039506664
9;0.039738847
9;0.039518191
9;0.040135223
9;0.040071058
9;0.039453463
9;0.040427526
9;0.404511422
9;-0.039386934
9;0.040448718
9;0.039597772
9;0.039921235
9;0.039769548
9;0.040158182
9;0.040117429
9;0.039865837
9;0.039805782
9;0.041535865
9;0.240425363
9;-0.044169494
9;0.040282216
9;0.043086735
9;0.041396599
9;0.042001589
9;0.040538309
9;0.040692658
9;0.041273831
9;0.043294766
9;0.039986491
9;0.039230653
9;0.059345744
9;-0.000217107
9;1.90922E-05
9;0.000155913
9;5.99908E-05
9;9.17731E-05
9;1.64488E-05
9;2.44112E-05
9;4.74122E-05
9;0.000185345
9;7.56036E-05
9;-3.5099E-05
9;0.000352568
9;2.23124E-05
9;2.89462E-06
9;-9.24024E-07
9;-2.01669E-06
9;-6.24394E-07
9;-9.83642E-07
9;-1.9903E-07
9;-2.82722E-07
9;-2.17534E-07
9;-3.14842E-06
9;-4.67401E-06
9;-3.5687E-07
9;-5.54988E-06
9;-4.15902E-07
9;1.0071E-08
10;0.833490111
10;-0.420735438
10;0.471772695
10;-0.386013896
10;0.429011626
10;2.211708327
10;-0.41788801
10;0.430241637
10;0.429484722
10;0.754949872
10;-0.410548945
10;0.428348049
10;0.428458832
10;0.4286324
10;0.619077596
10;-0.429160471
10;0.427968861
10;0.426552592
10;0.42811399
10;0.426536968
10;0.46314209
10;-0.40614921
10;0.434446175
10;0.434137045
10;0.434954779
10;0.432278325
10;0.431060228
10;0.703889688
10;-0.422451036
10;0.431865936
10;0.430511442
10;0.432181005
10;0.429810787
10;0.429432423
10;0.437309458
10;0.509930694
10;-0.406693757
10;0.428541366
10;0.428953546
10;0.428858209
10;0.427561217
10;0.426606747
10;0.432707973
10;0.430030689
10;0.889135506
10;-0.391105452
10;0.424409454
10;0.426678926
10;0.424701209
10;0.424664305
10;0.423174038
10;0.426853338
10;0.424860789
10;0.425008084
10;0.901888271
10;-0.42304175
10;0.423933338
10;0.42355979
10;0.423991756
10;0.423477325
10;0.423446769
10;0.425032847
10;0.424426778
10;0.423513229
10;0.42239225
10;0.460575442
10;0.00065294
10;0.002392831
10;0.002137144
10;0.002473492
10;0.001922467
10;0.001796139
10;0.00371931
10;0.002947535
10;0.001982387
10;0.000779681
10;0.000614241
10;0.000704205
10;-0.002002129
10;-0.006087412
10;-0.003011481
10;-0.003384135
10;-0.002652441
10;-0.002429891
10;-0.005114937
10;-0.004018333
10;-0.002744572
10;-0.001146363
10;-0.000834488
10;-0.00096219
10;0.001581297
10;-0.002569456
10;-0.004810176
10;-0.028042906
10;-0.00498091
10;-0.003896418
10;-0.003585778
10;-0.007519417
10;-0.005919239
10;-0.004028566
10;-0.001660163
10;-0.00123024
10;-0.001416625
10;0.001938995
10;0.016084535
10;-0.001756753
10;-0.003677373
10;-0.003348226
10;-0.032566249
10;-0.002973556
10;-0.002745436
10;-0.005741533
10;-0.004526246
10;-0.003072652
10;-0.001253863
10;-0.000941266
10;-0.001082843
10;0.001481573
10;0.002180617
10;0.005656507
10;-0.004308092
10;-0.003939876
10;-0.003792703
10;-0.004094774
10;-0.024394947
10;-0.002893354
10;-0.00623379
10;-0.004837715
10;-0.003375918
10;-0.001522509
10;-0.000999703
10;-0.001162071
10;0.001596518
10;0.002347568
10;0.00179281
10;0.006210397
10;-0.001792641
10;-0.003363518
10;-0.003078201
10;-0.003482876
10;-0.002724469
10;-0.005702465
10;-0.005257818
10;-0.00413905
10;-0.002816836
10;-0.00116057
10;-0.00086026
10;-0.000990572
10;0.001355828
10;0.001995371
10;0.001524785
10;0.001641501
10;0.001764886
10;-0.002507219
10;-0.003940939
10;-0.003641099
10;-0.004083567
10;-0.003202474
10;-0.002929834
10;-0.024009996
10;-0.004847658
10;-0.003314483
10;-0.00138985
10;-0.001006475
10;-0.001160949
10;0.001590125
10;0.002339813
10;0.00178779
10;0.00192703
10;0.001636096
10;0.005030389
10;-0.001973986
10;-0.004106365
10;-0.003739862
10;-0.004250618
10;-0.003320753
10;-0.003065467
10;-0.006411741
10;-0.010814011
10;-0.003431523
10;-0.001401043
10;-0.001051027
10;-0.001209174
10;0.001654456
10;0.002435058
10;0.001860885
10;0.002002067
10;0.001702702
10;0.001996407
10;0.003331685
10;-0.000598154
10;-0.004141127
10;-0.003653578
10;-0.004277088
10;-0.003313644
10;-0.003119005
10;-0.006418715
10;-0.005103667
10;-0.062660746
10;-0.001310072
10;-0.001064949
10;-0.001218301
10;0.001663189
10;0.00244919
10;0.001872385
10;0.002006249
10;0.001712597
10;0.002006636
10;0.002090813
10;0.019685717
10;-0.006296502
10;-0.005041613
10;-0.004919661
10;-0.005245179
10;-0.004175029
10;-0.003686917
10;-0.008003613
10;-0.006186763
10;-0.004347064
10;-0.000789803
10;-0.00127643
10;-0.001487653
10;0.002045931
10;0.003007684
10;0.00229654
10;0.002493553
10;0.002103069
10;0.002469654
10;0.002564615
10;0.002567338
10;0.023161817
10;-0.002544444
10;-0.004912815
10;-0.004489816
10;-0.005086647
10;-0.00397754
10;-0.003663873
10;-0.007677154
10;-0.006045926
10;-0.004111765
10;-0.001689692
10;-0.002103796
10;-0.001446789
10;0.001980067
10;0.002914131
10;0.002226903
10;0.002396928
10;0.002037689
10;0.002389358
10;0.002486743
10;0.002501444
10;0.003070773
10;0.005038625
10;-0.028905842
10;0.025197916
10;0.025458828
10;0.025105588
10;0.025716867
10;0.025871741
10;0.023702975
10;0.02457844
10;0.025647017
10;0.026981548
10;0.027189863
10;-0.000788491
10;0.00107816
10;0.001587092
10;0.001212994
10;0.001303504
10;0.001109768
10;0.001300942
10;0.001354519
10;0.001363734
10;0.00166928
10;0.001620828
10;0.003445104
10;1.47471E-05
10;4.99179E-05
10;1.20661E-05
10;1.29296E-05
10;1.02761E-05
10;9.10763E-06
10;1.97109E-05
10;1.52607E-05
10;1.06931E-05
10;4.88961E-06
10;3.15057E-06
10;3.66802E-06
10;-9.26653E-06
10;-7.4135E-06
10;-5.66103E-06
10;-6.1421E-06
10;-5.18377E-06
10;-6.08658E-06
10;-6.32182E-06
10;-6.33115E-06
10;-7.88453E-06
10;-7.56916E-06
10;-4.11529E-06
10;1.00964E-07
10;-0.000284816
10;0.000116344
10;-0.009944151
10;0.000118103
10;8.54671E-05
10;9.36028E-05
10;0.000170086
10;0.000144832
10;8.54349E-05
10;1.45331E-05
10;3.10077E-05
10;3.39877E-05
10;-4.55848E-05
10;-0.00053455
10;-5.16829E-05
10;-5.35998E-05
10;-4.71361E-05
10;-5.49308E-05
10;-5.77031E-05
10;-5.92089E-05
10;-6.80158E-05
10;-6.89018E-05
10;-3.7826E-05
10;1.68301E-07
10;0.000105583
10;1.52135E-05
10;2.78937E-05
10;2.55569E-05
10;0.000573613
10;2.26028E-05
10;2.07873E-05
10;4.36149E-05
10;3.43235E-05
10;2.3372E-05
10;9.65025E-06
10;7.13289E-06
10;8.2151E-06
10;-1.12452E-05
10;-1.65492E-05
10;-0.000110415
10;-1.36162E-05
10;-1.15719E-05
10;-1.35698E-05
10;-1.41217E-05
10;-1.42026E-05
10;-1.74455E-05
10;-1.69001E-05
10;-9.20388E-06
10;4.3E-08
10;3.90646E-07
10;2.93381E-06
10;9.37678E-05
10;4.71746E-05
10;4.89852E-05
10;4.93174E-05
10;0.000544954
10;3.38082E-05
10;7.6074E-05
10;5.77227E-05
10;4.18814E-05
10;2.1345E-05
10;1.18178E-05
10;1.39478E-05
10;-1.92758E-05
10;-2.83052E-05
10;-2.15952E-05
10;-0.000166893
10;-1.97916E-05
10;-2.32756E-05
10;-2.41171E-05
10;-2.40256E-05
10;-3.0432E-05
10;-2.88923E-05
10;-1.56759E-05
10;7.48817E-08
10;6.10964E-07
10;1.64205E-07
10;6.02807E-06
10;2.00429E-05
10;2.01479E-05
10;1.92269E-05
10;2.09264E-05
10;1.65552E-05
10;7.41053E-05
10;3.1811E-05
10;2.47488E-05
10;1.71951E-05
10;7.63905E-06
10;5.11948E-06
10;5.94105E-06
10;-8.15679E-06
10;-1.19958E-05
10;-9.16205E-06
10;-9.91808E-06
10;-1.69749E-05
10;-9.84498E-06
10;-1.02314E-05
10;-1.02594E-05
10;-1.27245E-05
10;-1.22484E-05
10;-6.66268E-06
10;3.13466E-08
10;2.75553E-07
10;6.95755E-08
10;1.20529E-07
10;2.96307E-07
10;9.81612E-06
10;3.09169E-05
10;2.77301E-05
10;3.19685E-05
10;2.48744E-05
10;2.31799E-05
10;0.000297046
10;3.80774E-05
10;2.56614E-05
10;1.01758E-05
10;7.9314E-06
10;9.09986E-06
10;-1.24373E-05
10;-1.83101E-05
10;-1.39952E-05
10;-1.50273E-05
10;-1.28033E-05
10;-9.25124E-05
10;-1.5628E-05
10;-1.57413E-05
10;-1.92402E-05
10;-1.86997E-05
10;-1.019E-05
10;4.74369E-08
10;4.38133E-07
10;1.06182E-07
10;1.80507E-07
10;7.682E-08
10;2.54733E-06
10;1.53098E-05
10;4.44513E-05
10;3.99708E-05
10;4.59715E-05
10;3.57938E-05
10;3.33036E-05
10;6.92012E-05
10;0.000133614
10;3.69366E-05
10;1.47189E-05
10;1.13992E-05
10;1.30845E-05
10;-1.78865E-05
10;-2.63313E-05
10;-2.01255E-05
10;-2.16168E-05
10;-1.8412E-05
10;-2.1582E-05
10;-6.10213E-05
10;-2.26325E-05
10;-2.76793E-05
10;-2.68913E-05
10;-1.46528E-05
10;6.82413E-08
10;6.29061E-07
10;1.52699E-07
10;2.59781E-07
10;1.105E-07
10;1.6909E-07
10;1.8293E-06
10;-1.70999E-05
10;3.52928E-05
10;2.92576E-05
10;3.62999E-05
10;2.76792E-05
10;2.70215E-05
10;5.39496E-05
10;4.36025E-05
10;0.001006305
10;9.52595E-06
10;9.15614E-06
10;1.03653E-05
10;-1.40905E-05
10;-2.07699E-05
10;-1.58896E-05
10;-1.68948E-05
10;-1.45236E-05
10;-1.69953E-05
10;-1.77426E-05
10;-0.0003888
10;-2.15775E-05
10;-2.12174E-05
10;-1.15866E-05
10;5.3253E-08
10;5.20827E-07
10;1.20426E-07
10;2.00047E-07
10;8.65029E-08
10;1.33853E-07
10;1.92386E-07
10;1.08475E-05
10;0.000187973
10;0.000155188
10;0.00015094
10;0.000161414
10;0.000128366
10;0.000113604
10;0.000246164
10;0.000190466
10;0.000133607
10;-0.003758132
10;3.93114E-05
10;4.57875E-05
10;-6.29546E-05
10;-9.25537E-05
10;-7.0673E-05
10;-7.67016E-05
10;-6.47166E-05
10;-7.59916E-05
10;-7.89225E-05
10;-7.90259E-05
10;-0.000487671
10;-9.44962E-05
10;-5.13734E-05
10;2.42512E-07
10;2.09789E-06
10;5.36836E-07
10;9.35503E-07
10;3.91433E-07
10;5.92162E-07
10;8.51877E-07
10;6.64498E-07
10;6.33538E-05
10;8.22525E-05
10;0.000165911
10;0.000151315
10;0.000171757
10;0.000134233
10;0.000123806
10;0.000259141
10;0.000204195
10;0.000138732
10;5.67914E-05
10;-0.000283555
10;4.88568E-05
10;-6.68552E-05
10;-9.83964E-05
10;-7.51938E-05
10;-8.09133E-05
10;-6.88032E-05
10;-8.06737E-05
10;-8.39675E-05
10;-8.44763E-05
10;-0.000103653
10;-0.000170531
10;-5.47313E-05
10;2.55503E-07
10;2.32958E-06
10;5.70635E-07
10;9.74944E-07
10;4.13489E-07
10;6.3146E-07
10;9.08068E-07
10;7.16731E-07
10;3.18976E-06
10;1.32666E-05
10;0.000380955
10;-0.000368511
10;-0.000368308
10;-0.000368327
10;-0.000369104
10;-0.000369646
10;-0.000366062
10;-0.000367628
10;-0.000368935
10;-0.000370638
10;-0.000371485
10;1.17274E-06
10;-1.62233E-06
10;-2.38174E-06
10;-1.81683E-06
10;-1.99333E-06
10;-1.66535E-06
10;-1.9591E-06
10;-2.02901E-06
10;-2.01932E-06
10;-2.56586E-06
10;-2.43102E-06
10;-4.19351E-05
10;6.31251E-09
10;5.09125E-08
10;1.38175E-08
10;2.46813E-08
10;1.01552E-08
10;1.51791E-08
10;2.18471E-08
10;1.67814E-08
10;7.88682E-08
10;8.20274E-08
10;7.51214E-07
10;-0.064058665
10;0.000475149
10;-0.005012161
10;5.2659E-05
10;-0.00124172
10;0.001628305
10;-0.001441876
10;0.000893014
10;-0.00182708
10;-0.004585112
10;0.000353579
10;8.87378E-05
10;5.19602E-05
10;1.74747E-05
10;-1.89896E-05
10;0.000357685
10;1.15877E-05
10;7.69731E-05
10;-1.92889E-05
10;-0.00023645
10;0.000579832
10;5.40635E-06
10;-5.27931E-05
10;-1.30828E-06
10;5.36442E-05
10;-1.50193E-07
10;-1.08563E-05
10;-1.51936E-06
10;9.31545E-07
10;1.15291E-06
10;5.47419E-06
10;-1.69376E-05
10;3.90295E-07
10;-1.00562E-06
10;0.010020007
11;3.371599607
11;-2.780049675
11;2.871393474
11;-2.774846219
11;2.791204339
11;3.084974737
11;-2.780798974
11;2.791093068
11;2.791183618
11;3.380088792
11;-2.763789082
11;2.791411021
11;2.791653993
11;2.791376034
11;3.161142976
11;-2.774691227
11;2.791207236
11;2.791352516
11;2.791186315
11;2.79166123
11;2.85376247
11;-2.799911768
11;2.790735807
11;2.790655093
11;2.79074743
11;2.790483577
11;2.790652688
11;4.010747
11;-2.783712062
11;2.791038616
11;2.791103063
11;2.791029336
11;2.791240009
11;2.791104982
11;2.790792617
11;4.159831522
11;-2.782800068
11;2.791055663
11;2.791128282
11;2.791045206
11;2.791282594
11;2.791130445
11;2.79077847
11;2.791004551
11;2.884550718
11;-0.001277954
11;0.008185241
11;-3.53392E-05
11;-2.22388E-05
11;-5.9673E-05
11;-3.56803E-05
11;1.98233E-05
11;-1.58279E-05
11;-1.7835E-05
11;0.00253988
11;-0.001694364
11;-3.16715E-05
11;0.03133833
11;-2.94852E-05
11;-7.9117E-05
11;-4.73065E-05
11;2.62825E-05
11;-2.09853E-05
11;-2.36463E-05
11;3.72884E-06
11;0.005027594
11;-0.00381599
11;-7.13294E-05
11;-0.000105523
11;0.105264808
11;-0.000178185
11;-0.000106542
11;5.91926E-05
11;-4.72624E-05
11;-5.32555E-05
11;8.39796E-06
11;1.11344E-05
11;0.034161906
11;-0.001022375
11;-1.91105E-05
11;-2.82717E-05
11;-1.77913E-05
11;0.037870754
11;-2.85446E-05
11;1.58588E-05
11;-1.26625E-05
11;-1.42681E-05
11;2.24997E-06
11;2.98311E-06
11;6.71845E-06
11;0.005787796
11;-0.000965979
11;-1.80563E-05
11;-2.67122E-05
11;-1.68099E-05
11;-4.51056E-05
11;0.007020642
11;1.4984E-05
11;-1.1964E-05
11;-1.34811E-05
11;2.12586E-06
11;2.81855E-06
11;6.34785E-06
11;1.70071E-06
11;0.001681196
11;-0.001036666
11;-1.93776E-05
11;-2.86669E-05
11;-1.804E-05
11;-4.84063E-05
11;-2.89436E-05
11;0.111130658
11;-1.28395E-05
11;-1.44676E-05
11;2.28142E-06
11;3.02481E-06
11;6.81236E-06
11;1.82516E-06
11;1.72448E-06
11;0.013126066
11;-0.001008779
11;-1.88563E-05
11;-2.78957E-05
11;-1.75547E-05
11;-4.71041E-05
11;-2.8165E-05
11;1.56479E-05
11;0.129614314
11;-1.40784E-05
11;2.22005E-06
11;2.94343E-06
11;6.6291E-06
11;1.77606E-06
11;1.67809E-06
11;1.80089E-06
11;0.016824585
11;-0.001150872
11;-2.15124E-05
11;-3.1825E-05
11;-2.00274E-05
11;-5.3739E-05
11;-3.21322E-05
11;1.7852E-05
11;-1.42539E-05
11;0.011567536
11;2.53276E-06
11;3.35804E-06
11;7.56285E-06
11;2.02623E-06
11;1.91446E-06
11;2.05455E-06
11;1.99928E-06
11;0.001964662
11;0.385635584
11;-0.390665949
11;-0.390710198
11;-0.390659577
11;-0.390804224
11;-0.390711516
11;-0.390497048
11;-0.390634805
11;-0.39064256
11;1.08673E-05
11;1.44084E-05
11;3.245E-05
11;8.69397E-06
11;8.2144E-06
11;8.8155E-06
11;8.57835E-06
11;9.78667E-06
11;3098.13269
11;-0.00015316
11;-0.013655574
11;-4.23533E-06
11;-2.66527E-06
11;-7.15167E-06
11;-4.27621E-06
11;2.37577E-06
11;-1.89694E-06
11;-2.13748E-06
11;-0.003093326
11;4.46893E-07
11;1.00648E-06
11;2.69654E-07
11;2.54779E-07
11;2.73423E-07
11;2.66068E-07
11;3.03545E-07
11;1.30242E-06
11;0.004102212
11;-0.002476391
11;-4.62893E-05
11;-0.073439821
11;-4.30939E-05
11;-0.000115633
11;-6.91406E-05
11;3.84131E-05
11;-3.0671E-05
11;-3.45602E-05
11;5.44987E-06
11;-0.009503246
11;1.62734E-05
11;4.35994E-06
11;4.11944E-06
11;4.42089E-06
11;4.30196E-06
11;4.90792E-06
11;2.10585E-05
11;6.53154E-07
11;0.024605497
11;0.003929099
11;7.34437E-05
11;0.000108651
11;-0.237876395
11;0.000183466
11;0.0001097
11;-6.09471E-05
11;4.86633E-05
11;5.4834E-05
11;-8.64689E-06
11;-1.14644E-05
11;-0.057877655
11;-6.91759E-06
11;-6.536E-06
11;-7.01429E-06
11;-6.82559E-06
11;-7.78702E-06
11;-3.34119E-05
11;-1.03631E-06
11;-1.67557E-05
11;0.129945984
11;-5.22329E-05
11;-9.7635E-07
11;-1.44439E-06
11;-9.08951E-07
11;-0.089100807
11;-1.45834E-06
11;8.10222E-07
11;-6.46922E-07
11;-7.28955E-07
11;1.1495E-07
11;1.52406E-07
11;3.43244E-07
11;-0.011045545
11;8.68887E-08
11;9.32469E-08
11;9.07384E-08
11;1.0352E-07
11;4.44172E-07
11;1.37765E-08
11;2.22748E-07
11;-3.53418E-07
11;0.026830928
11;-0.000355162
11;-6.63877E-06
11;-9.82128E-06
11;-6.18049E-06
11;-1.6584E-05
11;-0.014389412
11;5.50917E-06
11;-4.3988E-06
11;-4.95659E-06
11;7.81615E-07
11;1.0363E-06
11;2.33391E-06
11;6.25299E-07
11;-0.002507005
11;6.3404E-07
11;6.16983E-07
11;7.0389E-07
11;3.02019E-06
11;9.36748E-08
11;1.5146E-06
11;-2.40309E-06
11;3.19464E-08
11;0.004517201
11;0.003696955
11;6.91044E-05
11;0.000102232
11;6.43341E-05
11;0.000172626
11;0.000103219
11;-0.216795376
11;4.57881E-05
11;5.15942E-05
11;-8.136E-06
11;-1.0787E-05
11;-2.42942E-05
11;-6.50888E-06
11;-6.14984E-06
11;-0.022753079
11;-6.42232E-06
11;-7.32694E-06
11;-3.14378E-05
11;-9.75081E-07
11;-1.57658E-05
11;2.50143E-05
11;-3.32537E-07
11;-2.26111E-06
11;0.04574912
11;-0.003991395
11;-7.46082E-05
11;-0.000110374
11;-6.94579E-05
11;-0.000186375
11;-0.000111439
11;6.19134E-05
11;-0.428718066
11;-5.57034E-05
11;8.78398E-06
11;1.16462E-05
11;2.62291E-05
11;7.02727E-06
11;6.63963E-06
11;7.1255E-06
11;-0.045134684
11;7.91049E-06
11;3.39416E-05
11;1.05274E-06
11;1.70214E-05
11;-2.70066E-05
11;3.59021E-07
11;2.44119E-06
11;-2.54109E-05
11;0.163033526
11;-0.002263665
11;-4.2313E-05
11;-6.25971E-05
11;-3.93921E-05
11;-0.0001057
11;-6.32013E-05
11;3.51134E-05
11;-2.80363E-05
11;-0.028819985
11;4.98172E-06
11;6.60497E-06
11;1.48755E-05
11;3.98542E-06
11;3.76558E-06
11;4.04113E-06
11;3.93242E-06
11;-0.004088614
11;1.92495E-05
11;5.97047E-07
11;9.65346E-06
11;-1.53164E-05
11;2.03614E-07
11;1.38449E-06
11;-1.44115E-05
11;1.55592E-05
11;0.017222953
11;-0.638474841
11;0.644240058
11;0.64429077
11;0.644232755
11;0.644398533
11;0.644292281
11;0.644046483
11;0.644204364
11;0.644213253
11;-1.24549E-05
11;-1.65132E-05
11;-3.71904E-05
11;-9.96402E-06
11;-9.41438E-06
11;-1.01033E-05
11;-9.8315E-06
11;-1.12163E-05
11;-3098.16818
11;-1.49269E-06
11;-2.41348E-05
11;3.82928E-05
11;-5.09058E-07
11;-3.46139E-06
11;3.60303E-05
11;-3.88999E-05
11;-2.20616E-05
11;3098.231908
11;1.26852E-05
11;7.195E-05
11;3.50784E-07
11;2.20747E-07
11;5.92326E-07
11;3.5417E-07
11;-1.9677E-07
11;1.57111E-07
11;1.77033E-07
11;7.30458E-06
11;-3.70132E-08
11;-8.33598E-08
11;-2.23336E-08
11;-2.11017E-08
11;-2.26458E-08
11;-2.20366E-08
11;-2.51406E-08
11;-1.07871E-07
11;-1.40266E-05
11;-5.40964E-08
11;8.58307E-08
11;-1.14102E-09
11;-7.75846E-09
11;8.07595E-08
11;-8.71915E-08
11;-4.94495E-08
11;1.23629E-07
11;1.14323E-07
11;2.80806E-05
11;5.24889E-07
11;0.001021235
11;4.88655E-07
11;1.3112E-06
11;7.84007E-07
11;-4.35578E-07
11;3.47788E-07
11;3.91889E-07
11;-6.17978E-08
11;0.000108993
11;-1.84529E-07
11;-4.94388E-08
11;-4.67117E-08
11;-5.01299E-08
11;-4.87813E-08
11;-5.56525E-08
11;-2.38789E-07
11;-7.40632E-09
11;-0.000416804
11;1.89999E-07
11;-2.52581E-09
11;-1.71745E-08
11;1.78773E-07
11;-1.93011E-07
11;-1.09464E-07
11;2.73672E-07
11;6.13416E-10
11;1.07063E-05
11;-6.71302E-05
11;-1.25482E-06
11;-1.85635E-06
11;0.006339455
11;-3.13459E-06
11;-1.87427E-06
11;1.04131E-06
11;-8.31432E-07
11;-9.36861E-07
11;1.47736E-07
11;1.95874E-07
11;0.001134322
11;1.1819E-07
11;1.1167E-07
11;1.19842E-07
11;1.16618E-07
11;1.33044E-07
11;5.70856E-07
11;1.77058E-08
11;2.86279E-07
11;-0.003989812
11;6.03829E-09
11;4.10578E-08
11;-4.2738E-07
11;4.61418E-07
11;2.61687E-07
11;-6.54248E-07
11;-1.46645E-09
11;-3.2462E-09
11;0.000190655
11;-9.72173E-06
11;-1.81721E-07
11;-2.68835E-07
11;-1.69177E-07
11;0.001445442
11;-2.7143E-07
11;1.50801E-07
11;-1.20407E-07
11;-1.35675E-07
11;2.13949E-08
11;2.83663E-08
11;6.38855E-08
11;0.000148609
11;1.6172E-08
11;1.73554E-08
11;1.68885E-08
11;1.92674E-08
11;8.26708E-08
11;2.56413E-09
11;4.14586E-08
11;-6.57792E-08
11;-0.000499248
11;5.94595E-09
11;-6.18927E-08
11;6.68221E-08
11;3.78972E-08
11;-9.47476E-08
11;-2.1237E-10
11;-4.70112E-10
11;1.12386E-09
11;1.30587E-05
11;1.04286E-06
11;1.94934E-08
11;2.88382E-08
11;1.81477E-08
11;4.86954E-08
11;0.000179792
11;-1.61765E-08
11;1.29162E-08
11;1.4554E-08
11;-2.29505E-09
11;-3.04287E-09
11;-6.85306E-09
11;-1.83606E-09
11;2.02993E-05
11;-1.86173E-09
11;-1.81164E-09
11;-2.06683E-09
11;-8.86818E-09
11;-2.75057E-10
11;-4.4473E-09
11;7.05619E-09
11;-9.38039E-11
11;-5.4403E-05
11;6.63929E-09
11;-7.16806E-09
11;-4.06527E-09
11;1.01637E-08
11;2.27811E-11
11;5.04293E-11
11;-1.20558E-10
11;-1.74591E-11
11;1.12126E-06
11;-5.46292E-05
11;-1.02114E-06
11;-1.51066E-06
11;-9.50652E-07
11;-2.55087E-06
11;-1.52524E-06
11;0.001926122
11;-6.76602E-07
11;-7.62398E-07
11;1.20224E-07
11;1.59398E-07
11;3.58991E-07
11;9.61804E-08
11;9.0875E-08
11;0.000175489
11;9.49013E-08
11;1.08269E-07
11;4.64551E-07
11;1.44086E-08
11;2.32968E-07
11;-3.69632E-07
11;4.91383E-09
11;3.3412E-08
11;-0.000468819
11;3.75492E-07
11;2.12955E-07
11;-5.32414E-07
11;-1.19337E-09
11;-2.64169E-09
11;6.31531E-09
11;9.14577E-10
11;-9.81075E-11
11;7.34069E-06
11;0.000263401
11;4.92357E-06
11;7.28384E-06
11;4.58369E-06
11;1.22993E-05
11;7.35414E-06
11;-4.08581E-06
11;0.012952525
11;3.676E-06
11;-5.79676E-07
11;-7.68558E-07
11;-1.73092E-06
11;-4.63746E-07
11;-4.38165E-07
11;-4.70228E-07
11;0.001225817
11;-5.22032E-07
11;-2.23989E-06
11;-6.94728E-08
11;-1.12328E-06
11;1.78223E-06
11;-2.36927E-08
11;-1.611E-07
11;1.67693E-06
11;-0.005646774
11;-1.02679E-06
11;2.5671E-06
11;5.75397E-09
11;1.27373E-08
11;-3.04501E-08
11;-4.40975E-09
11;4.73037E-10
11;-2.47796E-08
11;0.000240839
11;0.000113952
11;2.13002E-06
11;3.15111E-06
11;1.98298E-06
11;5.32089E-06
11;3.18152E-06
11;-1.76759E-06
11;1.41133E-06
11;0.000455784
11;-2.50777E-07
11;-3.32491E-07
11;-7.48825E-07
11;-2.00624E-07
11;-1.89557E-07
11;-2.03429E-07
11;-1.97956E-07
11;5.60235E-05
11;-9.69013E-07
11;-3.00551E-08
11;-4.85951E-07
11;7.71021E-07
11;-1.02498E-08
11;-6.96946E-08
11;7.25467E-07
11;-7.83245E-07
11;-0.000400713
11;1.11057E-06
11;2.48926E-09
11;5.51035E-09
11;-1.31732E-08
11;-1.90773E-09
11;2.04644E-10
11;-1.07201E-08
11;5.16882E-08
11;1.21394E-05
11;0.005101836
11;-0.005105836
11;-0.005105871
11;-0.005105831
11;-0.005105946
11;-0.005105872
11;-0.005105701
11;-0.005105811
11;-0.005105817
11;8.64184E-09
11;1.14577E-08
11;2.58047E-08
11;6.91355E-09
11;6.53219E-09
11;7.0102E-09
11;6.82161E-09
11;7.78248E-09
11;0.00071456
11;1.03571E-09
11;1.6746E-08
11;-2.65695E-08
11;3.53212E-10
11;2.40169E-09
11;-2.49997E-08
11;2.69908E-08
11;1.53075E-08
11;-0.001346584
11;-8.57806E-11
11;-1.89888E-10
11;4.53951E-10
11;6.57408E-11
11;-7.05207E-12
11;3.69416E-10
11;-1.78119E-09
11;-7.70571E-10
11;1.51054E-05
11;-0.094917391
11;-0.00177422
11;-0.002624749
11;-0.001651743
11;-0.00443209
11;-0.002650083
11;0.001472333
11;-0.001175585
11;-0.001324655
11;0.000208888
11;0.000276952
11;0.000623741
11;0.000167112
11;0.000157894
11;0.000169448
11;0.00016489
11;0.000188115
11;0.000807149
11;2.50347E-05
11;0.000404778
11;-0.00064223
11;8.53771E-06
11;5.80528E-05
11;-0.000604285
11;0.000652412
11;0.000370007
11;-0.00092506
11;-2.07346E-06
11;-4.5899E-06
11;1.09728E-05
11;1.58906E-06
11;-1.7046E-07
11;8.9294E-06
11;-4.30542E-05
11;-1.8626E-05
11;6.41855E-07
11;0.015514693
12;0.305409628
12;0.000867388
12;0.008311629
12;0.002049023
12;5.81939E-06
12;0.007713151
12;0.000626791
12;1.78014E-06
12;4.2052E-06
12;0.001054393
12;0.001116893
12;3.17207E-06
12;7.49334E-06
12;2.2922E-06
12;0.003036611
12;-0.000520984
12;-1.47964E-06
12;-3.49533E-06
12;-1.06921E-06
12;-1.90525E-06
12;0.001865476
12;0.001246574
12;3.54037E-06
12;8.36338E-06
12;2.55834E-06
12;4.55876E-06
12;-2.12647E-06
12;0.013428576
12;-0.000818417
12;-2.32437E-06
12;-5.49084E-06
12;-1.67963E-06
12;-2.99298E-06
12;1.3961E-06
12;-3.34049E-06
12;0.004151091
12;-0.00256958
12;-0.010002795
12;-1.72396E-05
12;-5.27354E-06
12;-9.39704E-06
12;4.38333E-06
12;-1.04881E-05
12;6.88579E-06
12;0.012871193
12;-0.005306433
12;-1.50707E-05
12;-0.011424354
12;-1.08904E-05
12;-1.94058E-05
12;9.05199E-06
12;-2.1659E-05
12;1.42198E-05
12;4.4646E-05
12;0.018909372
12;-0.002062452
12;-5.85753E-06
12;-1.38372E-05
12;-0.001333849
12;-7.54245E-06
12;3.51824E-06
12;-8.4182E-06
12;5.52682E-06
12;1.73526E-05
12;3.58347E-05
12;0.001834075
12;-0.002214335
12;-6.28889E-06
12;-1.48562E-05
12;-4.54447E-06
12;-0.004782352
12;3.77733E-06
12;-9.03813E-06
12;5.93383E-06
12;1.86304E-05
12;3.84736E-05
12;1.49536E-05
12;0.00813826
12;-0.0006451
12;-1.83214E-06
12;-4.32804E-06
12;-1.32394E-06
12;-2.35915E-06
12;-0.003091272
12;-2.63307E-06
12;1.7287E-06
12;5.42758E-06
12;1.12085E-05
12;4.3564E-06
12;4.67722E-06
12;0.005738702
12;-0.003108569
12;-8.82859E-06
12;-2.08557E-05
12;-6.37971E-06
12;-1.13681E-05
12;5.30276E-06
12;-0.015806734
12;8.33014E-06
12;2.61541E-05
12;5.40108E-05
12;2.09924E-05
12;2.25383E-05
12;6.56606E-06
12;0.019795408
12;0.000476661
12;1.35376E-06
12;3.19797E-06
12;9.78251E-07
12;1.74317E-06
12;-8.13114E-07
12;1.94556E-06
12;-0.006552299
12;-4.01042E-06
12;-8.2819E-06
12;-3.21893E-06
12;-3.45598E-06
12;-1.00683E-06
12;-4.85163E-06
12;0.01144804
12;2.69828E-05
12;2.72085E-05
12;1.8103E-07
12;5.53768E-08
12;9.86771E-08
12;-4.60287E-08
12;1.10134E-07
12;-7.23068E-08
12;-4.80372E-05
12;-4.68821E-07
12;-1.82217E-07
12;-1.95636E-07
12;-5.69943E-08
12;-2.74641E-07
12;4.21129E-08
12;4.05455E-07
12;7.95152E-05
12;2.2583E-07
12;0.000101768
12;1.63189E-07
12;2.9079E-07
12;-1.35641E-07
12;3.24553E-07
12;-2.1308E-07
12;-6.69005E-07
12;-0.000211714
12;-5.36972E-07
12;-5.76515E-07
12;-1.67956E-07
12;-8.09334E-07
12;1.24102E-07
12;7.02514E-09
12;3.58263E-06
12;2.55579E-05
12;7.25865E-08
12;1.7147E-07
12;5.77563E-06
12;9.3466E-08
12;-4.3598E-08
12;1.04318E-07
12;-6.84883E-08
12;-2.15033E-07
12;-4.44063E-07
12;-1.07828E-05
12;-1.85304E-07
12;-5.39845E-08
12;-2.60137E-07
12;3.98889E-08
12;2.25803E-09
12;6.65415E-09
12;1.27638E-07
12;1.65564E-05
12;4.70215E-08
12;1.11079E-07
12;3.39787E-08
12;3.5641E-05
12;-2.82428E-08
12;6.75774E-08
12;-4.43668E-08
12;-1.39298E-07
12;-2.87664E-07
12;-1.11807E-07
12;-7.11934E-05
12;-3.49712E-08
12;-1.68517E-07
12;2.58401E-08
12;1.46275E-09
12;4.31056E-09
12;1.38551E-09
12;8.69784E-07
12;2.64554E-05
12;7.51356E-08
12;1.77492E-07
12;5.42944E-08
12;9.67483E-08
12;3.77012E-05
12;1.07982E-07
12;-7.08935E-08
12;-2.22584E-07
12;-4.59658E-07
12;-1.78655E-07
12;-1.91812E-07
12;-8.37297E-05
12;-2.69273E-07
12;4.12897E-08
12;2.33733E-09
12;6.88783E-09
12;2.21389E-09
12;1.43416E-09
12;1.68082E-06
12;2.94471E-05
12;8.36323E-08
12;1.97564E-07
12;6.04343E-08
12;1.07689E-07
12;-5.02325E-08
12;3.63811E-05
12;-7.89105E-08
12;-2.47755E-07
12;-5.11638E-07
12;-1.98859E-07
12;-2.13503E-07
12;-6.21996E-08
12;-6.46535E-05
12;4.5959E-08
12;2.60164E-09
12;7.66674E-09
12;2.46425E-09
12;1.59634E-09
12;2.55079E-09
12;5.55562E-07
12;2.62649E-06
12;7.45945E-09
12;1.76214E-08
12;5.39034E-09
12;9.60516E-09
12;-4.48041E-09
12;1.07204E-08
12;4.77226E-05
12;-2.20981E-08
12;-4.56348E-08
12;-1.77369E-08
12;-1.9043E-08
12;-5.54779E-09
12;-2.67334E-08
12;-0.000103084
12;2.32049E-10
12;6.83822E-10
12;2.19795E-10
12;1.42383E-10
12;2.27514E-10
12;2.53242E-10
12;1.49201E-06
12;-0.045889355
12;0.003422477
12;-0.000307876
12;-9.41786E-05
12;-0.000167819
12;7.82805E-05
12;-0.000187304
12;0.000122971
12;-0.005158524
12;0.000797319
12;0.000309894
12;0.000332715
12;9.69295E-05
12;0.000467078
12;-7.16208E-05
12;2.70171E-05
12;-1.19476E-05
12;-3.8402E-06
12;-2.48768E-06
12;-3.97506E-06
12;-4.42458E-06
12;-3.94644E-07
12;0.011264681
12;-0.044861578
12;-0.000127411
12;0.003860834
12;-9.20693E-05
12;-0.00016406
12;7.65272E-05
12;-0.000183109
12;0.000120217
12;0.000377445
12;-0.00676469
12;0.000302953
12;0.000325263
12;9.47586E-05
12;0.000456617
12;-7.00167E-05
12;-3.9635E-06
12;7.38548E-05
12;-3.75419E-06
12;-2.43197E-06
12;-3.88603E-06
12;-4.32549E-06
12;-3.85805E-07
12;0.006740681
12;0.010885691
12;-0.047378565
12;-0.000134559
12;-0.000317867
12;0.000367234
12;-0.000173265
12;8.08209E-05
12;-0.000193382
12;0.000126962
12;0.000398622
12;0.000823193
12;-0.00043492
12;0.000343513
12;0.000100075
12;0.000482236
12;-7.39451E-05
12;-4.18588E-06
12;-1.23353E-05
12;1.74958E-06
12;-2.56842E-06
12;-4.10406E-06
12;-4.56817E-06
12;-4.07451E-07
12;0.007118871
12;0.006959431
12;0.007868052
12;-0.045869388
12;-0.000130273
12;-0.000307742
12;-9.41376E-05
12;0.002639532
12;7.82464E-05
12;-0.000187223
12;0.000122918
12;0.000385925
12;0.000796972
12;0.000309759
12;-0.004602383
12;9.68874E-05
12;0.000466875
12;-7.15897E-05
12;-4.05254E-06
12;-1.19424E-05
12;-3.83853E-06
12;3.84965E-05
12;-3.97333E-06
12;-4.42266E-06
12;-3.94472E-07
12;0.00689211
12;0.006737748
12;0.007115774
12;0.010598356
12;-0.049308472
12;-0.00014004
12;-0.000330815
12;-0.000101196
12;-0.000180323
12;0.00129569
12;-0.00020126
12;0.000132134
12;0.00041486
12;0.000856725
12;0.000332983
12;0.000357505
12;-0.002151799
12;0.000501879
12;-7.69571E-05
12;-4.35639E-06
12;-1.28378E-05
12;-4.12633E-06
12;-2.67304E-06
12;2.41498E-05
12;-4.75425E-06
12;-4.24048E-07
12;0.00740885
12;0.007242915
12;0.007649283
12;0.007405626
12;0.009225187
12;-0.04548825
12;-0.00012919
12;-0.000305185
12;-9.33554E-05
12;-0.000166352
12;7.75963E-05
12;0.004843243
12;0.000121896
12;0.000382718
12;0.00079035
12;0.000307185
12;0.000329807
12;9.60823E-05
12;-0.006909191
12;-7.09948E-05
12;-4.01887E-06
12;-1.18431E-05
12;-3.80664E-06
12;-2.46594E-06
12;-3.94032E-06
12;3.02252E-05
12;-3.91194E-07
12;0.006834842
12;0.006681763
12;0.007056647
12;0.006831868
12;0.007344091
12;0.01199648
12;-0.047214274
12;-0.000134092
12;-0.000316765
12;-9.68977E-05
12;-0.000172664
12;8.05406E-05
12;-0.000192712
12;0.003775324
12;0.00039724
12;0.000820339
12;0.000318841
12;0.000342321
12;9.97281E-05
12;0.000480564
12;-0.006220637
12;-4.17136E-06
12;-1.22925E-05
12;-3.95108E-06
12;-2.55951E-06
12;-4.08983E-06
12;-4.55233E-06
12;4.3924E-05
12;0.007094186
12;0.006935298
12;0.007324407
12;0.007091099
12;0.007622758
12;0.007032177
12;0.011631933
13;1.172638453
13;-1.172638453
13;2.156060344
13;-1.172638453
13;1.172638453
13;1.836542472
13;-1.172638453
13;1.172638453
13;1.172638453
13;2.507262099
13;-1.172638453
13;1.172638453
13;1.172638453
13;1.172638453
13;1.27420078
13;-1.172638453
13;1.172638453
13;1.172638453
13;1.172638453
13;1.172638453
13;1.434251373
13;-1.172638453
13;1.172638453
13;1.172638453
13;1.172638453
13;1.172638453
13;1.172638453
13;3.350176533
13;2.0539E-16
13;-0.015946034
13;-2.1127E-16
13;-2.0196E-16
13;-2.9134E-16
13;-1.8736E-16
13;-1.7535E-16
13;0.001536645
13;1.19491E-15
13;-1.15455E-15
13;-0.014630456
13;-1.28876E-15
13;-1.07056E-15
13;-1.30746E-15
13;-1.18576E-15
13;2.14E-18
13;0.001980625
13;1.738E-17
13;-3.631E-17
13;2.4136E-16
13;-0.011323215
13;4.318E-17
13;8.32E-18
13;1.347E-17
13;1.8E-19
13;-2.178E-17
13;0.006209087
13;4.1624E-16
13;-5.1686E-16
13;-2.8228E-16
13;-3.4335E-16
13;-0.002185477
13;-5.0892E-16
13;-5.0635E-16
13;5.32E-18
13;-1.477E-17
13;-3.97E-18
13;0.000235908
13;-1.1191E-16
13;1.1884E-16
13;1.8374E-16
13;1.2238E-16
13;6.916E-17
13;-0.003998358
13;1.7756E-16
13;-6E-19
13;-6.15E-18
13;-1.9E-18
13;1.33E-18
13;0.000894132
13;1.80576E-15
13;-1.81479E-15
13;-2.16365E-15
13;-1.84008E-15
13;-1.93109E-15
13;-1.81896E-15
13;0.157227928
13;-4.3E-19
13;2.803E-17
13;-2.74E-18
13;1.365E-17
13;-1.329E-17
13;0.085707063
13;-0.03283686
13;0.03283686
13;0.03283686
13;0.03283686
13;0.03283686
13;0.03283686
13;0.03283686
13;1.176E-17
13;-1.982E-17
13;-8.21E-18
13;-1.345E-17
13;4.56E-18
13;-1.8805E-16
13;0.003153388
13;4.123E-17
13;-0.002942399
13;-4.285E-17
13;-4.066E-17
13;-5.89E-17
13;-3.854E-17
13;-3.545E-17
13;0.000221285
13;4.1E-19
13;3E-20
13;1.09E-18
13;-9E-20
13;-1.6E-19
13;2.34E-18
13;4.53423E-05
13;2.5084E-16
13;-2.4073E-16
13;-0.003249172
13;-2.7228E-16
13;-2.2586E-16
13;-2.7343E-16
13;-2.4988E-16
13;2.7E-19
13;0.00028742
13;-4.42E-18
13;-3.02E-18
13;-1.35E-18
13;6.02E-18
13;-4.04E-18
13;5E-20
13;6.17557E-05
13;8.51E-18
13;-1.177E-17
13;3.161E-17
13;-0.002723466
13;2.22E-18
13;-4.76E-18
13;-3.3E-18
13;2E-20
13;-3.33E-18
13;0.000757586
13;-7.2E-19
13;-2.8E-19
13;-2.4E-19
13;-1.69E-18
13;0
13;-6.8E-19
13;0.000134058
13;1.5197E-16
13;-1.8598E-16
13;-1.085E-16
13;-1.2642E-16
13;-0.000434826
13;-1.8061E-16
13;-1.8346E-16
13;1.68E-18
13;-4.85E-18
13;-1.36E-18
13;3.90707E-05
13;2.8E-19
13;4.44E-18
13;-4.93E-18
13;3.5E-19
13;-9.9E-19
13;-2.5E-19
13;1.43799E-05
13;-2.293E-17
13;2.405E-17
13;3.659E-17
13;2.49E-17
13;1.553E-17
13;-0.000659129
13;3.564E-17
13;-1E-19
13;-1.2E-18
13;-4E-19
13;2.6E-19
13;0.000112907
13;-2.09E-18
13;1.02E-18
13;-1E-20
13;-2.6E-19
13;-6E-20
13;6E-20
13;2.17273E-05
13;1.3725E-16
13;-1.3834E-16
13;-1.6067E-16
13;-1.3914E-16
13;-1.4563E-16
13;-1.3888E-16
13;0.009285599
13;-1E-20
13;1.83E-18
13;-1.9E-19
13;9.4E-19
13;-9.4E-19
13;0.005789594
13;-1.462E-17
13;-1E-20
13;3.9E-19
13;-2E-20
13;3E-19
13;-1.5E-19
13;0.000440114
13;-0.006729229
13;0.006729229
13;0.006729229
13;0.006729229
13;0.006729229
13;0.006729229
13;0.006729229
13;4.96E-18
13;-1.91E-18
13;-2.48E-18
13;-2.65E-18
13;3.4E-19
13;-6.124E-17
13;0.000570225
13;9.9E-19
13;-3.7E-19
13;-5.1E-19
13;-9.9E-19
13;1.2E-19
13;-4.7E-18
13;0.00017885
13;-4.491E-17
13;0.003175937
13;4.662E-17
13;4.428E-17
13;6.413E-17
13;4.189E-17
13;3.858E-17
13;-0.000250888
13;-4.5E-19
13;-3E-20
13;-1.19E-18
13;1E-19
13;1.7E-19
13;-2.55E-18
13;-4.92542E-05
13;-6E-20
13;0
13;-3.8E-19
13;2E-20
13;1E-20
13;-1.08E-18
13;5.38094E-05
13;-2.735E-16
13;2.6269E-16
13;0.00350608
13;2.9666E-16
13;2.462E-16
13;2.982E-16
13;2.7235E-16
13;-3.1E-19
13;-0.000325845
13;4.83E-18
13;3.29E-18
13;1.46E-18
13;-6.54E-18
13;4.43E-18
13;-6E-20
13;-6.70599E-05
13;7.4E-19
13;1.08E-18
13;2.8E-19
13;-4.3E-19
13;4.1E-19
13;7E-20
13;7.31785E-05
13;-9.54E-18
13;1.343E-17
13;-3.945E-17
13;0.003147501
13;-3.28E-18
13;4.83E-18
13;3.28E-18
13;-3E-20
13;4.08E-18
13;-0.00098057
13;8.5E-19
13;3.5E-19
13;3.5E-19
13;1.97E-18
13;0
13;8.3E-19
13;-0.000159519
13;3E-19
13;7E-20
13;3E-20
13;5.9E-19
13;1E-20
13;-9E-19
13;0.000194328
13;-1.6016E-16
13;1.9621E-16
13;1.1393E-16
13;1.3312E-16
13;0.000471299
13;1.907E-16
13;1.9348E-16
13;-1.79E-18
13;5.16E-18
13;1.44E-18
13;-4.42147E-05
13;-3E-19
13;-4.72E-18
13;5.19E-18
13;-3.7E-19
13;1.05E-18
13;2.6E-19
13;-1.51612E-05
13;-6E-20
13;-3.2E-19
13;1.04E-18
13;4E-19
13;-1.14E-18
13;-3.1E-19
13;1.60758E-05
13;2.655E-17
13;-2.787E-17
13;-4.281E-17
13;-2.88E-17
13;-1.776E-17
13;0.000759144
13;-4.126E-17
13;1.2E-19
13;1.42E-18
13;4.5E-19
13;-2.9E-19
13;-0.000144455
13;2.55E-18
13;-1.17E-18
13;2E-20
13;3.1E-19
13;7E-20
13;-6E-20
13;-2.5341E-05
13;1.8E-19
13;-1.3E-19
13;-2E-20
13;-3.3E-19
13;-8E-20
13;7E-20
13;3.02922E-05
13;-6.0386E-16
13;6.085E-16
13;7.1503E-16
13;6.1678E-16
13;6.3778E-16
13;6.1667E-16
13;-0.064337089
13;-4E-20
13;-8.69E-18
13;6.8E-19
13;-3.73E-18
13;3.67E-18
13;-0.02756059
13;6.05E-17
13;2E-20
13;-1.86E-18
13;5E-20
13;-1.2E-18
13;5.6E-19
13;-0.001832357
13;1.97E-17
13;-2E-20
13;2.02E-18
13;-7E-20
13;1.28E-18
13;-6.9E-19
13;0.01057439
13;0.007167869
13;-0.007167869
13;-0.007167869
13;-0.007167869
13;-0.007167869
13;-0.007167869
13;-0.007167869
13;-5.18E-18
13;2.12E-18
13;2.62E-18
13;2.84E-18
13;-4.2E-19
13;6.421E-17
13;-0.000623097
13;-1.03E-18
13;4.1E-19
13;5.3E-19
13;1.06E-18
13;-1.4E-19
13;4.93E-18
13;-0.000187767
13;1.12E-18
13;-4.5E-19
13;-6.2E-19
13;-1.11E-18
13;1.6E-19
13;-2.065E-17
13;0.000197727
13;5.018E-17
13;-0.031628145
13;-2.95E-17
13;-4.571E-17
13;-6.682E-17
13;-3.815E-17
13;-4.874E-17
13;0.000129875
13;-2.63E-18
13;7.6E-19
13;1.86E-18
13;-7E-20
13;6.8E-19
13;3.3E-19
13;2.46056E-05
13;-5.4E-19
13;1.3E-19
13;6.7E-19
13;-1E-20
13;6E-20
13;3.4E-19
13;-2.60632E-05
13;5.9E-19
13;-1.6E-19
13;-7.1E-19
13;1E-20
13;-2.2E-19
13;-3.5E-19
13;0.001235439
13;-7.638E-17
13;7.244E-17
13;-0.018631272
13;7.78E-17
13;7.104E-17
13;7.352E-17
13;7.705E-17
13;-5.1E-19
13;-0.000202621
13;-8.2E-19
13;1.11E-18
13;-1.6E-19
13;1.02E-18
13;3.73E-18
13;-8E-20
13;1.71123E-06
13;-1.5E-19
13;3.8E-19
13;-2E-20
13;6E-20
13;9.3E-19
13;9E-20
13;1.54097E-06
13;1.8E-19
13;-4E-19
13;3E-20
13;-3.3E-19
13;-9.9E-19
13;3.3E-19
13;0.000823158
13;4.69E-18
13;5.13E-18
13;-9.303E-17
13;-0.04632382
13;6.78E-18
13;6.41E-18
13;3.1E-19
13;-1.6E-19
13;7.64E-18
13;-0.000651774
13;-1.91E-18
13;-4E-20
13;1.71E-18
13;3.15E-18
13;-3E-20
13;1.64E-18
13;-5.55909E-05
13;-6.7E-19
13;0
13;1E-19
13;1.06E-18
13;3E-20
13;-1.78E-18
13;6.92813E-05
13;7.1E-19
13;0
13;-5.8E-19
13;-1.12E-18
13;-3.2E-19
13;1.4E-19
13;0.001913182
13;1.0076E-16
13;-1.1337E-16
13;-1.02E-16
13;-1.0289E-16
13;-0.002937585
13;-1.2442E-16
13;-1.0503E-16
13;1.31E-18
13;5.1E-19
13;-7.8E-19
13;9.88375E-06
13;1.28E-18
13;-5E-20
13;-5.59E-18
13;2.7E-19
13;1.2E-19
13;-1.4E-19
13;2.07886E-06
13;2.1E-19
13;-1E-20
13;-1.53E-18
13;-2.9E-19
13;-1.3E-19
13;1.6E-19
13;-2.16212E-06
13;-2.6E-19
13;2E-20
13;1.62E-18
13;-4E-20
13;-1.6E-19
13;2.3E-19
13;0.000109041
13;-5.75E-17
13;7.478E-17
13;-4.35E-18
13;7.056E-17
13;8.26E-18
13;-0.00897083
13;9.913E-17
13;-5.9E-19
13;5.37E-18
13;-5E-19
13;3.35E-18
13;3.5479E-05
13;2.64E-18
13;-3E-20
13;-9E-20
13;1.09E-18
13;-7E-20
13;1.06E-18
13;3.35609E-06
13;2.1E-19
13;0
13;1E-19
13;-1.19E-18
13;9E-20
13;-1.13E-18
13;-4.53442E-06
13;-1.07E-18
13;0
13;-4.4E-19
13;1.3E-19
13;-4.1E-19
13;7E-19
13;0.000347489
13;-3.811E-17
13;5.16E-17
13;-1.69E-18
13;4.392E-17
13;-1.594E-17
13;9.312E-17
13;-0.061436405
13;-1.29E-18
13;3.14E-18
13;-1.43E-18
13;5.22E-18
13;-3.95E-18
13;0.004059426
13;-4.85E-18
13;-2.6E-19
13;7.2E-19
13;-2.1E-19
13;1.79E-18
13;-7.1E-19
13;0.000211835
13;-1.83E-18
13;2.8E-19
13;-7.7E-19
13;2.6E-19
13;-1.9E-18
13;8.4E-19
13;-0.000932595
13;1.92E-18
13;-1E-20
13;1.3E-19
13;5E-20
13;1.8E-19
13;-1.4E-18
13;0.0030987
13;-0.027492641
13;0.027492641
13;0.027492641
13;0.027492641
13;0.027492641
13;0.027492641
13;0.027492641
13;-1.335E-17
13;-3.445E-17
13;3.4E-18
13;-8.82E-18
13;2.55E-18
13;2.53E-17
13;-0.000196531
13;-2.67E-18
13;-7.29E-18
13;5.2E-19
13;-3.21E-18
13;4.6E-19
13;2.07E-18
13;-3.13107E-05
13;2.91E-18
13;7.94E-18
13;-6.2E-19
13;3.39E-18
13;-5.4E-19
13;-7.31E-18
13;3.58224E-05
13;-2.01E-18
13;1.01E-18
13;-1.65E-18
13;-1E-18
13;2.16E-18
13;3.76E-18
13;0.001185664
14;2.219251369
14;-0.000481652
14;0.001597286
14;0.002205369
14;0.001587937
14;0.002124247
14;-0.001883736
14;0.001241555
14;0.001505477
14;0.001339436
14;-0.002441354
14;-0.001681924
14;-0.002045736
14;-0.001594516
14;0.002166965
14;-0.346940378
14;0.000981588
14;0.001150007
14;0.001462468
14;-0.00120161
14;0.057524134
14;-0.358361239
14;0.000366805
14;-0.00044875
14;0.000578461
14;2.24246E-05
14;0.05629538
14;0.059449356
14;-0.35129625
14;0.001385767
14;0.001241294
14;0.001327481
14;-0.001298095
14;0.056151231
14;0.057016157
14;0.057976958
15;0.011726394
15;-0.007707861
15;0.007928066
15;-0.007672252
15;0.00758593
15;0.010855995
15;-0.007557252
15;0.007573967
15;0.007546656
15;0.009547484
15;-0.007622389
15;0.007573288
15;0.007547097
15;0.007541022
15;0.007920148
15;-0.007739789
15;0.007617028
15;0.007572568
15;0.00756119
15;0.007561818
15;0.007667588
15;-0.007722426
15;0.007638766
15;0.00758428
15;0.007572139
15;0.007571809
15;0.007614683
15;0.007861277
15;-0.007804293
15;0.007601552
15;0.007564882
15;0.007552756
15;0.007554948
15;0.007587104
15;0.007600043
15;0.007820978
15;-0.007573518
15;0.00759997
15;0.007561128
15;0.007554799
15;0.007553144
15;0.007581766
15;0.00759736
15;0.007569721
15;0.010813081
15;-0.00763927
15;0.007645253
15;0.0075868
15;0.007576362
15;0.007574429
15;0.007618266
15;0.007641468
15;0.007600771
15;0.007603424
15;0.019478821
15;-0.00766971
15;0.007572355
15;0.007547177
15;0.007539982
15;0.007540797
15;0.007561932
15;0.007571143
15;0.007556264
15;0.007551633
15;0.007572562
15;0.007988744
15;-9.10774E-06
15;2.11495E-05
15;1.17199E-05
15;1.03351E-05
15;9.84067E-06
15;1.66626E-05
15;2.04923E-05
15;1.36334E-05
15;1.47013E-05
15;2.20878E-05
15;9.40599E-06
15;3.57517E-06
15;2.36385E-06
15;-4.88737E-05
15;-2.00016E-05
15;-1.79481E-05
15;-1.68725E-05
15;-2.84371E-05
15;-3.51974E-05
15;-2.29261E-05
15;-2.55393E-05
15;-3.82586E-05
15;-1.5959E-05
15;-6.22954E-06
15;1.68569E-05
15;1.6659E-07
15;-4.32179E-05
15;-2.51063E-05
15;-2.13451E-05
15;-2.00233E-05
15;-3.37212E-05
15;-4.17827E-05
15;-2.7118E-05
15;-3.03749E-05
15;-4.54804E-05
15;-1.89058E-05
15;-7.41271E-06
15;1.29766E-05
15;7.66505E-05
15;2.10149E-06
15;-4.58157E-05
15;-2.51681E-05
15;8.35029E-05
15;-2.12359E-05
15;-3.57824E-05
15;-4.43039E-05
15;-2.88254E-05
15;-3.2166E-05
15;-4.81782E-05
15;-2.00751E-05
15;-7.84712E-06
15;1.37308E-05
15;1.635E-05
15;7.76022E-05
15;1.27925E-06
15;-4.31465E-05
15;-2.36931E-05
15;-2.12962E-05
15;-2.4682E-05
15;-3.36853E-05
15;-4.17193E-05
15;-2.71179E-05
15;-3.03046E-05
15;-4.53845E-05
15;-1.88936E-05
15;-7.39401E-06
15;1.29402E-05
15;1.54091E-05
15;1.6304E-05
15;2.58711E-05
15;-2.28543E-06
15;-3.90309E-05
15;-2.139E-05
15;-1.9307E-05
15;-1.80722E-05
15;-3.29995E-05
15;-3.77226E-05
15;-2.43929E-05
15;-2.74762E-05
15;-4.11198E-05
15;-1.70326E-05
15;-6.7087E-06
15;1.1752E-05
15;1.39963E-05
15;1.48076E-05
15;1.39558E-05
15;1.46763E-05
15;4.1288E-06
15;-4.24654E-05
15;-2.33549E-05
15;-2.09249E-05
15;-1.96931E-05
15;-3.32046E-05
15;-3.22134E-05
15;-2.68052E-05
15;-2.97743E-05
15;-4.46143E-05
15;-1.86443E-05
15;-7.26064E-06
15;1.26976E-05
15;1.51183E-05
15;1.59977E-05
15;1.50763E-05
15;1.36908E-05
15;2.16824E-05
15;-6.45031E-06
15;-4.3305E-05
15;-2.36834E-05
15;-2.14692E-05
15;-2.0033E-05
15;-3.36715E-05
15;-4.18339E-05
15;-2.32424E-05
15;-3.05558E-05
15;-4.56959E-05
15;-1.8831E-05
15;-7.46606E-06
15;1.30913E-05
15;1.55938E-05
15;1.64959E-05
15;1.55477E-05
15;1.41276E-05
15;1.52498E-05
15;2.12224E-05
15;-4.8757E-06
15;-4.28291E-05
15;-2.3442E-05
15;-2.12148E-05
15;-1.98198E-05
15;-3.33283E-05
15;-4.13816E-05
15;-2.66715E-05
15;-1.26767E-05
15;-4.51656E-05
15;-1.86497E-05
15;-7.37529E-06
15;1.29273E-05
15;1.53975E-05
15;1.6289E-05
15;1.53524E-05
15;1.39489E-05
15;1.50592E-05
15;1.55457E-05
15;9.48836E-05
15;-6.32399E-06
15;-3.2299E-05
15;-1.76453E-05
15;-1.60313E-05
15;-1.49346E-05
15;-2.5087E-05
15;-3.11942E-05
15;-2.00076E-05
15;-2.28174E-05
15;-0.000689878
15;-1.40192E-05
15;-5.57734E-06
15;9.78437E-06
15;1.16557E-05
15;1.23293E-05
15;1.16208E-05
15;1.05606E-05
15;1.13971E-05
15;1.1772E-05
15;1.16215E-05
15;0.000151932
15;3.92124E-06
15;-5.86255E-05
15;-3.22204E-05
15;-2.89096E-05
15;-2.7179E-05
15;-4.58089E-05
15;-5.66971E-05
15;-3.69343E-05
15;-4.11371E-05
15;-6.16255E-05
15;-0.000218303
15;-1.0034E-05
15;1.75534E-05
15;2.0901E-05
15;2.21159E-05
15;2.08425E-05
15;1.89285E-05
15;2.04517E-05
15;2.10856E-05
15;2.08215E-05
15;1.57592E-05
15;0.002635914
15;-0.000852934
15;0.000822312
15;0.000832654
15;0.000833703
15;0.000834532
15;0.000827443
15;0.000823106
15;0.00083109
15;0.000828913
15;0.000820974
15;0.000835219
15;-3.93998E-06
15;6.92308E-06
15;8.24932E-06
15;8.7245E-06
15;8.22374E-06
15;7.47629E-06
15;8.06308E-06
15;8.33705E-06
15;8.22927E-06
15;6.23444E-06
15;1.11506E-05
15;0.000157871
15;9.40349E-08
15;3.11874E-07
15;1.75858E-07
15;1.60501E-07
15;1.49026E-07
15;2.50023E-07
15;3.11418E-07
15;1.98598E-07
15;2.28462E-07
15;3.41279E-07
15;1.39499E-07
15;5.58864E-08
15;-2.51141E-07
15;-1.1693E-07
15;-1.23674E-07
15;-1.16572E-07
15;-1.05962E-07
15;-1.14307E-07
15;-1.18145E-07
15;-1.16624E-07
15;-8.83421E-08
15;-1.5807E-07
15;-6.26021E-08
15;6.29895E-09
15;4.94885E-07
15;1.02727E-06
15;-1.82847E-05
15;5.13471E-07
15;4.73632E-07
15;7.92668E-07
15;9.90662E-07
15;6.24536E-07
15;7.3102E-07
15;1.09038E-06
15;4.40868E-07
15;1.79092E-07
15;-3.15123E-07
15;-2.11626E-06
15;-3.97148E-07
15;-3.74375E-07
15;-3.40458E-07
15;-3.6697E-07
15;-3.7978E-07
15;-3.74823E-07
15;-2.84047E-07
15;-5.07546E-07
15;-2.01442E-07
15;2.85318E-09
15;2.37057E-07
15;-4.89856E-07
15;1.17192E-06
15;6.49228E-07
15;-1.38086E-05
15;5.45216E-07
15;9.23036E-07
15;1.13543E-06
15;7.54853E-07
15;8.14889E-07
15;1.22419E-06
15;5.20946E-07
15;1.98191E-07
15;-3.45385E-07
15;-4.10994E-07
15;-1.86691E-06
15;-4.09953E-07
15;-3.71969E-07
15;-4.02548E-07
15;-4.13976E-07
15;-4.08937E-07
15;-3.09256E-07
15;-5.56315E-07
15;-2.18479E-07
15;3.09893E-09
15;9.93145E-09
15;1.53636E-07
15;2.16041E-07
15;1.09568E-06
15;5.98567E-07
15;5.4385E-07
15;-1.68173E-06
15;8.51003E-07
15;1.0582E-06
15;6.7866E-07
15;7.74066E-07
15;1.15717E-06
15;4.75551E-07
15;1.8921E-07
15;-3.31937E-07
15;-3.95423E-07
15;-4.18275E-07
15;-6.33632E-07
15;-3.58274E-07
15;-3.8665E-07
15;-3.99371E-07
15;-3.94266E-07
15;-2.98591E-07
15;-5.34635E-07
15;-2.11508E-07
15;2.99707E-09
15;9.63655E-09
15;1.04914E-08
15;4.2003E-08
15;1.83804E-07
15;5.41796E-07
15;2.95018E-07
15;2.69866E-07
15;2.50158E-07
15;3.53089E-07
15;5.22875E-07
15;3.32492E-07
15;3.84154E-07
15;5.73638E-07
15;2.33838E-07
15;9.40075E-08
15;-1.65167E-07
15;-1.96805E-07
15;-2.08143E-07
15;-1.96196E-07
15;-2.45473E-07
15;-1.92366E-07
15;-1.98889E-07
15;-1.9632E-07
15;-1.48727E-07
15;-2.66025E-07
15;-1.05414E-07
15;1.49339E-09
15;4.80521E-09
15;5.21287E-09
15;5.04569E-09
15;5.81099E-09
15;7.20623E-08
15;5.86745E-07
15;3.21082E-07
15;2.90701E-07
15;2.71501E-07
15;4.56493E-07
15;-2.43544E-07
15;3.65179E-07
15;4.13728E-07
15;6.18853E-07
15;2.55405E-07
15;1.0107E-07
15;-1.7717E-07
15;-2.11028E-07
15;-2.23244E-07
15;-2.10408E-07
15;-1.91178E-07
15;-4.17962E-07
15;-2.13067E-07
15;-2.10359E-07
15;-1.59285E-07
15;-2.85361E-07
15;-1.12795E-07
15;1.59849E-09
15;5.1377E-09
15;5.60402E-09
15;5.40383E-09
15;2.69087E-09
15;1.30127E-08
15;5.20266E-07
15;9.3052E-07
15;5.04128E-07
15;4.65993E-07
15;4.28691E-07
15;7.16734E-07
15;8.97001E-07
15;-7.01997E-07
15;6.63473E-07
15;9.89036E-07
15;3.98117E-07
15;1.62643E-07
15;-2.86408E-07
15;-3.41395E-07
15;-3.60973E-07
15;-3.40286E-07
15;-3.09515E-07
15;-3.33507E-07
15;-5.41891E-07
15;-3.40796E-07
15;-2.58305E-07
15;-4.61294E-07
15;-1.83244E-07
15;2.59512E-09
15;8.35941E-09
15;9.01952E-09
15;8.76325E-09
15;4.37101E-09
15;4.67138E-09
15;2.4844E-08
15;4.84573E-07
15;8.56032E-07
15;4.63698E-07
15;4.28763E-07
15;3.94347E-07
15;6.59253E-07
15;8.25166E-07
15;5.1753E-07
15;-1.79067E-05
15;9.09975E-07
15;3.66146E-07
15;1.49658E-07
15;-2.6356E-07
15;-3.14165E-07
15;-3.32179E-07
15;-3.13143E-07
15;-2.84831E-07
15;-3.06901E-07
15;-3.17794E-07
15;-2.30423E-06
15;-2.37711E-07
15;-4.24496E-07
15;-1.68639E-07
15;2.38826E-09
15;7.69334E-09
15;8.29944E-09
15;8.06459E-09
15;4.02263E-09
15;4.29889E-09
15;7.00135E-09
15;2.34549E-07
15;2.46021E-07
15;1.98024E-07
15;1.05592E-07
15;1.00824E-07
15;9.06023E-08
15;1.50122E-07
15;1.90214E-07
15;1.14337E-07
15;1.43641E-07
15;8.00519E-06
15;8.24138E-08
15;3.53972E-08
15;-6.27611E-08
15;-7.48937E-08
15;-7.91282E-08
15;-7.46154E-08
15;-6.79761E-08
15;-7.3039E-08
15;-7.59635E-08
15;-7.49199E-08
15;-3.45138E-06
15;-1.01081E-07
15;-4.04498E-08
15;5.72287E-10
15;1.84946E-09
15;1.96347E-09
15;1.92933E-09
15;9.6471E-10
15;1.02711E-09
15;1.68527E-09
15;1.55119E-09
15;9.49991E-08
15;9.33712E-07
15;1.16816E-06
15;6.29367E-07
15;5.88434E-07
15;5.36871E-07
15;8.94786E-07
15;1.12468E-06
15;6.95284E-07
15;8.37988E-07
15;1.24687E-06
15;-2.91429E-06
15;2.05807E-07
15;-3.63306E-07
15;-4.3323E-07
15;-4.57949E-07
15;-4.3175E-07
15;-3.92932E-07
15;-4.22962E-07
15;-4.3865E-07
15;-4.32796E-07
15;-3.28207E-07
15;8.54839E-07
15;-2.33056E-07
15;3.29939E-09
15;1.06404E-08
15;1.14142E-08
15;1.11348E-08
15;5.55887E-09
15;5.93279E-09
15;9.68779E-09
15;8.91637E-09
15;2.15463E-09
15;4.60889E-08
15;1.93575E-05
15;-1.9054E-05
15;-1.90762E-05
15;-1.90721E-05
15;-1.90778E-05
15;-1.90679E-05
15;-1.90567E-05
15;-1.90802E-05
15;-1.90618E-05
15;-1.90469E-05
15;-1.90821E-05
15;8.73773E-09
15;-1.61393E-08
15;-1.93838E-08
15;-2.03894E-08
15;-1.92596E-08
15;-1.77078E-08
15;-1.87177E-08
15;-1.99713E-08
15;-1.96272E-08
15;-1.5021E-08
15;-2.59881E-08
15;-4.23429E-06
15;1.52591E-10
15;5.0209E-10
15;4.85397E-10
15;5.09686E-10
15;2.5841E-10
15;2.69323E-10
15;4.60769E-10
15;4.24378E-10
15;1.0927E-10
15;6.01697E-10
15;1.33372E-07
15;-0.000625918
15;3.22156E-05
15;2.55035E-05
15;8.25023E-06
15;1.7828E-05
15;3.62644E-05
15;3.42741E-05
15;4.53628E-05
15;1.13252E-05
15;2.21934E-05
15;2.47748E-05
15;1.89378E-06
15;-1.29827E-06
15;-1.15269E-06
15;-1.50554E-06
15;-1.31473E-06
15;-6.82174E-07
15;-1.71673E-06
15;-1.80199E-07
15;-3.99739E-07
15;8.84901E-08
15;-2.10799E-06
15;5.74442E-07
15;-5.43142E-09
15;-4.6088E-08
15;1.02754E-07
15;-3.22453E-09
15;-1.29341E-08
15;4.70042E-09
15;-5.23524E-08
15;-4.90388E-08
15;-3.10732E-08
15;-1.07056E-07
15;-3.74181E-08
15;9.30475E-05
16;0.022676127
16;-0.004845548
16;0.00496926
16;-0.004682091
16;0.00416737
16;0.010531403
16;-0.004642343
16;0.004165872
16;0.004161504
16;0.006009472
16;-7.4694E-05
16;0.000103423
16;2.15622E-06
16;1.99598E-06
16;1.68815E-05
16;-7.17728E-05
16;2.70505E-06
16;0.000841467
16;1.91792E-06
16;2.89332E-07
16;0.000133994
16;-6.55959E-05
16;2.47225E-06
16;1.89358E-06
16;0.000293008
16;2.64431E-07
16;2.5409E-07
16;6.19633E-05
16;0.000404225
16;-0.000468787
16;-0.000469379
16;-0.000469523
16;2.70455E-07
16;2.59877E-07
16;2.37512E-07
16;7.16506E-05
16;6.45016E-05
16;-0.00019112
16;-1.86199E-06
16;-1.72362E-06
16;-2.99468E-05
16;-2.49851E-07
16;-2.28348E-07
16;-2.33549E-07
16;5.80275E-05
16;6.82813E-05
16;-2.57345E-06
16;-0.001503995
16;-1.82462E-06
16;-2.75257E-07
16;-0.000231341
16;-2.41729E-07
16;-2.47235E-07
16;2.37696E-07
16;0.000431228
16;3.3335E-05
16;-1.25636E-06
16;-9.62292E-07
16;-0.000618176
16;-1.34381E-07
16;-1.29125E-07
16;-0.000132759
16;-1.207E-07
16;1.16044E-07
16;1.22844E-07
16;0.000300287
16;-0.000865521
16;0.000864077
16;0.000864064
16;0.00086406
16;6.049E-09
16;5.81243E-09
16;5.3122E-09
16;-0.000129852
16;-5.22358E-09
16;-5.52967E-09
16;-2.69959E-09
16;0.000269871
16;1.61786E-08
16;1.96338E-06
16;-4.67032E-10
16;-4.32325E-10
16;3.26676E-07
16;-6.26686E-11
16;-5.72752E-11
16;-5.85798E-11
16;-7.25251E-07
16;5.962E-11
16;2.91065E-11
16;-1.3102E-12
16;1.20603E-08
16;-5.87997E-08
16;2.2161E-09
16;1.3687E-05
16;1.57125E-09
16;2.37034E-10
16;2.15808E-06
16;2.08162E-10
16;2.12904E-10
16;-2.04689E-10
16;-4.62482E-06
16;-1.05785E-10
16;4.76181E-12
16;-5.1341E-14
16;6.6241E-08
16;6.84035E-07
16;-2.57806E-08
16;-1.97463E-08
16;1.04147E-05
16;-2.75749E-09
16;-2.64965E-09
16;2.70709E-06
16;-2.47678E-09
16;2.38122E-09
16;2.52075E-09
16;-6.26299E-06
16;-5.53957E-11
16;5.97266E-13
16;-2.17072E-12
16;1.52402E-07
16;8.3343E-06
16;-7.25037E-06
16;-7.24043E-06
16;-7.23802E-06
16;-4.54069E-09
16;-4.36311E-09
16;-3.98761E-09
16;1.25643E-06
16;3.92109E-09
16;4.15085E-09
16;2.02645E-09
16;-3.14838E-06
16;9.83502E-13
16;-3.57446E-12
16;4.15828E-11
16;5.10854E-08
16;-0.002927011
16;0.000110316
16;8.4495E-05
16;7.82159E-05
16;1.17994E-05
16;1.13379E-05
16;1.03622E-05
16;1.05982E-05
16;-1.01893E-05
16;-1.07864E-05
16;-5.26593E-06
16;2.3704E-07
16;-2.55573E-09
16;9.28858E-09
16;-1.08057E-07
16;-1.77934E-07
16;0.00046238
17;0.008587046
17;-0.006643239
17;0.007663826
17;-0.006594305
17;0.006595705
17;0.008765049
17;-0.006659779
17;0.006597267
17;0.006595694
17;0.010457229
17;-0.006603533
17;0.006595926
17;0.006595734
17;0.00659599
17;0.007491853
17;-0.006681283
17;0.00659778
17;0.006595678
17;0.006598491
17;0.006596074
17;0.006758563
17;-0.006598298
17;0.006595801
17;0.006595738
17;0.006595822
17;0.00659575
17;0.00659585
17;0.007484006
17;-0.006705705
17;0.006598363
17;0.00659566
17;0.006599276
17;0.00659617
17;0.006600464
17;0.006595881
17;0.006992005
17;-0.006581948
17;0.006595411
17;0.00659575
17;0.006595296
17;0.006595686
17;0.006595147
17;0.006595722
17;0.006594978
17;0.010455355
17;-0.006644059
17;0.006596892
17;0.006595705
17;0.006597294
17;0.006595929
17;0.006597815
17;0.006595802
17;0.006598408
17;0.006595405
17;0.015788131
17;-0.006653848
17;0.006597126
17;0.006595698
17;0.006597608
17;0.006595967
17;0.006598236
17;0.006595814
17;0.006598949
17;0.006595337
17;0.00659715
17;0.008346823
17;-5.86265E-06
17;0.000279626
17;-4.22282E-09
17;1.8854E-07
17;2.29458E-08
17;2.51849E-07
17;7.53133E-09
17;3.23752E-07
17;-4.06047E-08
17;1.42259E-07
17;1.71077E-07
17;0.000171401
17;-7.93846E-06
17;1.89358E-07
17;0.000610859
17;2.55297E-07
17;3.10703E-08
17;3.41022E-07
17;1.0198E-08
17;4.38385E-07
17;-5.49818E-08
17;1.9263E-07
17;2.31652E-07
17;2.33718E-08
17;0.000312256
17;-7.31243E-06
17;1.74425E-07
17;-5.26708E-09
17;0.000934916
17;2.86201E-08
17;3.14129E-07
17;9.39376E-09
17;4.03813E-07
17;-5.06459E-08
17;1.77439E-07
17;2.13383E-07
17;2.15287E-08
17;2.91514E-08
17;0.000414488
17;2.68189E-06
17;-6.39716E-08
17;1.93174E-09
17;-8.62483E-08
17;0.000241119
17;-1.15209E-07
17;-3.44524E-09
17;-1.48102E-07
17;1.85748E-08
17;-6.5077E-08
17;-7.826E-08
17;-7.89581E-09
17;-1.06915E-08
17;-9.84837E-09
17;0.00011622
17;-4.30534E-06
17;1.02696E-07
17;-3.1011E-09
17;1.38458E-07
17;1.68507E-08
17;4.31887E-05
17;5.53077E-09
17;2.37753E-07
17;-2.98188E-08
17;1.04471E-07
17;1.25634E-07
17;1.26754E-08
17;1.71635E-08
17;1.581E-08
17;-5.79843E-09
17;2.47091E-05
17;1.50631E-05
17;-3.59303E-07
17;1.08498E-08
17;-4.84423E-07
17;-5.89555E-08
17;-6.47084E-07
17;0.000217902
17;-8.31829E-07
17;1.04327E-07
17;-3.65512E-07
17;-4.39555E-07
17;-4.43476E-08
17;-6.005E-08
17;-5.53144E-08
17;2.0287E-08
17;-3.25675E-08
17;9.24566E-05
17;4.0375E-07
17;-9.63072E-09
17;2.90818E-10
17;-1.29844E-08
17;-1.58024E-09
17;-1.73444E-08
17;-5.18669E-10
17;9.91243E-05
17;2.79637E-09
17;-9.79713E-09
17;-1.17818E-08
17;-1.18869E-09
17;-1.60957E-09
17;-1.48264E-09
17;5.4377E-10
17;-8.72935E-10
17;3.05414E-09
17;4.13199E-05
17;2.17552E-06
17;-5.1893E-08
17;1.56701E-09
17;-6.99636E-08
17;-8.51476E-09
17;-9.34563E-08
17;-2.79474E-09
17;-1.20138E-07
17;0.001128113
17;-5.27897E-08
17;-6.34836E-08
17;-6.40499E-09
17;-8.67283E-09
17;-7.98888E-09
17;2.92999E-09
17;-4.70362E-09
17;1.64566E-08
17;4.411E-10
17;0.002236451
17;7.29939E-06
17;-1.74114E-07
17;5.25769E-09
17;-2.34745E-07
17;-2.85691E-08
17;-3.13569E-07
17;-9.37702E-09
17;-4.03094E-07
17;5.05556E-08
17;0.00217471
17;-2.13003E-07
17;-2.14903E-08
17;-2.90995E-08
17;-2.68047E-08
17;9.83082E-09
17;-1.57818E-08
17;5.52158E-08
17;1.48E-09
17;7.97465E-09
17;0.000977623
17;-9.28656E-06
17;2.21514E-07
17;-6.68903E-09
17;2.98651E-07
17;3.63467E-08
17;3.98934E-07
17;1.19298E-08
17;5.1283E-07
17;-6.43187E-08
17;2.25342E-07
17;0.000408749
17;2.73408E-08
17;3.70214E-08
17;3.41019E-08
17;-1.25071E-08
17;2.00782E-08
17;-7.02476E-08
17;-1.88291E-09
17;-1.01456E-08
17;-3.40411E-08
17;0.000114976
17;0.001965701
17;-0.001960468
17;-0.001960337
17;-0.001960513
17;-0.001960362
17;-0.001960571
17;-0.001960347
17;-0.001960637
17;-0.001960303
17;-0.001960471
17;-0.001960497
17;-1.57819E-08
17;-2.13698E-08
17;-1.96846E-08
17;7.21948E-09
17;-1.15897E-08
17;4.05489E-08
17;1.08687E-09
17;5.85636E-09
17;1.96495E-08
17;-2.49988E-08
17;0.001727386
17;8.08492E-07
17;-0.000376108
17;5.8235E-10
17;-2.60007E-08
17;-3.16436E-09
17;-3.47313E-08
17;-1.03861E-09
17;-4.46472E-08
17;5.59961E-09
17;-1.96183E-08
17;-2.35925E-08
17;-0.000196691
17;-3.2231E-09
17;-2.96892E-09
17;1.08888E-09
17;-1.74801E-09
17;6.11579E-09
17;1.63927E-10
17;8.83284E-10
17;2.96363E-09
17;-3.77044E-09
17;2.17641E-09
17;0.000234924
17;9.63165E-07
17;-2.29746E-08
17;-0.001011378
17;-3.09749E-08
17;-3.76973E-09
17;-4.13758E-08
17;-1.23731E-09
17;-5.31887E-08
17;6.67088E-09
17;-2.33715E-08
17;-2.8106E-08
17;-2.83567E-09
17;-0.000425011
17;-3.53691E-09
17;1.29719E-09
17;-2.08243E-09
17;7.2858E-09
17;1.95288E-10
17;1.05227E-09
17;3.53061E-09
17;-4.49177E-09
17;2.59278E-09
17;3.91055E-10
17;0.000670921
17;6.72069E-06
17;-1.6031E-07
17;4.84086E-09
17;-0.001524014
17;-2.63041E-08
17;-2.88709E-07
17;-8.6336E-09
17;-3.71136E-07
17;4.65475E-08
17;-1.6308E-07
17;-1.96116E-07
17;-1.97865E-08
17;-2.67924E-08
17;-0.000557159
17;9.05142E-09
17;-1.45306E-08
17;5.08383E-08
17;1.36266E-09
17;7.34241E-09
17;2.46356E-08
17;-3.13423E-08
17;1.80917E-08
17;2.72867E-09
17;3.2507E-09
17;0.000849886
17;-1.02447E-05
17;2.44368E-07
17;-7.37915E-09
17;3.29464E-07
17;-0.000376962
17;4.40092E-07
17;1.31606E-08
17;5.6574E-07
17;-7.09545E-08
17;2.4859E-07
17;2.98949E-07
17;3.01615E-08
17;4.0841E-08
17;3.76202E-08
17;-0.000152793
17;2.21497E-08
17;-7.74951E-08
17;-2.07717E-09
17;-1.11924E-08
17;-3.75532E-08
17;4.77765E-08
17;-2.7578E-08
17;-4.15944E-09
17;-4.95519E-09
17;-3.45759E-08
17;0.000225791
17;9.3497E-07
17;-2.2302E-08
17;6.73451E-10
17;-3.00682E-08
17;-3.65938E-09
17;-6.25754E-05
17;-1.20109E-09
17;-5.16318E-08
17;6.4756E-09
17;-2.26874E-08
17;-2.72833E-08
17;-2.75267E-09
17;-3.72732E-09
17;-3.43338E-09
17;1.25922E-09
17;-2.99795E-05
17;7.07253E-09
17;1.89571E-10
17;1.02146E-09
17;3.42726E-09
17;-4.36028E-09
17;2.51688E-09
17;3.79608E-10
17;4.52231E-10
17;3.15554E-09
17;-4.81014E-09
17;3.89697E-05
17;-2.20863E-05
17;5.2683E-07
17;-1.59086E-08
17;7.10287E-07
17;8.64438E-08
17;9.4879E-07
17;-0.000314128
17;1.21967E-06
17;-1.5297E-07
17;5.35933E-07
17;6.445E-07
17;6.50249E-08
17;8.80485E-08
17;8.11049E-08
17;-2.97459E-08
17;4.77522E-08
17;-0.00011612
17;-4.47815E-09
17;-2.41295E-08
17;-8.09604E-08
17;1.03001E-07
17;-5.9455E-08
17;-8.96729E-09
17;-1.06828E-08
17;-7.45418E-08
17;1.13628E-07
17;-1.03701E-08
17;0.000155832
17;-2.83047E-06
17;6.75158E-08
17;-2.03876E-09
17;9.10266E-08
17;1.10782E-08
17;1.21592E-07
17;3.63611E-09
17;-0.000160683
17;-1.96038E-08
17;6.86824E-08
17;8.25957E-08
17;8.33325E-09
17;1.12838E-08
17;1.0394E-08
17;-3.81208E-09
17;6.11967E-09
17;-2.14109E-08
17;-5.69963E-05
17;-3.09231E-09
17;-1.03755E-08
17;1.32E-08
17;-7.61945E-09
17;-1.1492E-09
17;-1.36906E-09
17;-9.55289E-09
17;1.45619E-08
17;-1.32898E-09
17;3.13939E-08
17;8.92671E-05
17;-5.80793E-06
17;1.38538E-07
17;-4.1834E-09
17;1.8678E-07
17;2.27316E-08
17;2.49498E-07
17;7.46104E-09
17;3.2073E-07
17;-0.001595215
17;1.40931E-07
17;1.69481E-07
17;1.70992E-08
17;2.31536E-08
17;2.13277E-08
17;-7.82211E-09
17;1.25571E-08
17;-4.39337E-08
17;-1.17759E-09
17;-0.002372977
17;-2.12897E-08
17;2.70856E-08
17;-1.56346E-08
17;-2.35808E-09
17;-2.80921E-09
17;-1.96019E-08
17;2.988E-08
17;-2.72697E-09
17;6.4418E-08
17;8.25547E-09
17;0.002590439
17;-1.26559E-05
17;3.01885E-07
17;-9.11597E-09
17;4.07009E-07
17;4.95341E-08
17;5.43677E-07
17;1.62582E-08
17;6.98898E-07
17;-8.76551E-08
17;-0.002875624
17;3.69312E-07
17;3.72606E-08
17;5.04537E-08
17;4.64749E-08
17;-1.7045E-08
17;2.7363E-08
17;-9.57351E-08
17;-2.56607E-09
17;-1.38267E-08
17;-0.001143528
17;5.90217E-08
17;-3.4069E-08
17;-5.13845E-09
17;-6.12149E-09
17;-4.2714E-08
17;6.5111E-08
17;-5.9423E-09
17;1.40372E-07
17;1.79893E-08
17;3.69129E-08
17;0.001382151
17;1.96568E-06
17;-4.68879E-08
17;1.41587E-09
17;-6.32155E-08
17;-7.69349E-09
17;-8.44423E-08
17;-2.52518E-09
17;-1.08551E-07
17;1.36143E-08
17;-4.7698E-08
17;-0.000656594
17;-5.78722E-09
17;-7.83632E-09
17;-7.21834E-09
17;2.64738E-09
17;-4.24994E-09
17;1.48693E-08
17;3.98555E-10
17;2.14753E-09
17;7.20548E-09
17;-0.000172863
17;5.2915E-09
17;7.98089E-10
17;9.50772E-10
17;6.63422E-09
17;-1.01129E-08
17;9.22941E-10
17;-2.18022E-08
17;-2.79405E-09
17;-5.7332E-09
17;-1.24931E-08
17;0.000337129
17;-0.002574675
17;0.00256474
17;0.00256449
17;0.002564825
17;0.002564537
17;0.002564935
17;0.00256451
17;0.002565059
17;0.002564427
17;0.002564744
17;0.002564794
17;2.99651E-08
17;4.05749E-08
17;3.73752E-08
17;-1.37076E-08
17;2.20054E-08
17;-7.69903E-08
17;-2.06364E-09
17;-1.11195E-08
17;-3.73085E-08
17;4.74653E-08
17;-0.001906963
17;-4.13235E-09
17;-4.92291E-09
17;-3.43507E-08
17;5.23624E-08
17;-4.77881E-09
17;1.12887E-07
17;1.44671E-08
17;2.96854E-08
17;6.46869E-08
17;-1.0047E-08
17;0.002164004
17;-3.82389E-08
17;1.55459E-05
17;-2.75432E-11
17;1.22975E-09
17;1.49663E-10
17;1.64268E-09
17;4.91229E-11
17;2.11166E-09
17;-2.64843E-10
17;9.27881E-10
17;1.11585E-09
17;1.20819E-05
17;1.52442E-10
17;1.4042E-10
17;-5.15002E-11
17;8.26752E-11
17;-2.89256E-10
17;-7.75318E-12
17;-4.17763E-11
17;-1.4017E-10
17;1.78329E-10
17;-1.02937E-10
17;-1.34892E-05
17;-1.84956E-11
17;-1.29057E-10
17;1.96728E-10
17;-1.79542E-11
17;4.24123E-10
17;5.43534E-11
17;1.11529E-10
17;2.43031E-10
17;-3.77469E-11
17;1.95446E-10
17;8.94306E-07
17;-3.47383E-07
17;8.28619E-09
17;3.56497E-05
17;1.11717E-08
17;1.35962E-09
17;1.4923E-08
17;4.46259E-10
17;1.91835E-08
17;-2.40597E-09
17;8.42937E-09
17;1.0137E-08
17;1.02274E-09
17;2.20982E-05
17;1.27565E-09
17;-4.67855E-10
17;7.51066E-10
17;-2.62776E-09
17;-7.04341E-11
17;-3.79519E-10
17;-1.27338E-09
17;1.62004E-09
17;-9.35133E-10
17;-1.41041E-10
17;-2.86789E-05
17;-1.17242E-09
17;1.78718E-09
17;-1.63105E-10
17;3.85296E-09
17;4.93775E-10
17;1.01319E-09
17;2.20783E-09
17;-3.42913E-10
17;1.77554E-09
17;6.67077E-12
17;1.67722E-06
17;4.57464E-08
17;-1.0912E-09
17;3.29507E-11
17;5.00545E-05
17;-1.79047E-10
17;-1.96518E-09
17;-5.87672E-11
17;-2.52625E-09
17;3.16839E-10
17;-1.11005E-09
17;-1.33492E-09
17;-1.34683E-10
17;-1.82371E-10
17;2.75266E-05
17;6.16112E-11
17;-9.89068E-11
17;3.46046E-10
17;9.27536E-12
17;4.99783E-11
17;1.67689E-10
17;-2.1334E-10
17;1.23146E-10
17;1.85735E-11
17;2.21268E-11
17;-3.51674E-05
17;-2.35351E-10
17;2.14791E-11
17;-5.07391E-10
17;-6.50245E-11
17;-1.33426E-10
17;-2.90746E-10
17;4.51578E-11
17;-2.33818E-10
17;-8.78464E-13
17;-7.98045E-12
17;1.94021E-06
17;8.30843E-07
17;-1.98183E-08
17;5.98449E-10
17;-2.67195E-08
17;1.38333E-05
17;-3.56915E-08
17;-1.06733E-09
17;-4.58816E-08
17;5.75442E-09
17;-2.01607E-08
17;-2.42448E-08
17;-2.4461E-09
17;-3.3122E-09
17;-3.051E-09
17;8.1702E-06
17;-1.79634E-09
17;6.28486E-09
17;1.68459E-10
17;9.07703E-10
17;3.04556E-09
17;-3.87468E-09
17;2.23658E-09
17;3.37331E-10
17;4.01866E-10
17;2.80411E-09
17;-1.02714E-05
17;3.90103E-10
17;-9.2152E-09
17;-1.18097E-09
17;-2.42327E-09
17;-5.28051E-09
17;8.20153E-10
17;-4.24659E-09
17;-1.59546E-11
17;-1.4494E-10
17;1.9087E-11
17;6.1773E-07
17;2.14966E-07
17;-5.12762E-09
17;1.54838E-10
17;-6.9132E-09
17;-8.41354E-10
17;2.43958E-06
17;-2.76151E-10
17;-1.1871E-08
17;1.48885E-09
17;-5.21622E-09
17;-6.2729E-09
17;-6.32885E-10
17;-8.56973E-10
17;-7.89392E-10
17;2.89516E-10
17;1.76256E-06
17;1.62609E-09
17;4.35856E-11
17;2.34852E-10
17;7.87985E-10
17;-1.0025E-09
17;5.78674E-10
17;8.72784E-11
17;1.03976E-10
17;7.25513E-10
17;-1.10593E-09
17;-2.06346E-06
17;-2.38427E-09
17;-3.05555E-10
17;-6.26978E-10
17;-1.36624E-09
17;2.122E-10
17;-1.09873E-09
17;-4.12797E-12
17;-3.75007E-11
17;4.93842E-12
17;8.96913E-11
17;1.34039E-07
17;1.32436E-06
17;-3.15902E-08
17;9.53924E-10
17;-4.25908E-08
17;-5.18341E-09
17;-5.68921E-08
17;1.18005E-05
17;-7.31349E-08
17;9.17251E-09
17;-3.2136E-08
17;-3.8646E-08
17;-3.89907E-09
17;-5.27963E-09
17;-4.86328E-09
17;1.78365E-09
17;-2.86335E-09
17;6.12892E-06
17;2.68522E-10
17;1.44687E-09
17;4.85461E-09
17;-6.17621E-09
17;3.56509E-09
17;5.37704E-10
17;6.40572E-10
17;4.46973E-09
17;-6.81342E-09
17;6.21821E-10
17;-7.41226E-06
17;-1.88246E-09
17;-3.86268E-09
17;-8.4171E-09
17;1.30732E-09
17;-6.76904E-09
17;-2.54316E-11
17;-2.31034E-10
17;3.04245E-11
17;5.52569E-10
17;1.42967E-10
17;4.31926E-07
17;7.47344E-07
17;-1.78265E-08
17;5.38305E-10
17;-2.40342E-08
17;-2.92503E-09
17;-3.21045E-08
17;-9.6006E-10
17;5.42572E-06
17;5.1761E-09
17;-1.81346E-08
17;-2.18082E-08
17;-2.20027E-09
17;-2.97933E-09
17;-2.74438E-09
17;1.00652E-09
17;-1.61581E-09
17;5.65323E-09
17;2.73103E-06
17;8.16479E-10
17;2.73949E-09
17;-3.48527E-09
17;2.0118E-09
17;3.0343E-10
17;3.61479E-10
17;2.5223E-09
17;-3.84486E-09
17;3.50897E-10
17;-8.28908E-09
17;-3.59631E-06
17;-2.17973E-09
17;-4.74982E-09
17;7.37728E-10
17;-3.81981E-09
17;-1.43512E-11
17;-1.30374E-10
17;1.71688E-11
17;3.11818E-10
17;8.06773E-11
17;4.97036E-10
17;1.91852E-07
17;3.72537E-07
17;-8.88619E-09
17;2.68335E-10
17;-1.19806E-08
17;-1.45807E-09
17;-1.60035E-08
17;-4.78572E-10
17;-2.05726E-08
17;6.47398E-05
17;-9.03973E-09
17;-1.0871E-08
17;-1.09679E-09
17;-1.48514E-09
17;-1.36802E-09
17;5.01732E-10
17;-8.0545E-10
17;2.81803E-09
17;7.55342E-11
17;0.000169746
17;1.36558E-09
17;-1.73734E-09
17;1.00285E-09
17;1.51254E-10
17;1.8019E-10
17;1.25732E-09
17;-1.91659E-09
17;1.74916E-10
17;-4.13195E-09
17;-5.29529E-10
17;-0.000177581
17;-2.3677E-09
17;3.67743E-10
17;-1.9041E-09
17;-7.1538E-12
17;-6.4989E-11
17;8.5583E-12
17;1.55435E-10
17;4.02161E-11
17;2.47763E-10
17;1.39814E-10
17;1.31881E-05
17;1.57399E-06
17;-3.75447E-08
17;1.13373E-09
17;-5.06188E-08
17;-6.16044E-09
17;-6.76158E-08
17;-2.022E-09
17;-8.69203E-08
17;1.09015E-08
17;0.000116137
17;-4.59305E-08
17;-4.63402E-09
17;-6.27481E-09
17;-5.77997E-09
17;2.11985E-09
17;-3.40307E-09
17;1.19064E-08
17;3.19136E-10
17;1.7196E-09
17;6.71239E-05
17;-7.34038E-09
17;4.23708E-09
17;6.39057E-10
17;7.61315E-10
17;5.31224E-09
17;-8.0977E-09
17;7.3903E-10
17;-1.74577E-08
17;-2.23729E-09
17;-4.59077E-09
17;-7.59892E-05
17;1.55374E-09
17;-8.04495E-09
17;-3.02252E-11
17;-2.74582E-10
17;3.61593E-11
17;6.56724E-10
17;1.69916E-10
17;1.04681E-09
17;5.90724E-10
17;2.94465E-10
17;4.99499E-06
17;2.32272E-07
17;-5.54043E-09
17;1.67304E-10
17;-7.46976E-09
17;-9.09089E-10
17;-9.97799E-09
17;-2.98384E-10
17;-1.28267E-08
17;1.60872E-09
17;-5.63616E-09
17;2.17964E-05
17;-6.83837E-10
17;-9.25966E-10
17;-8.52943E-10
17;3.12824E-10
17;-5.02188E-10
17;1.75701E-09
17;4.70946E-11
17;2.53759E-10
17;8.51423E-10
17;6.78455E-06
17;6.25261E-10
17;9.43049E-11
17;1.12346E-10
17;7.83922E-10
17;-1.19497E-09
17;1.09058E-10
17;-2.57622E-09
17;-3.30155E-10
17;-6.77454E-10
17;-1.47623E-09
17;-9.87704E-06
17;-1.18718E-09
17;-4.4603E-12
17;-4.05198E-11
17;5.33599E-12
17;9.6912E-11
17;2.50742E-11
17;1.54477E-10
17;8.71724E-11
17;4.34538E-11
17;1.83595E-10
17;4.23752E-07
17;0.000126214
17;-0.000125729
17;-0.000125717
17;-0.000125733
17;-0.000125719
17;-0.000125739
17;-0.000125718
17;-0.000125745
17;-0.000125714
17;-0.00012573
17;-0.000125732
17;-1.46096E-09
17;-1.97824E-09
17;-1.82224E-09
17;6.6832E-10
17;-1.07288E-09
17;3.75369E-09
17;1.00613E-10
17;5.42133E-10
17;1.81899E-09
17;-2.31419E-09
17;0.000156655
17;2.01474E-10
17;2.40018E-10
17;1.67478E-09
17;-2.55294E-09
17;2.32992E-10
17;-5.50386E-09
17;-7.05346E-10
17;-1.44732E-09
17;-3.15383E-09
17;4.89843E-10
17;-0.000168171
17;-9.52904E-12
17;-8.65669E-11
17;1.13999E-11
17;2.07044E-10
17;5.35689E-11
17;3.30027E-10
17;1.86236E-10
17;9.28352E-11
17;3.92234E-10
17;5.78816E-11
17;1.60314E-05
17;1.08221E-07
17;-1.383E-05
17;7.79506E-11
17;-3.48033E-09
17;-4.23566E-10
17;-4.64897E-09
17;-1.39024E-10
17;-5.97627E-09
17;7.49538E-10
17;-2.62602E-09
17;-3.15798E-09
17;-1.16322E-05
17;-4.31429E-10
17;-3.97406E-10
17;1.45752E-10
17;-2.33981E-10
17;8.1863E-10
17;2.19425E-11
17;1.18232E-10
17;3.96698E-10
17;-5.04693E-10
17;2.91324E-10
17;1.27623E-05
17;5.23448E-11
17;3.65247E-10
17;-5.56764E-10
17;5.08125E-11
17;-1.20032E-09
17;-1.53827E-10
17;-3.15642E-10
17;-6.87809E-10
17;1.06828E-10
17;-5.53137E-10
17;-8.69284E-07
17;-1.88791E-11
17;2.48616E-12
17;4.51536E-11
17;1.16827E-11
17;7.19745E-11
17;4.06156E-11
17;2.02461E-11
17;8.55411E-11
17;1.26232E-11
17;2.69684E-11
17;8.51296E-07
17;4.90523E-07
17;-1.17005E-08
17;-2.21871E-05
17;-1.5775E-08
17;-1.91986E-09
17;-2.1072E-08
17;-6.30141E-10
17;-2.70881E-08
17;3.39736E-09
17;-1.19027E-08
17;-1.43139E-08
17;-1.44416E-09
17;-1.83078E-05
17;-1.80129E-09
17;6.60636E-10
17;-1.06054E-09
17;3.71053E-09
17;9.94566E-11
17;5.359E-10
17;1.79808E-09
17;-2.28758E-09
17;1.32046E-09
17;1.99158E-10
17;1.91319E-05
17;1.65552E-09
17;-2.52359E-09
17;2.30313E-10
17;-5.44058E-09
17;-6.97236E-10
17;-1.43068E-09
17;-3.11757E-09
17;4.84212E-10
17;-2.50715E-09
17;-9.41948E-12
17;-1.456E-06
17;1.12688E-11
17;2.04663E-10
17;5.2953E-11
17;3.26232E-10
17;1.84095E-10
17;9.17678E-11
17;3.87725E-10
17;5.72161E-11
17;1.22237E-10
17;2.66583E-11
17;1.55489E-06
17;-1.19658E-07
17;2.85422E-09
17;-8.61885E-11
17;-3.17361E-05
17;4.68329E-10
17;5.14028E-09
17;1.53716E-10
17;6.60785E-09
17;-8.2875E-10
17;2.90354E-09
17;3.49172E-09
17;3.52287E-10
17;4.77023E-10
17;-2.30906E-05
17;-1.61155E-10
17;2.58708E-10
17;-9.05144E-10
17;-2.42614E-11
17;-1.30727E-10
17;-4.38621E-10
17;5.5803E-10
17;-3.22111E-10
17;-4.85823E-11
17;-5.78767E-11
17;2.49191E-05
17;6.15603E-10
17;-5.61825E-11
17;1.32717E-09
17;1.70083E-10
17;3.48999E-10
17;7.60497E-10
17;-1.18118E-10
17;6.11593E-10
17;2.29778E-12
17;2.08743E-11
17;-1.70266E-06
17;-4.99254E-11
17;-1.29173E-11
17;-7.95808E-11
17;-4.49079E-11
17;-2.23858E-11
17;-9.45812E-11
17;-1.39572E-11
17;-2.98184E-11
17;-6.503E-12
17;-2.94756E-11
17;1.7271E-06
17;-6.89401E-07
17;1.64444E-08
17;-4.9657E-10
17;2.21708E-08
17;-1.00636E-05
17;2.96154E-08
17;8.85626E-10
17;3.80707E-08
17;-4.77479E-09
17;1.67286E-08
17;2.01174E-08
17;2.02968E-09
17;2.74834E-09
17;2.5316E-09
17;-7.15546E-06
17;1.49053E-09
17;-5.21493E-09
17;-1.3978E-10
17;-7.53177E-10
17;-2.52709E-09
17;3.21506E-09
17;-1.85582E-09
17;-2.79904E-10
17;-3.33453E-10
17;-2.32674E-09
17;8.00316E-06
17;-3.23692E-10
17;7.64642E-09
17;9.79925E-10
17;2.01074E-09
17;4.38156E-09
17;-6.80531E-10
17;3.52366E-09
17;1.32385E-11
17;1.20266E-10
17;-1.58376E-11
17;-5.59454E-07
17;-7.44223E-11
17;-4.585E-10
17;-2.58735E-10
17;-1.28974E-10
17;-5.44924E-10
17;-8.04139E-11
17;-1.71797E-10
17;-3.74667E-11
17;-1.69822E-10
17;4.14262E-11
17;5.53897E-07
17;-1.76553E-07
17;4.21135E-09
17;-1.2717E-10
17;5.67786E-09
17;6.9101E-10
17;-1.96532E-06
17;2.26805E-10
17;9.74976E-09
17;-1.22281E-09
17;4.28412E-09
17;5.15197E-09
17;5.19793E-10
17;7.03838E-10
17;6.48333E-10
17;-2.37781E-10
17;-1.63405E-06
17;-1.33552E-09
17;-3.57972E-11
17;-1.92885E-10
17;-6.47178E-10
17;8.23363E-10
17;-4.75269E-10
17;-7.16824E-11
17;-8.5396E-11
17;-5.95869E-10
17;9.08311E-10
17;1.8259E-06
17;1.95822E-09
17;2.50955E-10
17;5.14941E-10
17;1.1221E-09
17;-1.74281E-10
17;9.02394E-10
17;3.39033E-12
17;3.07996E-11
17;-4.05596E-12
17;-7.36641E-11
17;-1.26712E-07
17;-1.1742E-10
17;-6.62609E-11
17;-3.30298E-11
17;-1.39553E-10
17;-2.05937E-11
17;-4.39965E-11
17;-9.59506E-12
17;-4.34907E-11
17;1.06091E-11
17;6.11236E-11
17;1.23077E-07
17;-1.22195E-06
17;2.91474E-08
17;-8.80162E-10
17;3.92974E-08
17;4.7826E-09
17;5.24928E-08
17;-9.7435E-06
17;6.74797E-08
17;-8.46324E-09
17;2.96511E-08
17;3.56577E-08
17;3.59757E-09
17;4.87138E-09
17;4.48722E-09
17;-1.64572E-09
17;2.64194E-09
17;-5.62346E-06
17;-2.47758E-10
17;-1.33499E-09
17;-4.47922E-09
17;5.69863E-09
17;-3.28942E-09
17;-4.96126E-10
17;-5.9104E-10
17;-4.12411E-09
17;6.28657E-09
17;-5.73738E-10
17;6.49066E-06
17;1.7369E-09
17;3.564E-09
17;7.76624E-09
17;-1.20623E-09
17;6.24562E-09
17;2.34651E-11
17;2.13169E-10
17;-2.80719E-11
17;-5.09841E-10
17;-1.31912E-10
17;-4.04524E-07
17;-4.58602E-10
17;-2.28605E-10
17;-9.65869E-10
17;-1.42532E-10
17;-3.04507E-10
17;-6.6409E-11
17;-3.01006E-10
17;7.34272E-11
17;4.23047E-10
17;1.0834E-10
17;3.89826E-07
17;-7.15022E-07
17;1.70556E-08
17;-5.15024E-10
17;2.29948E-08
17;2.79852E-09
17;3.07161E-08
17;9.18539E-10
17;-3.50462E-06
17;-4.95224E-09
17;1.73503E-08
17;2.0865E-08
17;2.10511E-09
17;2.85048E-09
17;2.62569E-09
17;-9.62991E-10
17;1.54593E-09
17;-5.40874E-09
17;-2.24243E-06
17;-7.81167E-10
17;-2.62101E-09
17;3.33454E-09
17;-1.92479E-09
17;-2.90307E-10
17;-3.45845E-10
17;-2.41321E-09
17;3.67857E-09
17;-3.35722E-10
17;7.93059E-09
17;2.47443E-06
17;2.08546E-09
17;4.5444E-09
17;-7.05822E-10
17;3.65461E-09
17;1.37305E-11
17;1.24735E-10
17;-1.64262E-11
17;-2.98332E-10
17;-7.71881E-11
17;-4.7554E-10
17;-1.64898E-07
17;-1.33767E-10
17;-5.65176E-10
17;-8.34023E-11
17;-1.78182E-10
17;-3.88591E-11
17;-1.76133E-10
17;4.29657E-11
17;2.47545E-10
17;6.33952E-11
17;4.38769E-10
17;1.65777E-07
17;-3.18144E-07
17;7.58875E-09
17;-2.29156E-10
17;1.02314E-08
17;1.24518E-09
17;1.36669E-08
17;4.08697E-10
17;1.75688E-08
17;-5.46587E-05
17;7.71988E-09
17;9.28373E-09
17;9.36655E-10
17;1.2683E-09
17;1.16828E-09
17;-4.28476E-10
17;6.87849E-10
17;-2.40658E-09
17;-6.45057E-11
17;-0.0001668
17;-1.1662E-09
17;1.48368E-09
17;-8.56423E-10
17;-1.2917E-10
17;-1.53881E-10
17;-1.07374E-09
17;1.63675E-09
17;-1.49377E-10
17;3.52866E-09
17;4.52215E-10
17;0.000172626
17;2.022E-09
17;-3.14051E-10
17;1.62609E-09
17;6.1093E-12
17;5.55002E-11
17;-7.30874E-12
17;-1.32741E-10
17;-3.43443E-11
17;-2.11588E-10
17;-1.194E-10
17;-1.3019E-05
17;-2.51471E-10
17;-3.71093E-11
17;-7.92806E-11
17;-1.72901E-11
17;-7.83691E-11
17;1.91173E-11
17;1.10143E-10
17;2.82072E-11
17;1.95227E-10
17;1.14237E-10
17;1.29079E-05
17;-1.50393E-06
17;3.58734E-08
17;-1.08327E-09
17;4.83656E-08
17;5.88622E-09
17;6.4606E-08
17;1.93199E-09
17;8.30512E-08
17;-1.04162E-08
17;-0.000104761
17;4.38859E-08
17;4.42774E-09
17;5.99549E-09
17;5.52268E-09
17;-2.02549E-09
17;3.25159E-09
17;-1.13764E-08
17;-3.04931E-10
17;-1.64305E-09
17;-6.44314E-05
17;7.01364E-09
17;-4.04847E-09
17;-6.1061E-10
17;-7.27427E-10
17;-5.07578E-09
17;7.73724E-09
17;-7.06133E-10
17;1.66806E-08
17;2.1377E-09
17;4.38641E-09
17;7.19166E-05
17;-1.48458E-09
17;7.68684E-09
17;2.88798E-11
17;2.6236E-10
17;-3.45498E-11
17;-6.27491E-10
17;-1.62352E-10
17;-1.00022E-09
17;-5.64428E-10
17;-2.81357E-10
17;-4.85111E-06
17;-1.75423E-10
17;-3.74774E-10
17;-8.17334E-11
17;-3.70466E-10
17;9.03711E-11
17;5.20668E-10
17;1.33341E-10
17;9.22874E-10
17;5.40018E-10
17;2.40277E-10
17;4.73658E-06
17;-1.5075E-07
17;3.59586E-09
17;-1.08584E-10
17;4.84804E-09
17;5.9002E-10
17;6.47594E-09
17;1.93658E-10
17;8.32484E-09
17;-1.04409E-09
17;3.658E-09
17;-1.89628E-05
17;4.43826E-10
17;6.00973E-10
17;5.5358E-10
17;-2.0303E-10
17;3.25931E-10
17;-1.14034E-09
17;-3.05655E-11
17;-1.64695E-10
17;-5.52593E-10
17;-6.12273E-06
17;-4.05809E-10
17;-6.1206E-11
17;-7.29154E-11
17;-5.08783E-10
17;7.75562E-10
17;-7.0781E-11
17;1.67202E-09
17;2.14278E-10
17;4.39683E-10
17;9.58105E-10
17;7.7213E-06
17;7.7051E-10
17;2.89484E-12
17;2.62983E-11
17;-3.46318E-12
17;-6.28981E-11
17;-1.62738E-11
17;-1.00259E-10
17;-5.65769E-11
17;-2.82025E-11
17;-1.19157E-10
17;-3.88397E-07
17;-3.75664E-11
17;-8.19275E-12
17;-3.71345E-11
17;9.05857E-12
17;5.21904E-11
17;1.33658E-11
17;9.25066E-11
17;5.413E-11
17;2.40848E-11
17;1.13853E-10
17;3.97025E-07
17;-0.000115377
17;0.000114974
17;0.000114964
17;0.000114978
17;0.000114966
17;0.000114982
17;0.000114965
17;0.000114987
17;0.000114962
17;0.000114974
17;0.000114976
17;1.21463E-09
17;1.6447E-09
17;1.51499E-09
17;-5.55636E-10
17;8.91984E-10
17;-3.12079E-09
17;-8.36492E-11
17;-4.50726E-10
17;-1.51229E-09
17;1.924E-09
17;-0.000153459
17;-1.67504E-10
17;-1.99549E-10
17;-1.3924E-09
17;2.1225E-09
17;-1.93708E-10
17;4.57587E-09
17;5.86419E-10
17;1.20329E-09
17;2.62207E-09
17;-4.07252E-10
17;0.000163374
17;7.92237E-12
17;7.19711E-11
17;-9.47777E-12
17;-1.72135E-10
17;-4.45368E-11
17;-2.74382E-10
17;-1.54835E-10
17;-7.71825E-11
17;-3.26101E-10
17;-4.81223E-11
17;-1.58264E-05
17;-2.24213E-11
17;-1.01627E-10
17;2.47908E-11
17;1.42831E-10
17;3.65784E-11
17;2.53165E-10
17;1.48139E-10
17;6.59133E-11
17;3.11585E-10
17;3.12325E-11
17;1.56593E-05
17;-0.0003021
17;7.20604E-06
17;-2.176E-07
17;9.71539E-06
17;1.18239E-06
17;1.29777E-05
17;3.88086E-07
17;1.66828E-05
17;-2.09234E-06
17;7.33056E-06
17;8.81555E-06
17;8.89418E-07
17;1.20434E-06
17;1.10936E-06
17;-4.06868E-07
17;6.5316E-07
17;-2.28522E-06
17;-6.12526E-08
17;-3.30046E-07
17;-1.10739E-06
17;1.40886E-06
17;-8.13233E-07
17;-1.22656E-07
17;-1.46121E-07
17;-1.01959E-06
17;1.55421E-06
17;-1.41844E-07
17;3.35071E-06
17;4.29409E-07
17;8.81117E-07
17;1.92003E-06
17;-2.98213E-07
17;1.54409E-06
17;5.8012E-09
17;5.27013E-08
17;-6.94015E-09
17;-1.26047E-07
17;-3.26123E-08
17;-2.00918E-07
17;-1.13379E-07
17;-5.65173E-08
17;-2.38789E-07
17;-3.52378E-08
17;-7.52825E-08
17;-1.64181E-08
17;-7.44169E-08
17;1.81532E-08
17;1.04589E-07
17;2.67847E-08
17;1.85381E-07
17;1.08476E-07
17;4.82654E-08
17;2.2816E-07
17;2.28701E-08
17;6.25893E-08
17;4.58314E-05
18;0.029149892
18;-0.027141907
18;0.028522597
18;-0.027098866
18;0.027171595
18;0.03023292
18;-0.027082329
18;0.027165421
18;0.027186863
18;0.028307991
18;-0.027080326
18;0.027178126
18;0.027202093
18;0.027194944
18;0.027564268
18;-0.02716773
18;0.027164747
18;0.027183583
18;0.027176685
18;0.027190587
18;0.027646775
18;-0.02711842
18;0.027161786
18;0.027181476
18;0.02717501
18;0.027188856
18;0.027172996
18;0.027959189
18;-0.027204122
18;0.027192781
18;0.027216006
18;0.027207378
18;0.027224632
18;0.027207648
18;0.027202935
18;0.028083578
18;-0.02705658
18;0.027094171
18;0.027102525
18;0.027100089
18;0.02710568
18;0.027098422
18;0.027097919
18;0.027110103
18;0.03186089
18;-0.027082987
18;0.027186949
18;0.027212552
18;0.027204907
18;0.027222208
18;0.027200274
18;0.02719841
18;0.027236671
18;0.027109498
18;0.033213219
18;-0.027183236
18;0.027248328
18;0.027282943
18;0.027271398
18;0.027295903
18;0.027268329
18;0.02726365
18;0.027321554
18;0.027134742
18;0.027312837
18;0.027903442
18;-2.87462E-06
18;5.1205E-05
18;6.10636E-05
18;5.82531E-05
18;6.47923E-05
18;5.61177E-05
18;5.56373E-05
18;6.96909E-05
18;2.23572E-05
18;6.92485E-05
18;9.85344E-05
18;2.6125E-05
18;2.6343E-06
18;-0.000190822
18;-7.24E-05
18;-6.9073E-05
18;-7.68289E-05
18;-6.65091E-05
18;-6.59575E-05
18;-8.25927E-05
18;-2.6512E-05
18;-8.21127E-05
18;-0.000116807
18;-3.09817E-05
18;6.39326E-05
18;-5.75679E-06
18;-7.67883E-05
18;-0.00075332
18;-8.77048E-05
18;-9.75771E-05
18;-8.40738E-05
18;-8.35862E-05
18;-0.00010437
18;-3.36891E-05
18;-0.000104285
18;-0.000147974
18;-3.93888E-05
18;4.6715E-05
18;0.000627175
18;-4.57127E-06
18;-7.3039E-05
18;-8.73527E-05
18;-0.000302905
18;-9.27757E-05
18;-7.99761E-05
18;-7.94914E-05
18;-9.92869E-05
18;-3.20297E-05
18;-9.91541E-05
18;-0.00014073
18;-3.74466E-05
18;4.44113E-05
18;5.65002E-05
18;0.000184393
18;-1.18225E-05
18;-7.86468E-05
18;-9.42593E-05
18;-9.00318E-05
18;-0.000178506
18;-8.60604E-05
18;-8.5698E-05
18;-0.000106814
18;-3.45997E-05
18;-0.000107067
18;-0.000151678
18;-4.04663E-05
18;4.79952E-05
18;6.10896E-05
18;5.80704E-05
18;0.000131629
18;-7.96479E-06
18;-6.7144E-05
18;-8.04114E-05
18;-7.67905E-05
18;-8.5442E-05
18;-0.000144007
18;-7.3132E-05
18;-9.12211E-05
18;-2.9505E-05
18;-9.13152E-05
18;-0.000129449
18;-3.45031E-05
18;4.09217E-05
18;5.20772E-05
18;4.95043E-05
18;5.35349E-05
18;7.01165E-05
18;-1.36126E-07
18;-6.37232E-05
18;-7.60995E-05
18;-7.26223E-05
18;-8.07844E-05
18;-6.98067E-05
18;-0.000161146
18;-8.66767E-05
18;-2.78825E-05
18;-8.63395E-05
18;-0.0001227
18;-3.25896E-05
18;3.86495E-05
18;4.91535E-05
18;4.67282E-05
18;5.05087E-05
18;4.30619E-05
18;6.76626E-05
18;8.518E-07
18;-7.5558E-05
18;-9.02035E-05
18;-8.60749E-05
18;-9.57464E-05
18;-8.27796E-05
18;-8.21491E-05
18;-0.000253409
18;-3.30446E-05
18;-0.000102331
18;-0.000145467
18;-3.8621E-05
18;4.58021E-05
18;5.82455E-05
18;5.53721E-05
18;5.98485E-05
18;5.10257E-05
18;4.81839E-05
18;0.000140829
18;-1.15905E-05
18;-5.50132E-05
18;-6.60303E-05
18;-6.30914E-05
18;-7.0213E-05
18;-6.0172E-05
18;-5.99953E-05
18;-7.46699E-05
18;-0.000511065
18;-7.50379E-05
18;-0.000106167
18;-2.83757E-05
18;3.36563E-05
18;4.28529E-05
18;4.07336E-05
18;4.40667E-05
18;3.75581E-05
18;3.54234E-05
18;4.19721E-05
18;0.000117638
18;7.83575E-06
18;-6.04987E-05
18;-7.2018E-05
18;-6.8673E-05
18;-7.637E-05
18;-6.63392E-05
18;-6.56689E-05
18;-8.24015E-05
18;-2.63437E-05
18;-0.000482675
18;-0.000116326
18;-3.07736E-05
18;3.64928E-05
18;4.63761E-05
18;4.40913E-05
18;4.76323E-05
18;4.06176E-05
18;3.83807E-05
18;4.54859E-05
18;3.33936E-05
18;0.000103145
18;2.5669E-06
18;-0.000118207
18;-0.000141083
18;-0.000134617
18;-0.00014974
18;-0.000129515
18;-0.0001285
18;-0.000160825
18;-5.16769E-05
18;-0.000160037
18;-0.000392888
18;-6.03948E-05
18;7.16239E-05
18;9.10772E-05
18;8.65846E-05
18;9.35803E-05
18;7.97861E-05
18;7.53468E-05
18;8.92893E-05
18;6.56265E-05
18;7.11326E-05
18;0.001317825
18;-0.002453253
18;0.002396548
18;0.002386509
18;0.002389251
18;0.002382703
18;0.002391743
18;0.002392017
18;0.002378321
18;0.00242504
18;0.002378258
18;0.002349391
18;-2.6113E-05
18;3.09707E-05
18;3.94128E-05
18;3.74657E-05
18;4.05156E-05
18;3.45364E-05
18;3.25902E-05
18;3.86175E-05
18;2.8424E-05
18;3.07409E-05
18;6.03841E-05
18;0.000319719
18;8.0216E-07
18;-6.44158E-06
18;4.24167E-06
18;4.05327E-06
18;4.51095E-06
18;3.86334E-06
18;3.85334E-06
18;4.79396E-06
18;1.55846E-06
18;4.82092E-06
18;6.81848E-06
18;1.8233E-06
18;-1.2142E-06
18;-2.75382E-06
18;-2.6176E-06
18;-2.83197E-06
18;-2.41364E-06
18;-2.27625E-06
18;-2.69704E-06
18;-1.98741E-06
18;-2.1456E-06
18;-4.21698E-06
18;-1.82664E-06
18;2.39315E-07
18;2.72036E-06
18;3.57398E-06
18;-2.4269E-05
18;4.16661E-06
18;4.64216E-06
18;3.89314E-06
18;3.92717E-06
18;4.82367E-06
18;1.60741E-06
18;4.96061E-06
18;6.93805E-06
18;1.88471E-06
18;-2.23616E-06
18;3.37239E-06
18;-2.71359E-06
18;-2.94202E-06
18;-2.50553E-06
18;-2.35627E-06
18;-2.79094E-06
18;-2.0676E-06
18;-2.21386E-06
18;-4.36269E-06
18;-1.89605E-06
18;1.32935E-07
18;6.20967E-07
18;-2.1306E-07
18;3.49009E-06
18;4.16154E-06
18;-4.43492E-06
18;4.41548E-06
18;3.82507E-06
18;3.79193E-06
18;4.7503E-06
18;1.52357E-06
18;4.71916E-06
18;6.71566E-06
18;1.78029E-06
18;-2.11125E-06
18;-2.68408E-06
18;-9.15538E-07
18;-2.75746E-06
18;-2.35113E-06
18;-2.2208E-06
18;-2.63181E-06
18;-1.93355E-06
18;-2.09711E-06
18;-4.11559E-06
18;-1.7794E-06
18;1.24241E-07
18;1.2841E-07
18;2.19708E-07
18;7.89873E-08
18;3.54797E-06
18;4.23913E-06
18;4.04591E-06
18;1.37214E-06
18;3.88611E-06
18;3.85925E-06
18;4.82498E-06
18;1.55359E-06
18;4.81031E-06
18;6.83317E-06
18;1.81602E-06
18;-2.15373E-06
18;-2.73936E-06
18;-2.60417E-06
18;-2.12116E-06
18;-2.39997E-06
18;-2.26589E-06
18;-2.68511E-06
18;-1.97443E-06
18;-2.13856E-06
18;-4.19875E-06
18;-1.81635E-06
18;1.26876E-07
18;1.314E-07
18;1.23751E-07
18;1.72518E-07
18;4.98373E-07
18;3.50988E-06
18;4.20579E-06
18;4.01696E-06
18;4.46975E-06
18;2.57509E-07
18;3.82412E-06
18;4.76734E-06
18;1.54366E-06
18;4.77697E-06
18;6.76852E-06
18;1.80533E-06
18;-2.14121E-06
18;-2.72526E-06
18;-2.59059E-06
18;-2.80178E-06
18;-1.85071E-06
18;-2.2533E-06
18;-2.66998E-06
18;-1.96575E-06
18;-2.12509E-06
18;-4.17486E-06
18;-1.80741E-06
18;1.2633E-07
18;1.31212E-07
18;1.23019E-07
18;1.25586E-07
18;1.71101E-07
18;2.22564E-07
18;3.44494E-06
18;4.12026E-06
18;3.93346E-06
18;4.37612E-06
18;3.77208E-06
18;-1.76493E-06
18;4.68285E-06
18;1.51082E-06
18;4.67698E-06
18;6.63777E-06
18;1.76634E-06
18;-2.09487E-06
18;-2.66513E-06
18;-2.53354E-06
18;-2.73922E-06
18;-2.33514E-06
18;-1.56196E-06
18;-2.61189E-06
18;-1.92144E-06
18;-2.07976E-06
18;-4.08418E-06
18;-1.76727E-06
18;1.23475E-07
18;1.28009E-07
18;1.20365E-07
18;1.22839E-07
18;1.22199E-07
18;1.75091E-07
18;5.34979E-07
18;3.28337E-06
18;3.93637E-06
18;3.76011E-06
18;4.18412E-06
18;3.59254E-06
18;3.57837E-06
18;-1.62574E-06
18;1.44515E-06
18;4.47169E-06
18;6.33315E-06
18;1.69027E-06
18;-2.00476E-06
18;-2.5519E-06
18;-2.42576E-06
18;-2.62374E-06
18;-2.23637E-06
18;-2.10981E-06
18;-1.40539E-06
18;-1.84094E-06
18;-1.98951E-06
18;-3.90891E-06
18;-1.6925E-06
18;1.18311E-07
18;1.22945E-07
18;1.15178E-07
18;1.17591E-07
18;1.17043E-07
18;1.14425E-07
18;1.69352E-07
18;3.70369E-06
18;4.68698E-06
18;5.70433E-06
18;5.46885E-06
18;6.09339E-06
18;5.10442E-06
18;5.1522E-06
18;6.32394E-06
18;-5.23533E-05
18;6.51136E-06
18;9.10149E-06
18;2.47449E-06
18;-2.93597E-06
18;-3.74992E-06
18;-3.56331E-06
18;-3.86369E-06
18;-3.29033E-06
18;-3.09386E-06
18;-3.66452E-06
18;2.8178E-06
18;-2.90637E-06
18;-5.72817E-06
18;-2.48994E-06
18;1.74597E-07
18;1.84059E-07
18;1.68592E-07
18;1.72537E-07
18;1.72317E-07
18;1.68093E-07
18;1.61464E-07
18;1.59146E-06
18;-4.49582E-07
18;3.31663E-06
18;3.94755E-06
18;3.76406E-06
18;4.18589E-06
18;3.63698E-06
18;3.59976E-06
18;4.51765E-06
18;1.44388E-06
18;-3.86673E-05
18;6.37677E-06
18;1.68663E-06
18;-2.00009E-06
18;-2.54168E-06
18;-2.41647E-06
18;-2.61047E-06
18;-2.22605E-06
18;-2.10353E-06
18;-2.49295E-06
18;-1.83009E-06
18;9.06376E-07
18;-3.89859E-06
18;-1.68476E-06
18;1.17586E-07
18;1.21309E-07
18;1.14938E-07
18;1.17207E-07
18;1.16465E-07
18;1.13983E-07
18;1.09034E-07
18;1.59254E-07
18;5.39025E-07
18;7.42831E-07
18;2.87451E-06
18;3.45414E-06
18;3.30133E-06
18;3.67435E-06
18;3.14294E-06
18;3.13689E-06
18;3.89969E-06
18;1.2696E-06
18;3.9268E-06
18;2.05269E-06
18;1.48554E-06
18;-1.76204E-06
18;-2.24412E-06
18;-2.13308E-06
18;-2.30806E-06
18;-1.96703E-06
18;-1.85475E-06
18;-2.19757E-06
18;-1.61988E-06
18;-1.74795E-06
18;-2.2173E-06
18;-1.48864E-06
18;1.04111E-07
18;1.08434E-07
18;1.01225E-07
18;1.03385E-07
18;1.02957E-07
18;1.00619E-07
18;9.6425E-08
18;1.42423E-07
18;9.57929E-08
18;1.16479E-07
18;4.1504E-05
18;-4.14031E-05
18;-4.1401E-05
18;-4.14001E-05
18;-4.14E-05
18;-4.14044E-05
18;-4.14019E-05
18;-4.14063E-05
18;-4.13988E-05
18;-4.14002E-05
18;-4.14052E-05
18;-1.44407E-10
18;1.32335E-10
18;-2.89194E-10
18;-2.29639E-10
18;-5.93905E-10
18;-4.00113E-10
18;-6.8383E-12
18;4.27903E-11
18;-5.8225E-10
18;3.93631E-10
18;1.28949E-10
18;-5.76881E-06
18;4.02967E-11
18;1.36658E-10
18;-1.07031E-11
18;3.96795E-12
18;2.50359E-11
18;1.11805E-11
18;2.68748E-11
18;1.86056E-10
18;-2.25849E-11
18;3.73163E-11
18;1.35963E-07
18;-8.24327E-07
18;8.99977E-06
18;-4.03343E-06
18;-3.8547E-06
18;-4.29012E-06
18;-3.67154E-06
18;-3.66346E-06
18;-4.55572E-06
18;-1.48228E-06
18;-4.5849E-06
18;-6.48213E-06
18;-1.73431E-06
18;4.45931E-07
18;2.61971E-06
18;2.4901E-06
18;2.69424E-06
18;2.29619E-06
18;2.16527E-06
18;2.56551E-06
18;1.89084E-06
18;2.04076E-06
18;4.01129E-06
18;1.73775E-06
18;-2.5048E-07
18;-1.26532E-07
18;-1.18177E-07
18;-1.20692E-07
18;-1.20184E-07
18;-1.17461E-07
18;-1.12558E-07
18;-1.66192E-07
18;-1.1184E-07
18;-9.90563E-08
18;-4.14103E-11
18;2.81765E-07
18;-2.41063E-06
18;-2.59709E-06
18;5.06799E-05
18;-3.04269E-06
18;-3.39109E-06
18;-2.82549E-06
18;-2.86025E-06
18;-3.49916E-06
18;-1.17502E-06
18;-3.6236E-06
18;-5.05064E-06
18;-1.37865E-06
18;1.63589E-06
18;-3.13612E-05
18;1.98672E-06
18;2.15533E-06
18;1.83513E-06
18;1.72434E-06
18;2.04223E-06
18;1.51538E-06
18;1.61853E-06
18;3.19209E-06
18;1.3887E-06
18;-9.74417E-08
18;-8.21557E-07
18;-9.39275E-08
18;-9.6174E-08
18;-9.61206E-08
18;-9.37212E-08
18;-9.00778E-08
18;-1.35435E-07
18;-8.86837E-08
18;-7.95002E-08
18;-1.21098E-10
18;9.27609E-08
18;2.45255E-06
18;2.37211E-07
18;-2.68564E-06
18;-3.2002E-06
18;1.33319E-05
18;-3.39473E-06
18;-2.94401E-06
18;-2.91681E-06
18;-3.6564E-06
18;-1.17122E-06
18;-3.62823E-06
18;-5.16621E-06
18;-1.36841E-06
18;1.62277E-06
18;2.06274E-06
18;-5.85247E-06
18;2.11893E-06
18;1.80677E-06
18;1.70687E-06
18;2.0228E-06
18;1.48569E-06
18;1.61208E-06
18;3.16327E-06
18;1.36742E-06
18;-9.54617E-08
18;-9.8599E-08
18;-2.51117E-07
18;-9.51104E-08
18;-9.45334E-08
18;-9.25028E-08
18;-8.85056E-08
18;-1.29448E-07
18;-8.83557E-08
18;-7.77744E-08
18;1.19163E-11
18;9.08002E-08
18;7.2107E-08
18;6.23287E-07
18;2.82441E-07
18;-2.41996E-06
18;-2.88163E-06
18;-2.748E-06
18;3.2626E-06
18;-2.65333E-06
18;-2.62723E-06
18;-3.29564E-06
18;-1.05425E-06
18;-3.26631E-06
18;-4.65371E-06
18;-1.2316E-06
18;1.4605E-06
18;1.85618E-06
18;1.76472E-06
18;-2.70094E-06
18;1.62574E-06
18;1.5361E-06
18;1.82045E-06
18;1.33667E-06
18;1.45106E-06
18;2.84688E-06
18;1.23042E-06
18;-8.58846E-08
18;-8.8645E-08
18;-8.39288E-08
18;-1.60099E-07
18;-8.50592E-08
18;-8.32408E-08
18;-7.96332E-08
18;-1.16376E-07
18;-7.95306E-08
18;-6.99688E-08
18;1.41885E-11
18;8.16888E-08
18;6.48137E-08
18;6.45163E-08
18;4.35967E-07
18;-3.03923E-07
18;-3.04897E-06
18;-3.64976E-06
18;-3.48502E-06
18;-3.8775E-06
18;2.26262E-06
18;-3.32001E-06
18;-4.1431E-06
18;-1.33888E-06
18;-4.14405E-06
18;-5.87702E-06
18;-1.56556E-06
18;1.85677E-06
18;2.36269E-06
18;2.24598E-06
18;2.42866E-06
18;6.00127E-07
18;1.9538E-06
18;2.31516E-06
18;1.70377E-06
18;1.84312E-06
18;3.62012E-06
18;1.56682E-06
18;-1.0949E-07
18;-1.13606E-07
18;-1.06681E-07
18;-1.08889E-07
18;-1.6983E-07
18;-1.05944E-07
18;-1.01454E-07
18;-1.49187E-07
18;-1.01013E-07
18;-8.92276E-08
18;-1.52677E-11
18;1.0416E-07
18;8.31976E-08
18;8.19831E-08
18;7.37709E-08
18;2.14304E-07
18;-1.91333E-07
18;-3.17684E-06
18;-3.7992E-06
18;-3.62686E-06
18;-4.03498E-06
18;-3.47863E-06
18;4.01356E-06
18;-4.3186E-06
18;-1.39302E-06
18;-4.31239E-06
18;-6.1209E-06
18;-1.62859E-06
18;1.93148E-06
18;2.45721E-06
18;2.33589E-06
18;2.52548E-06
18;2.15295E-06
18;6.36926E-07
18;2.40817E-06
18;1.77149E-06
18;1.91759E-06
18;3.76563E-06
18;1.62939E-06
18;-1.13838E-07
18;-1.18006E-07
18;-1.10978E-07
18;-1.13257E-07
18;-1.12665E-07
18;-1.79449E-07
18;-1.05496E-07
18;-1.54957E-07
18;-1.05095E-07
18;-9.27662E-08
18;-9.61165E-12
18;1.08293E-07
18;8.6395E-08
18;8.52891E-08
18;7.67498E-08
18;9.76782E-08
18;2.10107E-07
18;-6.00571E-07
18;-2.4308E-06
18;-2.92017E-06
18;-2.79079E-06
18;-3.10605E-06
18;-2.65803E-06
18;-2.65227E-06
18;8.02272E-06
18;-1.07318E-06
18;-3.31946E-06
18;-4.6929E-06
18;-1.25566E-06
18;1.48936E-06
18;1.89671E-06
18;1.80287E-06
18;1.95068E-06
18;1.66248E-06
18;1.56768E-06
18;-3.21245E-06
18;1.36901E-06
18;1.47752E-06
18;2.90422E-06
18;1.25816E-06
18;-8.79869E-08
18;-9.16158E-08
18;-8.55611E-08
18;-8.73823E-08
18;-8.70159E-08
18;-8.50434E-08
18;-1.79291E-07
18;-1.20332E-07
18;-8.09726E-08
18;-7.17192E-08
18;-3.01698E-11
18;8.37143E-08
18;6.71643E-08
18;6.574E-08
18;5.91432E-08
18;7.54136E-08
18;7.8406E-08
18;4.20701E-07
18;-3.49463E-06
18;-4.61614E-06
18;-5.61368E-06
18;-5.38092E-06
18;-5.99501E-06
18;-5.02851E-06
18;-5.07203E-06
18;-6.23049E-06
18;6.11557E-05
18;-6.40628E-06
18;-8.96075E-06
18;-2.43388E-06
18;2.88774E-06
18;3.68766E-06
18;3.50422E-06
18;3.79913E-06
18;3.2355E-06
18;3.04282E-06
18;3.60414E-06
18;-4.83146E-06
18;2.85898E-06
18;5.63387E-06
18;2.44846E-06
18;-1.71661E-07
18;-1.80832E-07
18;-1.65827E-07
18;-1.69686E-07
18;-1.69439E-07
18;-1.65305E-07
18;-1.58763E-07
18;-1.68687E-06
18;-1.56659E-07
18;-1.40022E-07
18;-1.75553E-10
18;1.63393E-07
18;1.33031E-07
18;1.2733E-07
18;1.14476E-07
18;1.46705E-07
18;1.52388E-07
18;1.18305E-07
18;1.83969E-06
18;3.53942E-07
18;-3.19244E-06
18;-3.80203E-06
18;-3.62584E-06
18;-4.03239E-06
18;-3.50015E-06
18;-3.46616E-06
18;-4.3474E-06
18;-1.39108E-06
18;4.41337E-05
18;-6.13963E-06
18;-1.62513E-06
18;1.92718E-06
18;2.44938E-06
18;2.32868E-06
18;2.51589E-06
18;2.14532E-06
18;2.02696E-06
18;2.40218E-06
18;1.76391E-06
18;-2.1699E-06
18;3.75658E-06
18;1.62366E-06
18;-1.13336E-07
18;-1.16996E-07
18;-1.10747E-07
18;-1.12944E-07
18;-1.12245E-07
18;-1.09843E-07
18;-1.05085E-07
18;-1.53597E-07
18;-5.73301E-07
18;-9.23342E-08
18;1.77803E-11
18;1.078E-07
18;8.55466E-08
18;8.51306E-08
18;7.66251E-08
18;9.73473E-08
18;1.01277E-07
18;7.80479E-08
18;1.51088E-07
18;6.32992E-07
18;-9.30786E-07
18;1.23351E-06
18;1.44604E-06
18;1.3736E-06
18;1.52548E-06
18;1.35886E-06
18;1.32736E-06
18;1.6908E-06
18;5.24734E-07
18;1.63064E-06
18;1.59682E-05
18;6.11277E-07
18;-7.24597E-07
18;-9.17475E-07
18;-8.72607E-07
18;-9.40144E-07
18;-8.02473E-07
18;-7.61007E-07
18;-9.02264E-07
18;-6.57888E-07
18;-7.21876E-07
18;-0.000110257
18;-6.07394E-07
18;4.22494E-08
18;4.28945E-08
18;4.16627E-08
18;4.23769E-08
18;4.19548E-08
18;4.11578E-08
18;3.92527E-08
18;5.62632E-08
18;3.95727E-08
18;-7.17848E-08
18;-4.67582E-11
18;-4.01622E-08
18;-3.1204E-08
18;-3.20539E-08
18;-2.88776E-08
18;-3.64353E-08
18;-3.79536E-08
18;-2.90762E-08
18;-5.54008E-08
18;-3.80972E-08
18;1.27975E-05
18;-0.000300469
18;1.31249E-05
18;6.96564E-06
18;4.59919E-06
18;4.31259E-06
18;1.68201E-05
18;9.7638E-06
18;2.20279E-05
18;9.14485E-07
18;4.69337E-06
18;1.9039E-05
18;4.11361E-07
18;-3.76971E-07
18;8.23802E-07
18;6.54152E-07
18;1.69181E-06
18;1.13977E-06
18;1.94797E-08
18;-1.21893E-07
18;1.65861E-06
18;-1.1213E-06
18;-3.67326E-07
18;8.419E-07
18;-1.1479E-07
18;-3.89286E-07
18;3.04891E-08
18;-1.13032E-08
18;-7.13176E-08
18;-3.1849E-08
18;-7.65559E-08
18;-5.30001E-07
18;6.43356E-08
18;-1.063E-07
18;-1.50941E-08
18;1.17962E-07
18;3.44963E-07
18;-3.39451E-08
18;-4.04176E-08
18;4.34917E-08
18;2.73799E-08
18;8.59423E-08
18;5.00084E-07
18;-5.06494E-08
18;1.33196E-07
18;4.29974E-05
